stage,dataset,method,seed,query_id,ndcg@10,mrr@10,recall@100,top1_doc_id,top1_score
formal_matrix,scifact,bm25,23,36,0.19342640361727081,0.125,1.0,42441846,29.626200426083912
formal_matrix,scifact,bm25,23,1200,0.0,0.0,0.0,15472716,28.00398755502863
formal_matrix,scifact,bm25,23,1029,0.9066276098484507,1.0,1.0,11899391,41.633458881203126
formal_matrix,scifact,bm25,23,411,1.0,1.0,1.0,14924526,33.21540197666224
formal_matrix,scifact,bm25,23,628,0.6309297535714575,0.5,1.0,5735492,24.738743962343946
formal_matrix,scifact,bm25,23,54,0.0,0.0,1.0,3973445,32.166496130510126
formal_matrix,scifact,bm25,23,847,1.0,1.0,1.0,16787954,43.39392178323937
formal_matrix,scifact,bm25,23,517,0.0,0.0,1.0,19658917,16.505209703275103
formal_matrix,scifact,bm25,23,128,0.5,0.3333333333333333,1.0,23513718,18.384724981580952
formal_matrix,scifact,bm25,23,1389,1.0,1.0,1.0,23895668,35.96640585162804
formal_matrix,scifact,bm25,23,298,1.0,1.0,1.0,39381118,35.6815342304859
formal_matrix,scifact,bm25,23,691,1.0,1.0,1.0,10991183,40.03368696276379
formal_matrix,scifact,bm25,23,1024,1.0,1.0,1.0,5373138,28.966237691537447
formal_matrix,scifact,bm25,23,212,0.43067655807339306,0.25,1.0,23017040,14.46331450368828
formal_matrix,scifact,bm25,23,702,0.5,0.3333333333333333,1.0,16557565,27.000026893380344
formal_matrix,scifact,bm25,23,1086,1.0,1.0,1.0,39281140,61.9886143932837
formal_matrix,scifact,bm25,23,1245,0.2890648263178879,0.1,1.0,11748341,14.019304929000452
formal_matrix,scifact,bm25,23,1202,1.0,1.0,1.0,3475317,24.465235636802497
formal_matrix,scifact,bm25,23,793,1.0,1.0,1.0,8551160,12.99569710249707
formal_matrix,scifact,bm25,23,623,0.0,0.0,1.0,25599283,35.75935907761197
formal_matrix,scifact,bm25,23,1049,0.0,0.0,0.0,24737389,15.083354243220333
formal_matrix,scifact,bm25,23,821,0.0,0.0,1.0,5116145,15.487685797056454
formal_matrix,scifact,bm25,23,644,0.6309297535714575,0.5,1.0,24921368,22.15195643139723
formal_matrix,scifact,bm25,23,1150,1.0,1.0,1.0,11369420,37.68838407536104
formal_matrix,scifact,bm25,23,163,1.0,1.0,1.0,18872233,33.61835570697395
formal_matrix,scifact,bm25,23,1107,1.0,1.0,1.0,20532591,52.97141074704337
formal_matrix,scifact,bm25,23,53,1.0,1.0,1.0,45638119,28.026454302827467
formal_matrix,scifact,bm25,23,1352,1.0,1.0,1.0,12885341,46.23218061097102
formal_matrix,scifact,bm25,23,185,0.5,0.3333333333333333,1.0,21874312,16.321943721611007
formal_matrix,scifact,bm25,23,525,1.0,1.0,1.0,13639330,45.92030388172939
formal_matrix,scifact,bm25,23,94,1.0,1.0,1.0,1215116,15.247772497673878
formal_matrix,scifact,bm25,23,960,1.0,1.0,1.0,8780599,21.439106187253216
formal_matrix,scifact,bm25,23,338,1.0,1.0,1.0,23349986,32.92797170041314
formal_matrix,scifact,bm25,23,421,0.0,0.0,0.0,39728826,16.67385798788303
formal_matrix,scifact,bm25,23,967,0.9197207891481876,1.0,1.0,2119889,28.968648659692555
formal_matrix,scifact,bm25,23,742,1.0,1.0,1.0,32159283,30.535599727323685
formal_matrix,scifact,bm25,23,1362,0.5,0.3333333333333333,1.0,23513718,18.384724981580952
formal_matrix,scifact,bm25,23,759,1.0,1.0,1.0,1805641,47.806439820347435
formal_matrix,scifact,bm25,23,693,1.0,1.0,1.0,24088502,26.42257870822322
formal_matrix,scifact,bm25,23,1335,1.0,1.0,1.0,27910499,31.669228149339723
formal_matrix,scifact,bm25,23,137,1.0,1.0,1.0,26016929,40.93601436380857
formal_matrix,scifact,bm25,23,1363,1.0,1.0,1.0,8290953,17.458677501556455
formal_matrix,scifact,bm25,23,859,0.6309297535714575,0.5,1.0,22049489,17.756545601734853
formal_matrix,scifact,bm25,23,440,0.6309297535714575,0.5,1.0,18575183,26.4820542027158
formal_matrix,scifact,bm25,23,832,1.0,1.0,1.0,30303335,37.08778261800663
formal_matrix,scifact,bm25,23,141,1.0,1.0,1.0,14437255,55.19666126794537
formal_matrix,scifact,bm25,23,99,1.0,1.0,1.0,18810195,24.80721668798643
formal_matrix,scifact,bm25,23,127,0.6309297535714575,0.5,1.0,35231675,18.53599853587682
formal_matrix,scifact,bm25,23,1226,0.0,0.0,1.0,11951999,23.38174869566183
formal_matrix,scifact,bm25,23,637,0.3562071871080222,0.16666666666666666,1.0,73473433,29.966635961578255
formal_matrix,scifact,bm25,41,540,0.20438239758848611,0.14285714285714285,1.0,17150648,26.044574337133263
formal_matrix,scifact,bm25,41,48,0.6309297535714575,0.5,1.0,18617259,23.021381189136857
formal_matrix,scifact,bm25,41,219,1.0,1.0,1.0,21366394,31.728063896679853
formal_matrix,scifact,bm25,41,1337,1.0,1.0,1.0,20231138,41.26581357279493
formal_matrix,scifact,bm25,41,549,1.0,1.0,1.0,9433958,35.61404485775956
formal_matrix,scifact,bm25,41,975,0.0,0.0,0.0,4454788,34.54264921470291
formal_matrix,scifact,bm25,41,343,0.6509209298071326,0.5,1.0,19308127,46.241076764620054
formal_matrix,scifact,bm25,41,911,1.0,1.0,1.0,11254556,47.87399528439569
formal_matrix,scifact,bm25,41,314,0.5,0.3333333333333333,1.0,544971,40.464902646737485
formal_matrix,scifact,bm25,41,544,0.0,0.0,1.0,10559501,21.76822228656133
formal_matrix,scifact,bm25,41,1019,0.6309297535714575,0.5,1.0,1225513,31.44740341508781
formal_matrix,scifact,bm25,41,249,0.6309297535714575,0.5,1.0,25050364,28.887664981164818
formal_matrix,scifact,bm25,41,1041,0.44130740935663865,0.25,1.0,9451052,59.018882340047305
formal_matrix,scifact,bm25,41,674,1.0,1.0,1.0,2095573,26.72421393155438
formal_matrix,scifact,bm25,41,132,0.0,0.0,0.0,21181273,14.415999087553026
formal_matrix,scifact,bm25,41,1303,1.0,1.0,1.0,12631697,15.289610882404007
formal_matrix,scifact,bm25,41,437,0.0,0.0,0.0,39851630,26.24689136661122
formal_matrix,scifact,bm25,41,274,1.0,1.0,1.0,11614737,84.34058104245803
formal_matrix,scifact,bm25,41,99,1.0,1.0,1.0,18810195,24.80721668798643
formal_matrix,scifact,bm25,41,1163,1.0,1.0,1.0,15305881,41.19449034710512
formal_matrix,scifact,bm25,41,1272,0.5,0.3333333333333333,1.0,24760136,31.273327747885073
formal_matrix,scifact,bm25,41,1100,0.6309297535714575,0.5,1.0,21557614,17.52665804131665
formal_matrix,scifact,bm25,41,649,1.0,1.0,1.0,12789595,25.394332334260262
formal_matrix,scifact,bm25,41,338,1.0,1.0,1.0,23349986,32.92797170041314
formal_matrix,scifact,bm25,41,185,0.5,0.3333333333333333,1.0,21874312,16.321943721611007
formal_matrix,scifact,bm25,41,1191,0.0,0.0,0.0,36355784,16.27730282040677
formal_matrix,scifact,bm25,41,521,1.0,1.0,1.0,34873974,57.85876703187087
formal_matrix,scifact,bm25,41,743,1.0,1.0,1.0,32159283,25.487764379921202
formal_matrix,scifact,bm25,41,1278,0.0,0.0,0.0,11254040,19.582696988984058
formal_matrix,scifact,bm25,41,913,0.0,0.0,0.0,9956893,28.18847630647072
formal_matrix,scifact,bm25,41,1274,0.6653497124326151,0.5,1.0,7481159,64.34188729797691
formal_matrix,scifact,bm25,41,1226,0.0,0.0,1.0,11951999,23.38174869566183
formal_matrix,scifact,bm25,41,1298,1.0,1.0,1.0,11718220,116.80923475423869
formal_matrix,scifact,bm25,41,1363,1.0,1.0,1.0,8290953,17.458677501556455
formal_matrix,scifact,bm25,41,1146,1.0,1.0,1.0,13906581,50.53133386839438
formal_matrix,scifact,bm25,41,298,1.0,1.0,1.0,39381118,35.6815342304859
formal_matrix,scifact,bm25,41,436,1.0,1.0,1.0,14637235,36.91301791002988
formal_matrix,scifact,bm25,41,216,1.0,1.0,1.0,21366394,27.518359699155702
formal_matrix,scifact,bm25,41,1088,0.0,0.0,0.0,11915280,16.400921353226966
formal_matrix,scifact,bm25,41,137,1.0,1.0,1.0,26016929,40.93601436380857
formal_matrix,scifact,bm25,41,659,1.0,1.0,1.0,1215116,15.247772497673878
formal_matrix,scifact,bm25,41,1150,1.0,1.0,1.0,11369420,37.68838407536104
formal_matrix,scifact,bm25,41,388,0.5,0.3333333333333333,1.0,21602220,17.348913470712823
formal_matrix,scifact,bm25,41,57,1.0,1.0,1.0,4709641,55.95768914082333
formal_matrix,scifact,bm25,41,13,0.0,0.0,1.0,1263446,21.90095772656132
formal_matrix,scifact,bm25,41,1245,0.2890648263178879,0.1,1.0,11748341,14.019304929000452
formal_matrix,scifact,bm25,41,1216,1.0,1.0,1.0,24142891,41.46695450754783
formal_matrix,scifact,bm25,41,587,0.3562071871080222,0.16666666666666666,1.0,2559303,33.1740626692469
formal_matrix,scifact,bm25,41,1062,1.0,1.0,1.0,20381484,44.37388221789764
formal_matrix,scifact,bm25,41,783,0.0,0.0,1.0,39084565,47.99194499711706
formal_matrix,scifact,bm25,67,1194,0.38685280723454163,0.2,1.0,24706198,37.13370686681354
formal_matrix,scifact,bm25,67,1270,1.0,1.0,1.0,13900610,44.89387889655718
formal_matrix,scifact,bm25,67,589,1.0,1.0,1.0,10984005,75.88911640132085
formal_matrix,scifact,bm25,67,727,0.6309297535714575,0.5,1.0,22406695,44.25265121742964
formal_matrix,scifact,bm25,67,598,0.3562071871080222,0.16666666666666666,1.0,6561200,45.17361052023368
formal_matrix,scifact,bm25,67,298,1.0,1.0,1.0,39381118,35.6815342304859
formal_matrix,scifact,bm25,67,641,0.6131471927654584,1.0,1.0,5912283,25.185312371004
formal_matrix,scifact,bm25,67,770,1.0,1.0,1.0,15476777,60.98264037948261
formal_matrix,scifact,bm25,67,324,0.38685280723454163,0.2,1.0,8724666,13.959267048597454
formal_matrix,scifact,bm25,67,148,1.0,1.0,1.0,1084345,23.085468845720985
formal_matrix,scifact,bm25,67,1121,0.6309297535714575,0.5,1.0,10790846,39.427583851593944
formal_matrix,scifact,bm25,67,1362,0.5,0.3333333333333333,1.0,23513718,18.384724981580952
formal_matrix,scifact,bm25,67,354,1.0,1.0,1.0,8774475,44.503796370222126
formal_matrix,scifact,bm25,67,1104,1.0,1.0,1.0,3898784,86.77506839680339
formal_matrix,scifact,bm25,67,1320,1.0,1.0,1.0,16284655,27.170710168559353
formal_matrix,scifact,bm25,67,684,1.0,1.0,1.0,4942718,29.77349071302345
formal_matrix,scifact,bm25,67,1368,0.0,0.0,1.0,13312471,24.42040934145891
formal_matrix,scifact,bm25,67,1273,1.0,1.0,1.0,11041152,72.56970514701582
formal_matrix,scifact,bm25,67,1221,0.0,0.0,0.0,21479575,21.070218934887475
formal_matrix,scifact,bm25,67,781,0.6309297535714575,0.5,1.0,8246922,35.76724759950088
formal_matrix,scifact,bm25,67,411,1.0,1.0,1.0,14924526,33.21540197666224
formal_matrix,scifact,bm25,67,239,0.0,0.0,0.0,7042304,18.759679718751904
formal_matrix,scifact,bm25,67,575,0.0,0.0,1.0,16686383,18.437397632128672
formal_matrix,scifact,bm25,67,1021,0.6309297535714575,0.5,1.0,10559501,39.38779152148371
formal_matrix,scifact,bm25,67,569,1.0,1.0,1.0,23460562,28.03181453537789
formal_matrix,scifact,bm25,67,839,1.0,1.0,1.0,1469751,31.297693863886494
formal_matrix,scifact,bm25,67,1332,0.0,0.0,0.0,16488405,55.22199536906288
formal_matrix,scifact,bm25,67,1319,0.38685280723454163,0.2,1.0,14192687,20.258205078847705
formal_matrix,scifact,bm25,67,532,1.0,1.0,1.0,12991445,19.735465224338164
formal_matrix,scifact,bm25,67,831,0.0,0.0,1.0,52873726,19.990877037954284
formal_matrix,scifact,bm25,67,1014,1.0,1.0,1.0,6277638,23.666587197170017
formal_matrix,scifact,bm25,67,691,1.0,1.0,1.0,10991183,40.03368696276379
formal_matrix,scifact,bm25,67,230,1.0,1.0,1.0,3067015,27.833021043449893
formal_matrix,scifact,bm25,67,552,1.0,1.0,1.0,1471041,47.98382065864594
formal_matrix,scifact,bm25,67,517,0.0,0.0,1.0,19658917,16.505209703275103
formal_matrix,scifact,bm25,67,133,0.3391602052736161,1.0,0.8,16280642,28.493895401304748
formal_matrix,scifact,bm25,67,659,1.0,1.0,1.0,1215116,15.247772497673878
formal_matrix,scifact,bm25,67,922,1.0,1.0,1.0,17077004,28.506294110114222
formal_matrix,scifact,bm25,67,100,1.0,1.0,1.0,4381486,31.858694238028676
formal_matrix,scifact,bm25,67,690,0.0,0.0,1.0,18174210,21.722769350369532
formal_matrix,scifact,bm25,67,508,0.0,0.0,1.0,25516011,23.874582565244676
formal_matrix,scifact,bm25,67,232,0.6309297535714575,0.5,1.0,7655029,41.90734454240673
formal_matrix,scifact,bm25,67,1088,0.0,0.0,0.0,11915280,16.400921353226966
formal_matrix,scifact,bm25,67,1282,1.0,1.0,1.0,23649163,20.502030095799785
formal_matrix,scifact,bm25,67,1,0.0,0.0,0.0,43385013,9.953083508448913
formal_matrix,scifact,bm25,67,1336,1.0,1.0,1.0,27910499,29.805648283339494
formal_matrix,scifact,bm25,67,236,1.0,1.0,1.0,4388470,27.920939173146134
formal_matrix,scifact,bm25,67,674,1.0,1.0,1.0,2095573,26.72421393155438
formal_matrix,scifact,bm25,67,1196,0.0,0.0,0.0,2264455,15.776794088180992
formal_matrix,scifact,bm25,67,560,0.0,0.0,0.0,22517564,26.94527106050869
formal_matrix,scifact,bm25,83,785,0.6309297535714575,0.5,1.0,54440,32.92370310235432
formal_matrix,scifact,bm25,83,718,0.6309297535714575,0.5,1.0,22038539,20.8751709336288
formal_matrix,scifact,bm25,83,1207,1.0,1.0,1.0,18909530,41.800078824150994
formal_matrix,scifact,bm25,83,1279,0.0,0.0,0.0,3825750,16.671441329690612
formal_matrix,scifact,bm25,83,539,1.0,1.0,1.0,13282296,23.581581214928278
formal_matrix,scifact,bm25,83,1104,1.0,1.0,1.0,3898784,86.77506839680339
formal_matrix,scifact,bm25,83,1140,0.31546487678572877,0.125,1.0,8702697,14.260918968989827
formal_matrix,scifact,bm25,83,180,1.0,1.0,1.0,16966326,82.09399464539592
formal_matrix,scifact,bm25,83,1382,0.0,0.0,1.0,3831884,18.452746679138144
formal_matrix,scifact,bm25,83,1359,1.0,1.0,1.0,11614737,71.31460563180944
formal_matrix,scifact,bm25,83,415,0.3562071871080222,0.16666666666666666,1.0,4709641,37.59342446119069
formal_matrix,scifact,bm25,83,1200,0.0,0.0,0.0,15472716,28.00398755502863
formal_matrix,scifact,bm25,83,1146,1.0,1.0,1.0,13906581,50.53133386839438
formal_matrix,scifact,bm25,83,593,1.0,1.0,1.0,19675911,31.774213032890735
formal_matrix,scifact,bm25,83,1319,0.38685280723454163,0.2,1.0,14192687,20.258205078847705
formal_matrix,scifact,bm25,83,513,1.0,1.0,1.0,13230773,18.723501366380347
formal_matrix,scifact,bm25,83,388,0.5,0.3333333333333333,1.0,21602220,17.348913470712823
formal_matrix,scifact,bm25,83,922,1.0,1.0,1.0,17077004,28.506294110114222
formal_matrix,scifact,bm25,83,146,1.0,1.0,1.0,10582939,46.12521138293845
formal_matrix,scifact,bm25,83,743,1.0,1.0,1.0,32159283,25.487764379921202
formal_matrix,scifact,bm25,83,218,1.0,1.0,1.0,21366394,31.728063896679853
formal_matrix,scifact,bm25,83,692,1.0,1.0,1.0,24088502,24.501673896495113
formal_matrix,scifact,bm25,83,1337,1.0,1.0,1.0,20231138,41.26581357279493
formal_matrix,scifact,bm25,83,1130,1.0,1.0,1.0,17997584,60.101564837141
formal_matrix,scifact,bm25,83,1099,0.5,0.3333333333333333,1.0,21557614,17.52665804131665
formal_matrix,scifact,bm25,83,1049,0.0,0.0,0.0,24737389,15.083354243220333
formal_matrix,scifact,bm25,83,723,1.0,1.0,1.0,5531479,61.81064419679201
formal_matrix,scifact,bm25,83,508,0.0,0.0,1.0,25516011,23.874582565244676
formal_matrix,scifact,bm25,83,549,1.0,1.0,1.0,9433958,35.61404485775956
formal_matrix,scifact,bm25,83,967,0.9197207891481876,1.0,1.0,2119889,28.968648659692555
formal_matrix,scifact,bm25,83,1379,0.3973220069685352,0.5,1.0,37480103,31.068563348885785
formal_matrix,scifact,bm25,83,904,1.0,1.0,1.0,7370282,94.21280877381602
formal_matrix,scifact,bm25,83,436,1.0,1.0,1.0,14637235,36.91301791002988
formal_matrix,scifact,bm25,83,744,0.6309297535714575,0.5,1.0,4138659,38.88695982444146
formal_matrix,scifact,bm25,83,702,0.5,0.3333333333333333,1.0,16557565,27.000026893380344
formal_matrix,scifact,bm25,83,439,0.6309297535714575,0.5,1.0,18575183,26.4820542027158
formal_matrix,scifact,bm25,83,684,1.0,1.0,1.0,4942718,29.77349071302345
formal_matrix,scifact,bm25,83,1282,1.0,1.0,1.0,23649163,20.502030095799785
formal_matrix,scifact,bm25,83,587,0.3562071871080222,0.16666666666666666,1.0,2559303,33.1740626692469
formal_matrix,scifact,bm25,83,820,0.0,0.0,1.0,5116145,15.487685797056454
formal_matrix,scifact,bm25,83,911,1.0,1.0,1.0,11254556,47.87399528439569
formal_matrix,scifact,bm25,83,957,0.6309297535714575,0.5,1.0,13492264,16.99856257547802
formal_matrix,scifact,bm25,83,1021,0.6309297535714575,0.5,1.0,10559501,39.38779152148371
formal_matrix,scifact,bm25,83,53,1.0,1.0,1.0,45638119,28.026454302827467
formal_matrix,scifact,bm25,83,690,0.0,0.0,1.0,18174210,21.722769350369532
formal_matrix,scifact,bm25,83,1273,1.0,1.0,1.0,11041152,72.56970514701582
formal_matrix,scifact,bm25,83,729,0.6309297535714575,0.5,1.0,18038250,26.873786151012656
formal_matrix,scifact,bm25,83,921,0.6309297535714575,0.5,1.0,37156349,19.92768941342514
formal_matrix,scifact,bm25,83,641,0.6131471927654584,1.0,1.0,5912283,25.185312371004
formal_matrix,scifact,bm25,83,130,1.0,1.0,1.0,27768226,47.077930425334635
formal_matrix,scifact,bm25,127,1130,1.0,1.0,1.0,17997584,60.101564837141
formal_matrix,scifact,bm25,127,985,1.0,1.0,1.0,6828370,40.32765307972375
formal_matrix,scifact,bm25,127,936,1.0,1.0,1.0,5483793,37.107927112854284
formal_matrix,scifact,bm25,127,1226,0.0,0.0,1.0,11951999,23.38174869566183
formal_matrix,scifact,bm25,127,1086,1.0,1.0,1.0,39281140,61.9886143932837
formal_matrix,scifact,bm25,127,1099,0.5,0.3333333333333333,1.0,21557614,17.52665804131665
formal_matrix,scifact,bm25,127,3,1.0,1.0,1.0,14717500,34.015565804537445
formal_matrix,scifact,bm25,127,146,1.0,1.0,1.0,10582939,46.12521138293845
formal_matrix,scifact,bm25,127,587,0.3562071871080222,0.16666666666666666,1.0,2559303,33.1740626692469
formal_matrix,scifact,bm25,127,217,1.0,1.0,1.0,21366394,27.518359699155702
formal_matrix,scifact,bm25,127,386,1.0,1.0,1.0,16495649,41.10883830887884
formal_matrix,scifact,bm25,127,415,0.3562071871080222,0.16666666666666666,1.0,4709641,37.59342446119069
formal_matrix,scifact,bm25,127,540,0.20438239758848611,0.14285714285714285,1.0,17150648,26.044574337133263
formal_matrix,scifact,bm25,127,1175,0.0,0.0,1.0,22191759,18.14931021424617
formal_matrix,scifact,bm25,127,421,0.0,0.0,0.0,39728826,16.67385798788303
formal_matrix,scifact,bm25,127,380,1.0,1.0,1.0,19005293,28.588034426009
formal_matrix,scifact,bm25,127,859,0.6309297535714575,0.5,1.0,22049489,17.756545601734853
formal_matrix,scifact,bm25,127,1274,0.6653497124326151,0.5,1.0,7481159,64.34188729797691
formal_matrix,scifact,bm25,127,539,1.0,1.0,1.0,13282296,23.581581214928278
formal_matrix,scifact,bm25,127,1259,0.6309297535714575,0.5,1.0,12438901,28.202637499531438
formal_matrix,scifact,bm25,127,1213,0.0,0.0,0.0,23901235,15.580832788356362
formal_matrix,scifact,bm25,127,532,1.0,1.0,1.0,12991445,19.735465224338164
formal_matrix,scifact,bm25,127,508,0.0,0.0,1.0,25516011,23.874582565244676
formal_matrix,scifact,bm25,127,1062,1.0,1.0,1.0,20381484,44.37388221789764
formal_matrix,scifact,bm25,127,742,1.0,1.0,1.0,32159283,30.535599727323685
formal_matrix,scifact,bm25,127,1362,0.5,0.3333333333333333,1.0,23513718,18.384724981580952
formal_matrix,scifact,bm25,127,533,1.0,1.0,1.0,12991445,19.735465224338164
formal_matrix,scifact,bm25,127,536,1.0,1.0,1.0,16056514,15.56363755366214
formal_matrix,scifact,bm25,127,338,1.0,1.0,1.0,23349986,32.92797170041314
formal_matrix,scifact,bm25,127,1270,1.0,1.0,1.0,13900610,44.89387889655718
formal_matrix,scifact,bm25,127,808,1.0,1.0,1.0,36606083,24.37075332480816
formal_matrix,scifact,bm25,127,1273,1.0,1.0,1.0,11041152,72.56970514701582
formal_matrix,scifact,bm25,127,269,0.6309297535714575,0.5,1.0,36838958,26.178193301585154
formal_matrix,scifact,bm25,127,1225,1.0,1.0,1.0,9650982,15.779459867582954
formal_matrix,scifact,bm25,127,261,0.2640681225725909,0.25,0.5,35271381,27.16099695060573
formal_matrix,scifact,bm25,127,837,1.0,1.0,1.0,15928989,22.26416737587867
formal_matrix,scifact,bm25,127,1163,1.0,1.0,1.0,15305881,41.19449034710512
formal_matrix,scifact,bm25,127,279,1.0,1.0,1.0,14376683,44.463012648217806
formal_matrix,scifact,bm25,127,148,1.0,1.0,1.0,1084345,23.085468845720985
formal_matrix,scifact,bm25,127,641,0.6131471927654584,1.0,1.0,5912283,25.185312371004
formal_matrix,scifact,bm25,127,644,0.6309297535714575,0.5,1.0,24921368,22.15195643139723
formal_matrix,scifact,bm25,127,142,1.0,1.0,1.0,10582939,47.485869804759275
formal_matrix,scifact,bm25,127,1104,1.0,1.0,1.0,3898784,86.77506839680339
formal_matrix,scifact,bm25,127,268,0.6309297535714575,0.5,1.0,36838958,22.56760558152363
formal_matrix,scifact,bm25,127,133,0.3391602052736161,1.0,0.8,16280642,28.493895401304748
formal_matrix,scifact,bm25,127,960,1.0,1.0,1.0,8780599,21.439106187253216
formal_matrix,scifact,bm25,127,238,0.0,0.0,1.0,4463811,19.145475208937818
formal_matrix,scifact,bm25,127,216,1.0,1.0,1.0,21366394,27.518359699155702
formal_matrix,scifact,bm25,127,684,1.0,1.0,1.0,4942718,29.77349071302345
formal_matrix,scifact,bm25,127,141,1.0,1.0,1.0,14437255,55.19666126794537
formal_matrix,scifact,all_minilm_l6,23,36,0.4911492931622974,0.3333333333333333,1.0,33409100,0.6643354296684265
formal_matrix,scifact,all_minilm_l6,23,1200,0.0,0.0,0.0,12956194,0.4145756959915161
formal_matrix,scifact,all_minilm_l6,23,1029,0.9674679834891693,1.0,1.0,11899391,0.7995704412460327
formal_matrix,scifact,all_minilm_l6,23,411,1.0,1.0,1.0,14924526,0.7559716105461121
formal_matrix,scifact,all_minilm_l6,23,628,0.43067655807339306,0.25,1.0,29134911,0.5678000450134277
formal_matrix,scifact,all_minilm_l6,23,54,1.0,1.0,1.0,49556906,0.6922897696495056
formal_matrix,scifact,all_minilm_l6,23,847,1.0,1.0,1.0,16787954,0.6189755201339722
formal_matrix,scifact,all_minilm_l6,23,517,0.0,0.0,1.0,19658917,0.5361936092376709
formal_matrix,scifact,all_minilm_l6,23,128,0.0,0.0,1.0,22867765,0.4005451202392578
formal_matrix,scifact,all_minilm_l6,23,1389,1.0,1.0,1.0,23895668,0.6427111625671387
formal_matrix,scifact,all_minilm_l6,23,298,1.0,1.0,1.0,39381118,0.6879461407661438
formal_matrix,scifact,all_minilm_l6,23,691,0.43067655807339306,0.25,1.0,33076846,0.5671604871749878
formal_matrix,scifact,all_minilm_l6,23,1024,0.0,0.0,1.0,8494570,0.5802562236785889
formal_matrix,scifact,all_minilm_l6,23,212,0.3562071871080222,0.16666666666666666,1.0,9291668,0.6218146085739136
formal_matrix,scifact,all_minilm_l6,23,702,0.6309297535714575,0.5,1.0,16557565,0.6213016510009766
formal_matrix,scifact,all_minilm_l6,23,1086,1.0,1.0,1.0,39281140,0.8299291133880615
formal_matrix,scifact,all_minilm_l6,23,1245,0.3010299956639812,0.1111111111111111,1.0,11748341,0.44059208035469055
formal_matrix,scifact,all_minilm_l6,23,1202,0.6309297535714575,0.5,1.0,34615397,0.6485581994056702
formal_matrix,scifact,all_minilm_l6,23,793,1.0,1.0,1.0,8551160,0.7145598530769348
formal_matrix,scifact,all_minilm_l6,23,623,0.0,0.0,1.0,22843838,0.7637766003608704
formal_matrix,scifact,all_minilm_l6,23,1049,0.0,0.0,1.0,24737389,0.5646872520446777
formal_matrix,scifact,all_minilm_l6,23,821,0.0,0.0,0.0,18111172,0.5444074273109436
formal_matrix,scifact,all_minilm_l6,23,644,0.0,0.0,1.0,8839502,0.5505020022392273
formal_matrix,scifact,all_minilm_l6,23,1150,1.0,1.0,1.0,11369420,0.6107102632522583
formal_matrix,scifact,all_minilm_l6,23,163,1.0,1.0,1.0,18872233,0.8069965839385986
formal_matrix,scifact,all_minilm_l6,23,1107,0.5,0.3333333333333333,1.0,14865329,0.5315192341804504
formal_matrix,scifact,all_minilm_l6,23,53,1.0,1.0,1.0,45638119,0.7209132313728333
formal_matrix,scifact,all_minilm_l6,23,1352,1.0,1.0,1.0,12885341,0.6671013832092285
formal_matrix,scifact,all_minilm_l6,23,185,1.0,1.0,1.0,18340282,0.6353378891944885
formal_matrix,scifact,all_minilm_l6,23,525,1.0,1.0,1.0,13639330,0.7765493392944336
formal_matrix,scifact,all_minilm_l6,23,94,0.5,0.3333333333333333,1.0,18321590,0.39434975385665894
formal_matrix,scifact,all_minilm_l6,23,960,1.0,1.0,1.0,8780599,0.7372941374778748
formal_matrix,scifact,all_minilm_l6,23,338,0.6309297535714575,0.5,1.0,24211561,0.5967457890510559
formal_matrix,scifact,all_minilm_l6,23,421,0.0,0.0,0.0,1065627,0.5238896012306213
formal_matrix,scifact,all_minilm_l6,23,967,1.0,1.0,1.0,2119889,0.45703911781311035
formal_matrix,scifact,all_minilm_l6,23,742,0.3010299956639812,0.1111111111111111,1.0,3984231,0.40876129269599915
formal_matrix,scifact,all_minilm_l6,23,1362,0.0,0.0,1.0,2593298,0.36768823862075806
formal_matrix,scifact,all_minilm_l6,23,759,1.0,1.0,1.0,1805641,0.8213593363761902
formal_matrix,scifact,all_minilm_l6,23,693,1.0,1.0,1.0,24088502,0.5901200175285339
formal_matrix,scifact,all_minilm_l6,23,1335,1.0,1.0,1.0,27910499,0.654289722442627
formal_matrix,scifact,all_minilm_l6,23,137,1.0,1.0,1.0,26016929,0.7988849878311157
formal_matrix,scifact,all_minilm_l6,23,1363,0.0,0.0,1.0,25175997,0.39459770917892456
formal_matrix,scifact,all_minilm_l6,23,859,0.43067655807339306,0.25,1.0,9076196,0.5845102667808533
formal_matrix,scifact,all_minilm_l6,23,440,1.0,1.0,1.0,4423559,0.6296098232269287
formal_matrix,scifact,all_minilm_l6,23,832,1.0,1.0,1.0,30303335,0.6962213516235352
formal_matrix,scifact,all_minilm_l6,23,141,0.9197207891481876,1.0,1.0,14437255,0.6109849214553833
formal_matrix,scifact,all_minilm_l6,23,99,0.6309297535714575,0.5,1.0,20313748,0.42313987016677856
formal_matrix,scifact,all_minilm_l6,23,127,1.0,1.0,1.0,21598000,0.4308631420135498
formal_matrix,scifact,all_minilm_l6,23,1226,0.0,0.0,0.0,11951999,0.6238116025924683
formal_matrix,scifact,all_minilm_l6,23,637,0.43067655807339306,0.25,1.0,31019903,0.7284255623817444
formal_matrix,scifact,all_minilm_l6,41,540,0.2640681225725909,0.25,1.0,2225918,0.6044795513153076
formal_matrix,scifact,all_minilm_l6,41,48,0.0,0.0,0.0,18617259,0.47451847791671753
formal_matrix,scifact,all_minilm_l6,41,219,1.0,1.0,1.0,21366394,0.7366205453872681
formal_matrix,scifact,all_minilm_l6,41,1337,0.2890648263178879,0.1,1.0,29557235,0.579369843006134
formal_matrix,scifact,all_minilm_l6,41,549,1.0,1.0,1.0,9433958,0.5289347171783447
formal_matrix,scifact,all_minilm_l6,41,975,0.0,0.0,0.0,2844490,0.5880612134933472
formal_matrix,scifact,all_minilm_l6,41,343,0.8315546295836225,1.0,1.0,5884524,0.6180458664894104
formal_matrix,scifact,all_minilm_l6,41,911,1.0,1.0,1.0,11254556,0.6466106176376343
formal_matrix,scifact,all_minilm_l6,41,314,0.0,0.0,1.0,2638387,0.5424469113349915
formal_matrix,scifact,all_minilm_l6,41,544,0.0,0.0,1.0,1970884,0.5502036809921265
formal_matrix,scifact,all_minilm_l6,41,1019,0.43067655807339306,0.25,1.0,196664003,0.4427512288093567
formal_matrix,scifact,all_minilm_l6,41,249,0.5,0.3333333333333333,1.0,5775033,0.5156806707382202
formal_matrix,scifact,all_minilm_l6,41,1041,0.0,0.0,1.0,9451052,0.827049732208252
formal_matrix,scifact,all_minilm_l6,41,674,0.3333333333333333,0.14285714285714285,1.0,7662206,0.5435971617698669
formal_matrix,scifact,all_minilm_l6,41,132,0.0,0.0,0.0,6945691,0.512472927570343
formal_matrix,scifact,all_minilm_l6,41,1303,1.0,1.0,1.0,12631697,0.3802863359451294
formal_matrix,scifact,all_minilm_l6,41,437,0.0,0.0,0.0,2359152,0.6879812479019165
formal_matrix,scifact,all_minilm_l6,41,274,1.0,1.0,1.0,11614737,0.8283724784851074
formal_matrix,scifact,all_minilm_l6,41,99,0.6309297535714575,0.5,1.0,20313748,0.42313987016677856
formal_matrix,scifact,all_minilm_l6,41,1163,1.0,1.0,1.0,15305881,0.6139076352119446
formal_matrix,scifact,all_minilm_l6,41,1272,0.0,0.0,1.0,15685921,0.4510846734046936
formal_matrix,scifact,all_minilm_l6,41,1100,0.43067655807339306,0.25,1.0,21557614,0.735526978969574
formal_matrix,scifact,all_minilm_l6,41,649,1.0,1.0,1.0,12789595,0.41793715953826904
formal_matrix,scifact,all_minilm_l6,41,338,0.6309297535714575,0.5,1.0,24211561,0.5967457890510559
formal_matrix,scifact,all_minilm_l6,41,185,1.0,1.0,1.0,18340282,0.6353378891944885
formal_matrix,scifact,all_minilm_l6,41,1191,0.6309297535714575,0.5,1.0,4283694,0.4187832474708557
formal_matrix,scifact,all_minilm_l6,41,521,1.0,1.0,1.0,34873974,0.5776528716087341
formal_matrix,scifact,all_minilm_l6,41,743,0.0,0.0,1.0,3984231,0.486117422580719
formal_matrix,scifact,all_minilm_l6,41,1278,1.0,1.0,1.0,11335781,0.5599496960639954
formal_matrix,scifact,all_minilm_l6,41,913,0.31546487678572877,0.125,1.0,9956893,0.5391684770584106
formal_matrix,scifact,all_minilm_l6,41,1274,0.9469024295259745,1.0,1.0,27731651,0.6571792364120483
formal_matrix,scifact,all_minilm_l6,41,1226,0.0,0.0,0.0,11951999,0.6238116025924683
formal_matrix,scifact,all_minilm_l6,41,1298,1.0,1.0,1.0,11718220,0.7530050873756409
formal_matrix,scifact,all_minilm_l6,41,1363,0.0,0.0,1.0,25175997,0.39459770917892456
formal_matrix,scifact,all_minilm_l6,41,1146,1.0,1.0,1.0,13906581,0.4927491247653961
formal_matrix,scifact,all_minilm_l6,41,298,1.0,1.0,1.0,39381118,0.6879461407661438
formal_matrix,scifact,all_minilm_l6,41,436,1.0,1.0,1.0,14637235,0.6723531484603882
formal_matrix,scifact,all_minilm_l6,41,216,1.0,1.0,1.0,21366394,0.6385046243667603
formal_matrix,scifact,all_minilm_l6,41,1088,1.0,1.0,1.0,37549932,0.6310783624649048
formal_matrix,scifact,all_minilm_l6,41,137,1.0,1.0,1.0,26016929,0.7988849878311157
formal_matrix,scifact,all_minilm_l6,41,659,0.43067655807339306,0.25,1.0,18321590,0.3560360074043274
formal_matrix,scifact,all_minilm_l6,41,1150,1.0,1.0,1.0,11369420,0.6107102632522583
formal_matrix,scifact,all_minilm_l6,41,388,0.6309297535714575,0.5,1.0,21602220,0.5858056545257568
formal_matrix,scifact,all_minilm_l6,41,57,1.0,1.0,1.0,4709641,0.7386194467544556
formal_matrix,scifact,all_minilm_l6,41,13,0.0,0.0,1.0,7662395,0.5214031338691711
formal_matrix,scifact,all_minilm_l6,41,1245,0.3010299956639812,0.1111111111111111,1.0,11748341,0.44059208035469055
formal_matrix,scifact,all_minilm_l6,41,1216,1.0,1.0,1.0,24142891,0.6355023384094238
formal_matrix,scifact,all_minilm_l6,41,587,0.0,0.0,1.0,7142113,0.5242983102798462
formal_matrix,scifact,all_minilm_l6,41,1062,0.6309297535714575,0.5,1.0,32638085,0.5943403244018555
formal_matrix,scifact,all_minilm_l6,41,783,0.38685280723454163,0.2,1.0,24338780,0.5623049736022949
formal_matrix,scifact,all_minilm_l6,67,1194,1.0,1.0,1.0,11419230,0.5041622519493103
formal_matrix,scifact,all_minilm_l6,67,1270,1.0,1.0,1.0,13900610,0.5068231821060181
formal_matrix,scifact,all_minilm_l6,67,589,1.0,1.0,1.0,10984005,0.7775413990020752
formal_matrix,scifact,all_minilm_l6,67,727,0.43067655807339306,0.25,1.0,22406695,0.6559855341911316
formal_matrix,scifact,all_minilm_l6,67,598,0.3333333333333333,0.14285714285714285,1.0,6561200,0.7670804262161255
formal_matrix,scifact,all_minilm_l6,67,298,1.0,1.0,1.0,39381118,0.6879461407661438
formal_matrix,scifact,all_minilm_l6,67,641,0.8315546295836225,1.0,1.0,5912283,0.7564229965209961
formal_matrix,scifact,all_minilm_l6,67,770,1.0,1.0,1.0,15476777,0.7610679864883423
formal_matrix,scifact,all_minilm_l6,67,324,0.6309297535714575,0.5,1.0,22174015,0.3533429503440857
formal_matrix,scifact,all_minilm_l6,67,148,0.6309297535714575,0.5,1.0,15728433,0.639977753162384
formal_matrix,scifact,all_minilm_l6,67,1121,1.0,1.0,1.0,4456756,0.5805536508560181
formal_matrix,scifact,all_minilm_l6,67,1362,0.0,0.0,1.0,2593298,0.36768823862075806
formal_matrix,scifact,all_minilm_l6,67,354,1.0,1.0,1.0,8774475,0.7044362425804138
formal_matrix,scifact,all_minilm_l6,67,1104,1.0,1.0,1.0,3898784,0.7342803478240967
formal_matrix,scifact,all_minilm_l6,67,1320,1.0,1.0,1.0,16284655,0.6210898160934448
formal_matrix,scifact,all_minilm_l6,67,684,1.0,1.0,1.0,4942718,0.6601366400718689
formal_matrix,scifact,all_minilm_l6,67,1368,0.0,0.0,1.0,9555784,0.6051623821258545
formal_matrix,scifact,all_minilm_l6,67,1273,1.0,1.0,1.0,11041152,0.7761425971984863
formal_matrix,scifact,all_minilm_l6,67,1221,0.31546487678572877,0.125,1.0,8989616,0.5421632528305054
formal_matrix,scifact,all_minilm_l6,67,781,0.6309297535714575,0.5,1.0,8246922,0.7138476371765137
formal_matrix,scifact,all_minilm_l6,67,411,1.0,1.0,1.0,14924526,0.7559716105461121
formal_matrix,scifact,all_minilm_l6,67,239,0.0,0.0,1.0,16693950,0.5938005447387695
formal_matrix,scifact,all_minilm_l6,67,575,0.5,0.3333333333333333,1.0,4421746,0.5896366834640503
formal_matrix,scifact,all_minilm_l6,67,1021,0.6309297535714575,0.5,1.0,10559501,0.6966625452041626
formal_matrix,scifact,all_minilm_l6,67,569,0.43067655807339306,0.25,1.0,37311371,0.6433500051498413
formal_matrix,scifact,all_minilm_l6,67,839,0.5,0.3333333333333333,1.0,6219790,0.5503984689712524
formal_matrix,scifact,all_minilm_l6,67,1332,0.0,0.0,0.0,12705056,0.606457531452179
formal_matrix,scifact,all_minilm_l6,67,1319,1.0,1.0,1.0,16284655,0.5674194097518921
formal_matrix,scifact,all_minilm_l6,67,532,1.0,1.0,1.0,12991445,0.5135419964790344
formal_matrix,scifact,all_minilm_l6,67,831,0.0,0.0,0.0,11535539,0.5706631541252136
formal_matrix,scifact,all_minilm_l6,67,1014,1.0,1.0,1.0,6277638,0.6422815322875977
formal_matrix,scifact,all_minilm_l6,67,691,0.43067655807339306,0.25,1.0,33076846,0.5671604871749878
formal_matrix,scifact,all_minilm_l6,67,230,1.0,1.0,1.0,3067015,0.6172463297843933
formal_matrix,scifact,all_minilm_l6,67,552,1.0,1.0,1.0,1471041,0.6965199112892151
formal_matrix,scifact,all_minilm_l6,67,517,0.0,0.0,1.0,19658917,0.5361936092376709
formal_matrix,scifact,all_minilm_l6,67,133,0.639945385422766,1.0,1.0,12640810,0.5655171871185303
formal_matrix,scifact,all_minilm_l6,67,659,0.43067655807339306,0.25,1.0,18321590,0.3560360074043274
formal_matrix,scifact,all_minilm_l6,67,922,1.0,1.0,1.0,17077004,0.7298263311386108
formal_matrix,scifact,all_minilm_l6,67,100,0.5,0.3333333333333333,1.0,34982259,0.6246140599250793
formal_matrix,scifact,all_minilm_l6,67,690,0.0,0.0,0.0,15692098,0.3862716853618622
formal_matrix,scifact,all_minilm_l6,67,508,0.0,0.0,1.0,25516011,0.6473252773284912
formal_matrix,scifact,all_minilm_l6,67,232,1.0,1.0,1.0,10536636,0.7790350914001465
formal_matrix,scifact,all_minilm_l6,67,1088,1.0,1.0,1.0,37549932,0.6310783624649048
formal_matrix,scifact,all_minilm_l6,67,1282,1.0,1.0,1.0,23649163,0.45883187651634216
formal_matrix,scifact,all_minilm_l6,67,1,0.38685280723454163,0.2,1.0,29638116,0.35401344299316406
formal_matrix,scifact,all_minilm_l6,67,1336,1.0,1.0,1.0,27910499,0.6586458683013916
formal_matrix,scifact,all_minilm_l6,67,236,1.0,1.0,1.0,4388470,0.5244598388671875
formal_matrix,scifact,all_minilm_l6,67,674,0.3333333333333333,0.14285714285714285,1.0,7662206,0.5435971617698669
formal_matrix,scifact,all_minilm_l6,67,1196,0.38685280723454163,0.2,1.0,31019903,0.6122283339500427
formal_matrix,scifact,all_minilm_l6,67,560,0.0,0.0,1.0,11233339,0.7791308164596558
formal_matrix,scifact,all_minilm_l6,83,785,0.0,0.0,0.0,54440,0.5805891752243042
formal_matrix,scifact,all_minilm_l6,83,718,1.0,1.0,1.0,17587795,0.6369301080703735
formal_matrix,scifact,all_minilm_l6,83,1207,1.0,1.0,1.0,18909530,0.5854862928390503
formal_matrix,scifact,all_minilm_l6,83,1279,1.0,1.0,1.0,11335781,0.5945729613304138
formal_matrix,scifact,all_minilm_l6,83,539,1.0,1.0,1.0,13282296,0.742323637008667
formal_matrix,scifact,all_minilm_l6,83,1104,1.0,1.0,1.0,3898784,0.7342803478240967
formal_matrix,scifact,all_minilm_l6,83,1140,1.0,1.0,1.0,12009265,0.5778157711029053
formal_matrix,scifact,all_minilm_l6,83,180,1.0,1.0,1.0,16966326,0.6348592638969421
formal_matrix,scifact,all_minilm_l6,83,1382,1.0,1.0,1.0,17755060,0.6231954097747803
formal_matrix,scifact,all_minilm_l6,83,1359,1.0,1.0,1.0,11614737,0.7373192310333252
formal_matrix,scifact,all_minilm_l6,83,415,0.0,0.0,1.0,20937018,0.7181267142295837
formal_matrix,scifact,all_minilm_l6,83,1200,0.0,0.0,0.0,12956194,0.4145756959915161
formal_matrix,scifact,all_minilm_l6,83,1146,1.0,1.0,1.0,13906581,0.4927491247653961
formal_matrix,scifact,all_minilm_l6,83,593,1.0,1.0,1.0,19675911,0.7230292558670044
formal_matrix,scifact,all_minilm_l6,83,1319,1.0,1.0,1.0,16284655,0.5674194097518921
formal_matrix,scifact,all_minilm_l6,83,513,0.6309297535714575,0.5,1.0,12770738,0.6273354887962341
formal_matrix,scifact,all_minilm_l6,83,388,0.6309297535714575,0.5,1.0,21602220,0.5858056545257568
formal_matrix,scifact,all_minilm_l6,83,922,1.0,1.0,1.0,17077004,0.7298263311386108
formal_matrix,scifact,all_minilm_l6,83,146,1.0,1.0,1.0,10582939,0.7514548897743225
formal_matrix,scifact,all_minilm_l6,83,743,0.0,0.0,1.0,3984231,0.486117422580719
formal_matrix,scifact,all_minilm_l6,83,218,1.0,1.0,1.0,21366394,0.744299054145813
formal_matrix,scifact,all_minilm_l6,83,692,1.0,1.0,1.0,24088502,0.5901222825050354
formal_matrix,scifact,all_minilm_l6,83,1337,0.2890648263178879,0.1,1.0,29557235,0.579369843006134
formal_matrix,scifact,all_minilm_l6,83,1130,1.0,1.0,1.0,17997584,0.6944624185562134
formal_matrix,scifact,all_minilm_l6,83,1099,0.5,0.3333333333333333,1.0,21557614,0.742214560508728
formal_matrix,scifact,all_minilm_l6,83,1049,0.0,0.0,1.0,24737389,0.5646872520446777
formal_matrix,scifact,all_minilm_l6,83,723,1.0,1.0,1.0,5531479,0.7903926372528076
formal_matrix,scifact,all_minilm_l6,83,508,0.0,0.0,1.0,25516011,0.6473252773284912
formal_matrix,scifact,all_minilm_l6,83,549,1.0,1.0,1.0,9433958,0.5289347171783447
formal_matrix,scifact,all_minilm_l6,83,967,1.0,1.0,1.0,2119889,0.45703911781311035
formal_matrix,scifact,all_minilm_l6,83,1379,0.9558295932317544,1.0,1.0,27123743,0.7236481308937073
formal_matrix,scifact,all_minilm_l6,83,904,1.0,1.0,1.0,7370282,0.6845735311508179
formal_matrix,scifact,all_minilm_l6,83,436,1.0,1.0,1.0,14637235,0.6723531484603882
formal_matrix,scifact,all_minilm_l6,83,744,0.5,0.3333333333333333,1.0,4138659,0.7060086727142334
formal_matrix,scifact,all_minilm_l6,83,702,0.6309297535714575,0.5,1.0,16557565,0.6213016510009766
formal_matrix,scifact,all_minilm_l6,83,439,1.0,1.0,1.0,4423559,0.597985029220581
formal_matrix,scifact,all_minilm_l6,83,684,1.0,1.0,1.0,4942718,0.6601366400718689
formal_matrix,scifact,all_minilm_l6,83,1282,1.0,1.0,1.0,23649163,0.45883187651634216
formal_matrix,scifact,all_minilm_l6,83,587,0.0,0.0,1.0,7142113,0.5242983102798462
formal_matrix,scifact,all_minilm_l6,83,820,0.0,0.0,0.0,21853444,0.5559642314910889
formal_matrix,scifact,all_minilm_l6,83,911,1.0,1.0,1.0,11254556,0.6466106176376343
formal_matrix,scifact,all_minilm_l6,83,957,0.5,0.3333333333333333,1.0,13492264,0.5035808682441711
formal_matrix,scifact,all_minilm_l6,83,1021,0.6309297535714575,0.5,1.0,10559501,0.6966625452041626
formal_matrix,scifact,all_minilm_l6,83,53,1.0,1.0,1.0,45638119,0.7209132313728333
formal_matrix,scifact,all_minilm_l6,83,690,0.0,0.0,0.0,15692098,0.3862716853618622
formal_matrix,scifact,all_minilm_l6,83,1273,1.0,1.0,1.0,11041152,0.7761425971984863
formal_matrix,scifact,all_minilm_l6,83,729,1.0,1.0,1.0,26851674,0.46580350399017334
formal_matrix,scifact,all_minilm_l6,83,921,1.0,1.0,1.0,1642727,0.5871236324310303
formal_matrix,scifact,all_minilm_l6,83,641,0.8315546295836225,1.0,1.0,5912283,0.7564229965209961
formal_matrix,scifact,all_minilm_l6,83,130,1.0,1.0,1.0,27768226,0.6952362060546875
formal_matrix,scifact,all_minilm_l6,127,1130,1.0,1.0,1.0,17997584,0.6944624185562134
formal_matrix,scifact,all_minilm_l6,127,985,1.0,1.0,1.0,6828370,0.705668032169342
formal_matrix,scifact,all_minilm_l6,127,936,1.0,1.0,1.0,5483793,0.33390140533447266
formal_matrix,scifact,all_minilm_l6,127,1226,0.0,0.0,0.0,11951999,0.6238116025924683
formal_matrix,scifact,all_minilm_l6,127,1086,1.0,1.0,1.0,39281140,0.8299291133880615
formal_matrix,scifact,all_minilm_l6,127,1099,0.5,0.3333333333333333,1.0,21557614,0.742214560508728
formal_matrix,scifact,all_minilm_l6,127,3,0.5,0.3333333333333333,1.0,2739854,0.6481196880340576
formal_matrix,scifact,all_minilm_l6,127,146,1.0,1.0,1.0,10582939,0.7514548897743225
formal_matrix,scifact,all_minilm_l6,127,587,0.0,0.0,1.0,7142113,0.5242983102798462
formal_matrix,scifact,all_minilm_l6,127,217,1.0,1.0,1.0,21366394,0.6437549591064453
formal_matrix,scifact,all_minilm_l6,127,386,1.0,1.0,1.0,16495649,0.691301703453064
formal_matrix,scifact,all_minilm_l6,127,415,0.0,0.0,1.0,20937018,0.7181267142295837
formal_matrix,scifact,all_minilm_l6,127,540,0.2640681225725909,0.25,1.0,2225918,0.6044795513153076
formal_matrix,scifact,all_minilm_l6,127,1175,0.0,0.0,0.0,20725212,0.3413104712963104
formal_matrix,scifact,all_minilm_l6,127,421,0.0,0.0,0.0,1065627,0.5238896012306213
formal_matrix,scifact,all_minilm_l6,127,380,1.0,1.0,1.0,19005293,0.5973625779151917
formal_matrix,scifact,all_minilm_l6,127,859,0.43067655807339306,0.25,1.0,9076196,0.5845102667808533
formal_matrix,scifact,all_minilm_l6,127,1274,0.9469024295259745,1.0,1.0,27731651,0.6571792364120483
formal_matrix,scifact,all_minilm_l6,127,539,1.0,1.0,1.0,13282296,0.742323637008667
formal_matrix,scifact,all_minilm_l6,127,1259,0.6309297535714575,0.5,1.0,13069283,0.7109527587890625
formal_matrix,scifact,all_minilm_l6,127,1213,0.0,0.0,1.0,14492339,0.6374740600585938
formal_matrix,scifact,all_minilm_l6,127,532,1.0,1.0,1.0,12991445,0.5135419964790344
formal_matrix,scifact,all_minilm_l6,127,508,0.0,0.0,1.0,25516011,0.6473252773284912
formal_matrix,scifact,all_minilm_l6,127,1062,0.6309297535714575,0.5,1.0,32638085,0.5943403244018555
formal_matrix,scifact,all_minilm_l6,127,742,0.3010299956639812,0.1111111111111111,1.0,3984231,0.40876129269599915
formal_matrix,scifact,all_minilm_l6,127,1362,0.0,0.0,1.0,2593298,0.36768823862075806
formal_matrix,scifact,all_minilm_l6,127,533,1.0,1.0,1.0,12991445,0.5102030634880066
formal_matrix,scifact,all_minilm_l6,127,536,1.0,1.0,1.0,16056514,0.6115623712539673
formal_matrix,scifact,all_minilm_l6,127,338,0.6309297535714575,0.5,1.0,24211561,0.5967457890510559
formal_matrix,scifact,all_minilm_l6,127,1270,1.0,1.0,1.0,13900610,0.5068231821060181
formal_matrix,scifact,all_minilm_l6,127,808,1.0,1.0,1.0,36606083,0.468187153339386
formal_matrix,scifact,all_minilm_l6,127,1273,1.0,1.0,1.0,11041152,0.7761425971984863
formal_matrix,scifact,all_minilm_l6,127,269,1.0,1.0,1.0,970012,0.4204622805118561
formal_matrix,scifact,all_minilm_l6,127,1225,1.0,1.0,1.0,9650982,0.4901677370071411
formal_matrix,scifact,all_minilm_l6,127,261,0.20438239758848611,0.14285714285714285,1.0,25822299,0.7134616374969482
formal_matrix,scifact,all_minilm_l6,127,837,0.6309297535714575,0.5,1.0,16346504,0.5314666628837585
formal_matrix,scifact,all_minilm_l6,127,1163,1.0,1.0,1.0,15305881,0.6139076352119446
formal_matrix,scifact,all_minilm_l6,127,279,1.0,1.0,1.0,14376683,0.7433344125747681
formal_matrix,scifact,all_minilm_l6,127,148,0.6309297535714575,0.5,1.0,15728433,0.639977753162384
formal_matrix,scifact,all_minilm_l6,127,641,0.8315546295836225,1.0,1.0,5912283,0.7564229965209961
formal_matrix,scifact,all_minilm_l6,127,644,0.0,0.0,1.0,8839502,0.5505020022392273
formal_matrix,scifact,all_minilm_l6,127,142,1.0,1.0,1.0,10582939,0.6980119347572327
formal_matrix,scifact,all_minilm_l6,127,1104,1.0,1.0,1.0,3898784,0.7342803478240967
formal_matrix,scifact,all_minilm_l6,127,268,1.0,1.0,1.0,970012,0.4231595993041992
formal_matrix,scifact,all_minilm_l6,127,133,0.639945385422766,1.0,1.0,12640810,0.5655171871185303
formal_matrix,scifact,all_minilm_l6,127,960,1.0,1.0,1.0,8780599,0.7372941374778748
formal_matrix,scifact,all_minilm_l6,127,238,0.6309297535714575,0.5,1.0,2619579,0.5407041311264038
formal_matrix,scifact,all_minilm_l6,127,216,1.0,1.0,1.0,21366394,0.6385046243667603
formal_matrix,scifact,all_minilm_l6,127,684,1.0,1.0,1.0,4942718,0.6601366400718689
formal_matrix,scifact,all_minilm_l6,127,141,0.9197207891481876,1.0,1.0,14437255,0.6109849214553833
formal_matrix,scifact,bge_small_en_v15,23,36,0.21840743681816419,0.16666666666666666,1.0,18557974,0.7787407636642456
formal_matrix,scifact,bge_small_en_v15,23,1200,0.43067655807339306,0.25,1.0,21114100,0.7144547700881958
formal_matrix,scifact,bge_small_en_v15,23,1029,0.9674679834891693,1.0,1.0,11899391,0.8634392023086548
formal_matrix,scifact,bge_small_en_v15,23,411,1.0,1.0,1.0,14924526,0.7870898842811584
formal_matrix,scifact,bge_small_en_v15,23,628,1.0,1.0,1.0,24512064,0.7752661108970642
formal_matrix,scifact,bge_small_en_v15,23,54,1.0,1.0,1.0,49556906,0.8709209561347961
formal_matrix,scifact,bge_small_en_v15,23,847,1.0,1.0,1.0,16787954,0.7341974973678589
formal_matrix,scifact,bge_small_en_v15,23,517,0.0,0.0,1.0,17656445,0.7468088865280151
formal_matrix,scifact,bge_small_en_v15,23,128,0.0,0.0,0.0,12549585,0.6343318819999695
formal_matrix,scifact,bge_small_en_v15,23,1389,1.0,1.0,1.0,23895668,0.8293836116790771
formal_matrix,scifact,bge_small_en_v15,23,298,1.0,1.0,1.0,39381118,0.7525306344032288
formal_matrix,scifact,bge_small_en_v15,23,691,0.6309297535714575,0.5,1.0,33076846,0.8163456916809082
formal_matrix,scifact,bge_small_en_v15,23,1024,0.43067655807339306,0.25,1.0,26672703,0.7455040216445923
formal_matrix,scifact,bge_small_en_v15,23,212,0.3333333333333333,0.14285714285714285,1.0,9291668,0.7438084483146667
formal_matrix,scifact,bge_small_en_v15,23,702,1.0,1.0,1.0,4350400,0.8239200115203857
formal_matrix,scifact,bge_small_en_v15,23,1086,1.0,1.0,1.0,39281140,0.8767986297607422
formal_matrix,scifact,bge_small_en_v15,23,1245,0.0,0.0,1.0,21870716,0.583612859249115
formal_matrix,scifact,bge_small_en_v15,23,1202,1.0,1.0,1.0,3475317,0.7917563915252686
formal_matrix,scifact,bge_small_en_v15,23,793,0.6309297535714575,0.5,1.0,23403754,0.7767181396484375
formal_matrix,scifact,bge_small_en_v15,23,623,0.38685280723454163,0.2,1.0,22843838,0.8033580780029297
formal_matrix,scifact,bge_small_en_v15,23,1049,0.3010299956639812,0.1111111111111111,1.0,8925851,0.7354869842529297
formal_matrix,scifact,bge_small_en_v15,23,821,0.0,0.0,1.0,36606083,0.767467200756073
formal_matrix,scifact,bge_small_en_v15,23,644,1.0,1.0,1.0,13619127,0.7540379762649536
formal_matrix,scifact,bge_small_en_v15,23,1150,1.0,1.0,1.0,11369420,0.845808744430542
formal_matrix,scifact,bge_small_en_v15,23,163,1.0,1.0,1.0,18872233,0.8348156213760376
formal_matrix,scifact,bge_small_en_v15,23,1107,0.6309297535714575,0.5,1.0,14865329,0.7676987648010254
formal_matrix,scifact,bge_small_en_v15,23,53,1.0,1.0,1.0,45638119,0.8736491799354553
formal_matrix,scifact,bge_small_en_v15,23,1352,1.0,1.0,1.0,12885341,0.8448387384414673
formal_matrix,scifact,bge_small_en_v15,23,185,0.0,0.0,1.0,22975806,0.7243894338607788
formal_matrix,scifact,bge_small_en_v15,23,525,1.0,1.0,1.0,13639330,0.8725122213363647
formal_matrix,scifact,bge_small_en_v15,23,94,1.0,1.0,1.0,1215116,0.6355594396591187
formal_matrix,scifact,bge_small_en_v15,23,960,1.0,1.0,1.0,8780599,0.8285942673683167
formal_matrix,scifact,bge_small_en_v15,23,338,1.0,1.0,1.0,23349986,0.774175226688385
formal_matrix,scifact,bge_small_en_v15,23,421,0.0,0.0,1.0,1065627,0.7718509435653687
formal_matrix,scifact,bge_small_en_v15,23,967,1.0,1.0,1.0,8997410,0.762738049030304
formal_matrix,scifact,bge_small_en_v15,23,742,1.0,1.0,1.0,32159283,0.7179831266403198
formal_matrix,scifact,bge_small_en_v15,23,1362,0.0,0.0,0.0,12549585,0.6193854212760925
formal_matrix,scifact,bge_small_en_v15,23,759,1.0,1.0,1.0,1805641,0.8591543436050415
formal_matrix,scifact,bge_small_en_v15,23,693,1.0,1.0,1.0,24088502,0.8033286333084106
formal_matrix,scifact,bge_small_en_v15,23,1335,1.0,1.0,1.0,27910499,0.8207903504371643
formal_matrix,scifact,bge_small_en_v15,23,137,1.0,1.0,1.0,26016929,0.8440942764282227
formal_matrix,scifact,bge_small_en_v15,23,1363,0.0,0.0,0.0,27049238,0.6241925358772278
formal_matrix,scifact,bge_small_en_v15,23,859,0.5,0.3333333333333333,1.0,22049489,0.7806917428970337
formal_matrix,scifact,bge_small_en_v15,23,440,1.0,1.0,1.0,4423559,0.7737629413604736
formal_matrix,scifact,bge_small_en_v15,23,832,1.0,1.0,1.0,30303335,0.8254313468933105
formal_matrix,scifact,bge_small_en_v15,23,141,1.0,1.0,1.0,14437255,0.7394065856933594
formal_matrix,scifact,bge_small_en_v15,23,99,1.0,1.0,1.0,18810195,0.691348671913147
formal_matrix,scifact,bge_small_en_v15,23,127,0.31546487678572877,0.125,1.0,293661,0.6858896613121033
formal_matrix,scifact,bge_small_en_v15,23,1226,0.0,0.0,1.0,11951999,0.7143131494522095
formal_matrix,scifact,bge_small_en_v15,23,637,0.5,0.3333333333333333,1.0,6129301,0.6735317707061768
formal_matrix,scifact,bge_small_en_v15,41,540,0.23719771276929622,0.2,1.0,45154987,0.7968224287033081
formal_matrix,scifact,bge_small_en_v15,41,48,0.0,0.0,1.0,11349166,0.6977148056030273
formal_matrix,scifact,bge_small_en_v15,41,219,1.0,1.0,1.0,21366394,0.8836091756820679
formal_matrix,scifact,bge_small_en_v15,41,1337,1.0,1.0,1.0,20231138,0.8166874051094055
formal_matrix,scifact,bge_small_en_v15,41,549,1.0,1.0,1.0,9433958,0.7709076404571533
formal_matrix,scifact,bge_small_en_v15,41,975,0.0,0.0,0.0,4429118,0.7315495610237122
formal_matrix,scifact,bge_small_en_v15,41,343,1.0,1.0,1.0,7873737,0.7937935590744019
formal_matrix,scifact,bge_small_en_v15,41,911,1.0,1.0,1.0,11254556,0.7776869535446167
formal_matrix,scifact,bge_small_en_v15,41,314,0.0,0.0,1.0,544971,0.7426928281784058
formal_matrix,scifact,bge_small_en_v15,41,544,0.38685280723454163,0.2,1.0,11784947,0.7533199787139893
formal_matrix,scifact,bge_small_en_v15,41,1019,0.43067655807339306,0.25,1.0,196664003,0.7343183159828186
formal_matrix,scifact,bge_small_en_v15,41,249,1.0,1.0,1.0,1568684,0.7641274929046631
formal_matrix,scifact,bge_small_en_v15,41,1041,0.37800210039683896,0.125,1.0,15778034,0.8675146102905273
formal_matrix,scifact,bge_small_en_v15,41,674,0.0,0.0,1.0,30981192,0.7271546125411987
formal_matrix,scifact,bge_small_en_v15,41,132,0.0,0.0,1.0,2443495,0.7441012263298035
formal_matrix,scifact,bge_small_en_v15,41,1303,1.0,1.0,1.0,12631697,0.6515035629272461
formal_matrix,scifact,bge_small_en_v15,41,437,0.0,0.0,0.0,3391547,0.7866392135620117
formal_matrix,scifact,bge_small_en_v15,41,274,1.0,1.0,1.0,11614737,0.8789629936218262
formal_matrix,scifact,bge_small_en_v15,41,99,1.0,1.0,1.0,18810195,0.691348671913147
formal_matrix,scifact,bge_small_en_v15,41,1163,1.0,1.0,1.0,15305881,0.824783205986023
formal_matrix,scifact,bge_small_en_v15,41,1272,0.31546487678572877,0.125,1.0,36860856,0.6859631538391113
formal_matrix,scifact,bge_small_en_v15,41,1100,0.0,0.0,1.0,21557614,0.7821325659751892
formal_matrix,scifact,bge_small_en_v15,41,649,0.6309297535714575,0.5,1.0,13906581,0.6126846075057983
formal_matrix,scifact,bge_small_en_v15,41,338,1.0,1.0,1.0,23349986,0.774175226688385
formal_matrix,scifact,bge_small_en_v15,41,185,0.0,0.0,1.0,22975806,0.7243894338607788
formal_matrix,scifact,bge_small_en_v15,41,1191,0.0,0.0,1.0,7211056,0.6204683780670166
formal_matrix,scifact,bge_small_en_v15,41,521,1.0,1.0,1.0,34873974,0.7285075187683105
formal_matrix,scifact,bge_small_en_v15,41,743,1.0,1.0,1.0,32159283,0.7459657192230225
formal_matrix,scifact,bge_small_en_v15,41,1278,1.0,1.0,1.0,11335781,0.73758465051651
formal_matrix,scifact,bge_small_en_v15,41,913,0.0,0.0,1.0,22116439,0.7267928123474121
formal_matrix,scifact,bge_small_en_v15,41,1274,0.6978817289434457,0.5,1.0,22632303,0.8293250799179077
formal_matrix,scifact,bge_small_en_v15,41,1226,0.0,0.0,1.0,11951999,0.7143131494522095
formal_matrix,scifact,bge_small_en_v15,41,1298,1.0,1.0,1.0,11718220,0.8725207448005676
formal_matrix,scifact,bge_small_en_v15,41,1363,0.0,0.0,0.0,27049238,0.6241925358772278
formal_matrix,scifact,bge_small_en_v15,41,1146,1.0,1.0,1.0,13906581,0.7070783376693726
formal_matrix,scifact,bge_small_en_v15,41,298,1.0,1.0,1.0,39381118,0.7525306344032288
formal_matrix,scifact,bge_small_en_v15,41,436,1.0,1.0,1.0,14637235,0.7920881509780884
formal_matrix,scifact,bge_small_en_v15,41,216,1.0,1.0,1.0,21366394,0.8507176041603088
formal_matrix,scifact,bge_small_en_v15,41,1088,1.0,1.0,1.0,37549932,0.796013593673706
formal_matrix,scifact,bge_small_en_v15,41,137,1.0,1.0,1.0,26016929,0.8440942764282227
formal_matrix,scifact,bge_small_en_v15,41,659,1.0,1.0,1.0,1215116,0.6075722575187683
formal_matrix,scifact,bge_small_en_v15,41,1150,1.0,1.0,1.0,11369420,0.845808744430542
formal_matrix,scifact,bge_small_en_v15,41,388,1.0,1.0,1.0,1148122,0.7538207769393921
formal_matrix,scifact,bge_small_en_v15,41,57,1.0,1.0,1.0,4709641,0.8559359312057495
formal_matrix,scifact,bge_small_en_v15,41,13,0.0,0.0,1.0,7662395,0.7135595679283142
formal_matrix,scifact,bge_small_en_v15,41,1245,0.0,0.0,1.0,21870716,0.583612859249115
formal_matrix,scifact,bge_small_en_v15,41,1216,1.0,1.0,1.0,24142891,0.8585746884346008
formal_matrix,scifact,bge_small_en_v15,41,587,0.38685280723454163,0.2,1.0,7142113,0.7742729783058167
formal_matrix,scifact,bge_small_en_v15,41,1062,0.6309297535714575,0.5,1.0,25748308,0.7783284187316895
formal_matrix,scifact,bge_small_en_v15,41,783,0.0,0.0,1.0,39084565,0.7749491930007935
formal_matrix,scifact,bge_small_en_v15,67,1194,1.0,1.0,1.0,11419230,0.7350443601608276
formal_matrix,scifact,bge_small_en_v15,67,1270,1.0,1.0,1.0,13900610,0.6562110185623169
formal_matrix,scifact,bge_small_en_v15,67,589,1.0,1.0,1.0,10984005,0.8689572811126709
formal_matrix,scifact,bge_small_en_v15,67,727,0.3010299956639812,0.1111111111111111,1.0,36444198,0.75044846534729
formal_matrix,scifact,bge_small_en_v15,67,598,0.5,0.3333333333333333,1.0,36355784,0.7365084886550903
formal_matrix,scifact,bge_small_en_v15,67,298,1.0,1.0,1.0,39381118,0.7525306344032288
formal_matrix,scifact,bge_small_en_v15,67,641,0.8772153153380493,1.0,1.0,5912283,0.7889082431793213
formal_matrix,scifact,bge_small_en_v15,67,770,1.0,1.0,1.0,15476777,0.8231066465377808
formal_matrix,scifact,bge_small_en_v15,67,324,0.0,0.0,1.0,40349336,0.6794503331184387
formal_matrix,scifact,bge_small_en_v15,67,148,1.0,1.0,1.0,1084345,0.8191057443618774
formal_matrix,scifact,bge_small_en_v15,67,1121,1.0,1.0,1.0,4456756,0.7865570783615112
formal_matrix,scifact,bge_small_en_v15,67,1362,0.0,0.0,0.0,12549585,0.6193854212760925
formal_matrix,scifact,bge_small_en_v15,67,354,1.0,1.0,1.0,8774475,0.8781735897064209
formal_matrix,scifact,bge_small_en_v15,67,1104,1.0,1.0,1.0,3898784,0.8034919500350952
formal_matrix,scifact,bge_small_en_v15,67,1320,1.0,1.0,1.0,16284655,0.8211966753005981
formal_matrix,scifact,bge_small_en_v15,67,684,0.5,0.3333333333333333,1.0,12881593,0.7654756903648376
formal_matrix,scifact,bge_small_en_v15,67,1368,1.0,1.0,1.0,2425364,0.7603882551193237
formal_matrix,scifact,bge_small_en_v15,67,1273,1.0,1.0,1.0,11041152,0.8965554237365723
formal_matrix,scifact,bge_small_en_v15,67,1221,0.38685280723454163,0.2,1.0,4489217,0.7128982543945312
formal_matrix,scifact,bge_small_en_v15,67,781,1.0,1.0,1.0,24338780,0.8662248849868774
formal_matrix,scifact,bge_small_en_v15,67,411,1.0,1.0,1.0,14924526,0.7870898842811584
formal_matrix,scifact,bge_small_en_v15,67,239,0.31546487678572877,0.125,1.0,3230557,0.7307257652282715
formal_matrix,scifact,bge_small_en_v15,67,575,1.0,1.0,1.0,10300888,0.779486358165741
formal_matrix,scifact,bge_small_en_v15,67,1021,0.6309297535714575,0.5,1.0,10559501,0.800344705581665
formal_matrix,scifact,bge_small_en_v15,67,569,0.5,0.3333333333333333,1.0,3155731,0.8122164011001587
formal_matrix,scifact,bge_small_en_v15,67,839,1.0,1.0,1.0,1469751,0.7830238342285156
formal_matrix,scifact,bge_small_en_v15,67,1332,0.0,0.0,0.0,12705056,0.7360731363296509
formal_matrix,scifact,bge_small_en_v15,67,1319,1.0,1.0,1.0,16284655,0.7911043167114258
formal_matrix,scifact,bge_small_en_v15,67,532,1.0,1.0,1.0,12991445,0.7800393104553223
formal_matrix,scifact,bge_small_en_v15,67,831,0.0,0.0,1.0,26596106,0.7354339957237244
formal_matrix,scifact,bge_small_en_v15,67,1014,1.0,1.0,1.0,6277638,0.7919434309005737
formal_matrix,scifact,bge_small_en_v15,67,691,0.6309297535714575,0.5,1.0,33076846,0.8163456916809082
formal_matrix,scifact,bge_small_en_v15,67,230,1.0,1.0,1.0,3067015,0.7204545736312866
formal_matrix,scifact,bge_small_en_v15,67,552,1.0,1.0,1.0,1471041,0.8713879585266113
formal_matrix,scifact,bge_small_en_v15,67,517,0.0,0.0,1.0,17656445,0.7468088865280151
formal_matrix,scifact,bge_small_en_v15,67,133,0.830419897363192,1.0,1.0,16280642,0.835740864276886
formal_matrix,scifact,bge_small_en_v15,67,659,1.0,1.0,1.0,1215116,0.6075722575187683
formal_matrix,scifact,bge_small_en_v15,67,922,1.0,1.0,1.0,17077004,0.7452405095100403
formal_matrix,scifact,bge_small_en_v15,67,100,1.0,1.0,1.0,4381486,0.7675632834434509
formal_matrix,scifact,bge_small_en_v15,67,690,0.0,0.0,1.0,27162821,0.6146425008773804
formal_matrix,scifact,bge_small_en_v15,67,508,0.0,0.0,1.0,25516011,0.7188388109207153
formal_matrix,scifact,bge_small_en_v15,67,232,0.6309297535714575,0.5,1.0,7655029,0.8386631011962891
formal_matrix,scifact,bge_small_en_v15,67,1088,1.0,1.0,1.0,37549932,0.796013593673706
formal_matrix,scifact,bge_small_en_v15,67,1282,1.0,1.0,1.0,23649163,0.6809760332107544
formal_matrix,scifact,bge_small_en_v15,67,1,0.2890648263178879,0.1,1.0,17388232,0.7174187898635864
formal_matrix,scifact,bge_small_en_v15,67,1336,1.0,1.0,1.0,27910499,0.8143931031227112
formal_matrix,scifact,bge_small_en_v15,67,236,1.0,1.0,1.0,4388470,0.8281978964805603
formal_matrix,scifact,bge_small_en_v15,67,674,0.0,0.0,1.0,30981192,0.7271546125411987
formal_matrix,scifact,bge_small_en_v15,67,1196,0.3562071871080222,0.16666666666666666,1.0,33135135,0.6286220550537109
formal_matrix,scifact,bge_small_en_v15,67,560,0.0,0.0,0.0,25726838,0.7659869194030762
formal_matrix,scifact,bge_small_en_v15,83,785,0.3010299956639812,0.1111111111111111,1.0,54440,0.7838090658187866
formal_matrix,scifact,bge_small_en_v15,83,718,1.0,1.0,1.0,17587795,0.790209174156189
formal_matrix,scifact,bge_small_en_v15,83,1207,1.0,1.0,1.0,18909530,0.8295970559120178
formal_matrix,scifact,bge_small_en_v15,83,1279,1.0,1.0,1.0,11335781,0.7661556005477905
formal_matrix,scifact,bge_small_en_v15,83,539,1.0,1.0,1.0,13282296,0.8495382070541382
formal_matrix,scifact,bge_small_en_v15,83,1104,1.0,1.0,1.0,3898784,0.8034919500350952
formal_matrix,scifact,bge_small_en_v15,83,1140,1.0,1.0,1.0,12009265,0.7811248302459717
formal_matrix,scifact,bge_small_en_v15,83,180,1.0,1.0,1.0,16966326,0.7908754348754883
formal_matrix,scifact,bge_small_en_v15,83,1382,1.0,1.0,1.0,17755060,0.7924183011054993
formal_matrix,scifact,bge_small_en_v15,83,1359,1.0,1.0,1.0,11614737,0.8468519449234009
formal_matrix,scifact,bge_small_en_v15,83,415,0.3333333333333333,0.14285714285714285,1.0,51386222,0.8165976405143738
formal_matrix,scifact,bge_small_en_v15,83,1200,0.43067655807339306,0.25,1.0,21114100,0.7144547700881958
formal_matrix,scifact,bge_small_en_v15,83,1146,1.0,1.0,1.0,13906581,0.7070783376693726
formal_matrix,scifact,bge_small_en_v15,83,593,1.0,1.0,1.0,19675911,0.7949286699295044
formal_matrix,scifact,bge_small_en_v15,83,1319,1.0,1.0,1.0,16284655,0.7911043167114258
formal_matrix,scifact,bge_small_en_v15,83,513,0.6309297535714575,0.5,1.0,12770738,0.7664988040924072
formal_matrix,scifact,bge_small_en_v15,83,388,1.0,1.0,1.0,1148122,0.7538207769393921
formal_matrix,scifact,bge_small_en_v15,83,922,1.0,1.0,1.0,17077004,0.7452405095100403
formal_matrix,scifact,bge_small_en_v15,83,146,1.0,1.0,1.0,10582939,0.8212287425994873
formal_matrix,scifact,bge_small_en_v15,83,743,1.0,1.0,1.0,32159283,0.7459657192230225
formal_matrix,scifact,bge_small_en_v15,83,218,1.0,1.0,1.0,21366394,0.8963224291801453
formal_matrix,scifact,bge_small_en_v15,83,692,1.0,1.0,1.0,24088502,0.7810739278793335
formal_matrix,scifact,bge_small_en_v15,83,1337,1.0,1.0,1.0,20231138,0.8166874051094055
formal_matrix,scifact,bge_small_en_v15,83,1130,1.0,1.0,1.0,17997584,0.8185029625892639
formal_matrix,scifact,bge_small_en_v15,83,1099,0.31546487678572877,0.125,1.0,43629704,0.7901616096496582
formal_matrix,scifact,bge_small_en_v15,83,1049,0.3010299956639812,0.1111111111111111,1.0,8925851,0.7354869842529297
formal_matrix,scifact,bge_small_en_v15,83,723,1.0,1.0,1.0,5531479,0.9037460088729858
formal_matrix,scifact,bge_small_en_v15,83,508,0.0,0.0,1.0,25516011,0.7188388109207153
formal_matrix,scifact,bge_small_en_v15,83,549,1.0,1.0,1.0,9433958,0.7709076404571533
formal_matrix,scifact,bge_small_en_v15,83,967,1.0,1.0,1.0,8997410,0.762738049030304
formal_matrix,scifact,bge_small_en_v15,83,1379,1.0,1.0,1.0,27123743,0.8404057025909424
formal_matrix,scifact,bge_small_en_v15,83,904,1.0,1.0,1.0,7370282,0.875577986240387
formal_matrix,scifact,bge_small_en_v15,83,436,1.0,1.0,1.0,14637235,0.7920881509780884
formal_matrix,scifact,bge_small_en_v15,83,744,0.6309297535714575,0.5,1.0,4138659,0.8445594310760498
formal_matrix,scifact,bge_small_en_v15,83,702,1.0,1.0,1.0,4350400,0.8239200115203857
formal_matrix,scifact,bge_small_en_v15,83,439,1.0,1.0,1.0,4423559,0.7909867763519287
formal_matrix,scifact,bge_small_en_v15,83,684,0.5,0.3333333333333333,1.0,12881593,0.7654756903648376
formal_matrix,scifact,bge_small_en_v15,83,1282,1.0,1.0,1.0,23649163,0.6809760332107544
formal_matrix,scifact,bge_small_en_v15,83,587,0.38685280723454163,0.2,1.0,7142113,0.7742729783058167
formal_matrix,scifact,bge_small_en_v15,83,820,0.0,0.0,1.0,36606083,0.7728602290153503
formal_matrix,scifact,bge_small_en_v15,83,911,1.0,1.0,1.0,11254556,0.7776869535446167
formal_matrix,scifact,bge_small_en_v15,83,957,1.0,1.0,1.0,123859,0.6898125410079956
formal_matrix,scifact,bge_small_en_v15,83,1021,0.6309297535714575,0.5,1.0,10559501,0.800344705581665
formal_matrix,scifact,bge_small_en_v15,83,53,1.0,1.0,1.0,45638119,0.8736491799354553
formal_matrix,scifact,bge_small_en_v15,83,690,0.0,0.0,1.0,27162821,0.6146425008773804
formal_matrix,scifact,bge_small_en_v15,83,1273,1.0,1.0,1.0,11041152,0.8965554237365723
formal_matrix,scifact,bge_small_en_v15,83,729,1.0,1.0,1.0,26851674,0.762826681137085
formal_matrix,scifact,bge_small_en_v15,83,921,1.0,1.0,1.0,1642727,0.7895763516426086
formal_matrix,scifact,bge_small_en_v15,83,641,0.8772153153380493,1.0,1.0,5912283,0.7889082431793213
formal_matrix,scifact,bge_small_en_v15,83,130,1.0,1.0,1.0,27768226,0.793301522731781
formal_matrix,scifact,bge_small_en_v15,127,1130,1.0,1.0,1.0,17997584,0.8185029625892639
formal_matrix,scifact,bge_small_en_v15,127,985,1.0,1.0,1.0,6828370,0.845718502998352
formal_matrix,scifact,bge_small_en_v15,127,936,1.0,1.0,1.0,5483793,0.7695926427841187
formal_matrix,scifact,bge_small_en_v15,127,1226,0.0,0.0,1.0,11951999,0.7143131494522095
formal_matrix,scifact,bge_small_en_v15,127,1086,1.0,1.0,1.0,39281140,0.8767986297607422
formal_matrix,scifact,bge_small_en_v15,127,1099,0.31546487678572877,0.125,1.0,43629704,0.7901616096496582
formal_matrix,scifact,bge_small_en_v15,127,3,0.43067655807339306,0.25,1.0,19058822,0.7374380826950073
formal_matrix,scifact,bge_small_en_v15,127,146,1.0,1.0,1.0,10582939,0.8212287425994873
formal_matrix,scifact,bge_small_en_v15,127,587,0.38685280723454163,0.2,1.0,7142113,0.7742729783058167
formal_matrix,scifact,bge_small_en_v15,127,217,1.0,1.0,1.0,21366394,0.8480017185211182
formal_matrix,scifact,bge_small_en_v15,127,386,1.0,1.0,1.0,16495649,0.7518656849861145
formal_matrix,scifact,bge_small_en_v15,127,415,0.3333333333333333,0.14285714285714285,1.0,51386222,0.8165976405143738
formal_matrix,scifact,bge_small_en_v15,127,540,0.23719771276929622,0.2,1.0,45154987,0.7968224287033081
formal_matrix,scifact,bge_small_en_v15,127,1175,0.0,0.0,0.0,16058322,0.6448830366134644
formal_matrix,scifact,bge_small_en_v15,127,421,0.0,0.0,1.0,1065627,0.7718509435653687
formal_matrix,scifact,bge_small_en_v15,127,380,1.0,1.0,1.0,19005293,0.7641381621360779
formal_matrix,scifact,bge_small_en_v15,127,859,0.5,0.3333333333333333,1.0,22049489,0.7806917428970337
formal_matrix,scifact,bge_small_en_v15,127,1274,0.6978817289434457,0.5,1.0,22632303,0.8293250799179077
formal_matrix,scifact,bge_small_en_v15,127,539,1.0,1.0,1.0,13282296,0.8495382070541382
formal_matrix,scifact,bge_small_en_v15,127,1259,1.0,1.0,1.0,24341590,0.8124394416809082
formal_matrix,scifact,bge_small_en_v15,127,1213,0.0,0.0,1.0,17934603,0.6970147490501404
formal_matrix,scifact,bge_small_en_v15,127,532,1.0,1.0,1.0,12991445,0.7800393104553223
formal_matrix,scifact,bge_small_en_v15,127,508,0.0,0.0,1.0,25516011,0.7188388109207153
formal_matrix,scifact,bge_small_en_v15,127,1062,0.6309297535714575,0.5,1.0,25748308,0.7783284187316895
formal_matrix,scifact,bge_small_en_v15,127,742,1.0,1.0,1.0,32159283,0.7179831266403198
formal_matrix,scifact,bge_small_en_v15,127,1362,0.0,0.0,0.0,12549585,0.6193854212760925
formal_matrix,scifact,bge_small_en_v15,127,533,1.0,1.0,1.0,12991445,0.7760703563690186
formal_matrix,scifact,bge_small_en_v15,127,536,1.0,1.0,1.0,16056514,0.790061354637146
formal_matrix,scifact,bge_small_en_v15,127,338,1.0,1.0,1.0,23349986,0.774175226688385
formal_matrix,scifact,bge_small_en_v15,127,1270,1.0,1.0,1.0,13900610,0.6562110185623169
formal_matrix,scifact,bge_small_en_v15,127,808,1.0,1.0,1.0,36606083,0.7092769145965576
formal_matrix,scifact,bge_small_en_v15,127,1273,1.0,1.0,1.0,11041152,0.8965554237365723
formal_matrix,scifact,bge_small_en_v15,127,269,1.0,1.0,1.0,970012,0.6648864150047302
formal_matrix,scifact,bge_small_en_v15,127,1225,1.0,1.0,1.0,9650982,0.7696670889854431
formal_matrix,scifact,bge_small_en_v15,127,261,0.42177340954886444,0.2,1.0,32322418,0.8565734028816223
formal_matrix,scifact,bge_small_en_v15,127,837,0.3562071871080222,0.16666666666666666,1.0,1780819,0.7349560856819153
formal_matrix,scifact,bge_small_en_v15,127,1163,1.0,1.0,1.0,15305881,0.824783205986023
formal_matrix,scifact,bge_small_en_v15,127,279,1.0,1.0,1.0,14376683,0.8344363570213318
formal_matrix,scifact,bge_small_en_v15,127,148,1.0,1.0,1.0,1084345,0.8191057443618774
formal_matrix,scifact,bge_small_en_v15,127,641,0.8772153153380493,1.0,1.0,5912283,0.7889082431793213
formal_matrix,scifact,bge_small_en_v15,127,644,1.0,1.0,1.0,13619127,0.7540379762649536
formal_matrix,scifact,bge_small_en_v15,127,142,1.0,1.0,1.0,10582939,0.8005954623222351
formal_matrix,scifact,bge_small_en_v15,127,1104,1.0,1.0,1.0,3898784,0.8034919500350952
formal_matrix,scifact,bge_small_en_v15,127,268,1.0,1.0,1.0,970012,0.6722943782806396
formal_matrix,scifact,bge_small_en_v15,127,133,0.830419897363192,1.0,1.0,16280642,0.835740864276886
formal_matrix,scifact,bge_small_en_v15,127,960,1.0,1.0,1.0,8780599,0.8285942673683167
formal_matrix,scifact,bge_small_en_v15,127,238,0.5,0.3333333333333333,1.0,2000038,0.7184330224990845
formal_matrix,scifact,bge_small_en_v15,127,216,1.0,1.0,1.0,21366394,0.8507176041603088
formal_matrix,scifact,bge_small_en_v15,127,684,0.5,0.3333333333333333,1.0,12881593,0.7654756903648376
formal_matrix,scifact,bge_small_en_v15,127,141,1.0,1.0,1.0,14437255,0.7394065856933594
formal_matrix,nfcorpus,bm25,23,PLAIN-2440,0.0,0.0,0.0,MED-1792,15.258143163320778
formal_matrix,nfcorpus,bm25,23,PLAIN-1429,0.0,0.0,0.0,MED-1381,13.104859347478218
formal_matrix,nfcorpus,bm25,23,PLAIN-1098,0.0,0.0,0.0,,
formal_matrix,nfcorpus,bm25,23,PLAIN-792,0.644824486427155,1.0,0.5,MED-4546,12.254272990426383
formal_matrix,nfcorpus,bm25,23,PLAIN-2520,0.07919450280189604,0.25,0.1232876712328767,MED-3273,21.48040911124524
formal_matrix,nfcorpus,bm25,23,PLAIN-3074,1.0,1.0,1.0,MED-4555,19.30876869805371
formal_matrix,nfcorpus,bm25,23,PLAIN-2860,1.0,1.0,1.0,MED-4186,36.93338555389063
formal_matrix,nfcorpus,bm25,23,PLAIN-488,0.933745776545611,1.0,0.7333333333333333,MED-1808,13.93670431935956
formal_matrix,nfcorpus,bm25,23,PLAIN-2760,0.0,0.0,0.0,MED-4600,10.096226211386217
formal_matrix,nfcorpus,bm25,23,PLAIN-1656,0.09478836436955078,0.25,0.03571428571428571,MED-4470,8.934099458011847
formal_matrix,nfcorpus,bm25,23,PLAIN-1962,0.0,0.0,0.0,MED-2438,10.196373375572279
formal_matrix,nfcorpus,bm25,23,PLAIN-2311,0.0,0.0,0.0,MED-4801,8.165343187883312
formal_matrix,nfcorpus,bm25,23,PLAIN-320,0.0,0.0,0.14285714285714285,MED-2424,10.654383667584398
formal_matrix,nfcorpus,bm25,23,PLAIN-1088,0.5531464700081437,1.0,0.4,MED-2109,13.958845791532866
formal_matrix,nfcorpus,bm25,23,PLAIN-2102,0.5352543167750639,1.0,0.09738717339667459,MED-1545,6.013654206659188
formal_matrix,nfcorpus,bm25,23,PLAIN-946,0.31488013066763093,1.0,0.06451612903225806,MED-4381,7.977421933071761
formal_matrix,nfcorpus,bm25,23,PLAIN-3241,0.0,0.0,0.0,MED-735,10.745990946624019
formal_matrix,nfcorpus,bm25,23,PLAIN-1130,1.0,1.0,1.0,MED-4165,15.618989506542222
formal_matrix,nfcorpus,bm25,23,PLAIN-1537,0.0,0.0,0.2,MED-4880,21.48253546754681
formal_matrix,nfcorpus,bm25,23,PLAIN-143,0.3843483686763149,1.0,0.0784313725490196,MED-3621,25.591617750998033
formal_matrix,nfcorpus,bm25,23,PLAIN-3442,0.0,0.0,0.06896551724137931,MED-1743,7.923058306897877
formal_matrix,nfcorpus,bm25,23,PLAIN-307,0.2960819109658653,0.5,1.0,MED-3231,15.663129357102973
formal_matrix,nfcorpus,bm25,23,PLAIN-1119,0.0,0.0,0.0,MED-4025,10.342235245585933
formal_matrix,nfcorpus,bm25,23,PLAIN-395,0.0,0.0,0.0,MED-3482,14.112215699896396
formal_matrix,nfcorpus,bm25,23,PLAIN-987,0.23463936301137822,0.3333333333333333,0.3333333333333333,MED-2780,8.024016307989928
formal_matrix,nfcorpus,bm25,23,PLAIN-3131,0.13216105048695953,0.14285714285714285,0.16666666666666666,MED-2291,11.661327022863691
formal_matrix,nfcorpus,bm25,23,PLAIN-1299,0.30523488393970116,1.0,0.04918032786885246,MED-4747,9.971056703933115
formal_matrix,nfcorpus,bm25,23,PLAIN-2030,0.30260241349881345,1.0,0.16666666666666666,MED-4051,7.30319432843455
formal_matrix,nfcorpus,bm25,23,PLAIN-1193,0.06362078819895171,0.1,0.4444444444444444,MED-2378,14.881734617280017
formal_matrix,nfcorpus,bm25,23,PLAIN-78,0.05657095544334432,0.5,0.04838709677419355,MED-1540,13.754420694949157
formal_matrix,nfcorpus,bm25,23,PLAIN-2800,0.18255742052253163,0.25,0.125,MED-4456,11.783417642831978
formal_matrix,nfcorpus,bm25,23,PLAIN-1867,0.0,0.0,0.0,,
formal_matrix,nfcorpus,bm25,23,PLAIN-2071,0.5810820381115676,1.0,0.2,MED-3532,10.06020309074041
formal_matrix,nfcorpus,bm25,23,PLAIN-2780,0.3503988098744159,1.0,0.4090909090909091,MED-3896,30.821143681231085
formal_matrix,nfcorpus,bm25,23,PLAIN-671,1.0,1.0,1.0,MED-4857,12.33368208533166
formal_matrix,nfcorpus,bm25,23,PLAIN-691,0.0,0.0,0.047619047619047616,MED-4909,7.418478053560324
formal_matrix,nfcorpus,bm25,23,PLAIN-2386,0.0,0.0,0.0,MED-2346,9.407284423506807
formal_matrix,nfcorpus,bm25,23,PLAIN-2550,0.0,0.0,0.2,MED-2301,11.236666847615638
formal_matrix,nfcorpus,bm25,23,PLAIN-701,0.361879195385413,1.0,0.5,MED-3720,17.87521126337734
formal_matrix,nfcorpus,bm25,23,PLAIN-3322,0.08514311764162098,0.2,0.0759493670886076,MED-2174,8.182250741306003
formal_matrix,nfcorpus,bm25,23,PLAIN-1887,0.0,0.0,0.0,MED-2824,7.921317135802576
formal_matrix,nfcorpus,bm25,23,PLAIN-3372,0.0,0.0,0.0,MED-4868,10.165704649948907
formal_matrix,nfcorpus,bm25,23,PLAIN-782,0.0,0.0,0.0,MED-1055,10.143594679746565
formal_matrix,nfcorpus,bm25,23,PLAIN-3211,0.0,0.0,0.0,MED-2098,14.444266344939162
formal_matrix,nfcorpus,bm25,23,PLAIN-1827,0.0,0.0,0.0,,
formal_matrix,nfcorpus,bm25,23,PLAIN-1919,0.793584067764911,1.0,0.6296296296296297,MED-3321,15.769946897661384
formal_matrix,nfcorpus,bm25,23,PLAIN-1897,0.0,0.0,0.0,MED-4186,10.503858620091506
formal_matrix,nfcorpus,bm25,23,PLAIN-510,0.0,0.0,0.0,,
formal_matrix,nfcorpus,bm25,23,PLAIN-2590,0.022146236758459774,0.1,0.07936507936507936,MED-5226,12.661225411010745
formal_matrix,nfcorpus,bm25,23,PLAIN-44,0.0,0.0,0.20689655172413793,MED-2782,12.3461113052185
formal_matrix,nfcorpus,bm25,41,PLAIN-2870,0.0,0.0,0.2,MED-2178,10.601994682647632
formal_matrix,nfcorpus,bm25,41,PLAIN-2640,0.506084798051409,1.0,0.5416666666666666,MED-2745,20.490230541014114
formal_matrix,nfcorpus,bm25,41,PLAIN-2156,0.644824486427155,1.0,0.5,MED-4868,13.604926661428559
formal_matrix,nfcorpus,bm25,41,PLAIN-1847,0.33013764944712026,1.0,0.18181818181818182,MED-4000,7.243885509717029
formal_matrix,nfcorpus,bm25,41,PLAIN-2890,0.17735889013007314,0.2,0.034482758620689655,MED-1538,22.52730608113341
formal_matrix,nfcorpus,bm25,41,PLAIN-721,1.0,1.0,0.72,MED-4876,10.53151927903715
formal_matrix,nfcorpus,bm25,41,PLAIN-2396,0.0,0.0,0.0,,
formal_matrix,nfcorpus,bm25,41,PLAIN-603,0.0,0.0,0.0,MED-1957,10.67032479868782
formal_matrix,nfcorpus,bm25,41,PLAIN-2364,0.0,0.0,0.0,MED-5004,11.542802834860828
formal_matrix,nfcorpus,bm25,41,PLAIN-2880,0.0,0.0,0.0,MED-2116,9.098678545119256
formal_matrix,nfcorpus,bm25,41,PLAIN-1039,1.0,1.0,1.0,MED-4380,18.456823597144766
formal_matrix,nfcorpus,bm25,41,PLAIN-2240,0.5834330535576521,1.0,0.45454545454545453,MED-3969,18.886589723253806
formal_matrix,nfcorpus,bm25,41,PLAIN-1109,0.6046855387118412,1.0,0.12244897959183673,MED-2643,17.16126558217689
formal_matrix,nfcorpus,bm25,41,PLAIN-3171,0.19906624975234877,0.5,0.23529411764705882,MED-2333,8.786425578506991
formal_matrix,nfcorpus,bm25,41,PLAIN-1784,0.0,0.0,0.0,MED-2671,5.010911565123239
formal_matrix,nfcorpus,bm25,41,PLAIN-1752,0.0,0.0,0.0,,
formal_matrix,nfcorpus,bm25,41,PLAIN-2580,0.39748251179391547,1.0,0.13043478260869565,MED-2220,23.262746230744995
formal_matrix,nfcorpus,bm25,41,PLAIN-2271,0.0,0.0,0.0,,
formal_matrix,nfcorpus,bm25,41,PLAIN-946,0.31488013066763093,1.0,0.06451612903225806,MED-4381,7.977421933071761
formal_matrix,nfcorpus,bm25,41,PLAIN-751,0.0,0.0,0.0,MED-3135,10.258507221267184
formal_matrix,nfcorpus,bm25,41,PLAIN-1309,0.0,0.0,0.0,,
formal_matrix,nfcorpus,bm25,41,PLAIN-1611,0.0,0.0,0.0,,
formal_matrix,nfcorpus,bm25,41,PLAIN-771,1.0,1.0,1.0,MED-3386,22.767137770877337
formal_matrix,nfcorpus,bm25,41,PLAIN-1172,0.22009176629808017,1.0,0.05263157894736842,MED-4150,14.597117669125275
formal_matrix,nfcorpus,bm25,41,PLAIN-3141,0.09848418277380512,0.1,0.17647058823529413,MED-4235,10.20707702537295
formal_matrix,nfcorpus,bm25,41,PLAIN-2386,0.0,0.0,0.0,MED-2346,9.407284423506807
formal_matrix,nfcorpus,bm25,41,PLAIN-2071,0.5810820381115676,1.0,0.2,MED-3532,10.06020309074041
formal_matrix,nfcorpus,bm25,41,PLAIN-1374,0.22793826167775827,0.2,0.11538461538461539,MED-820,7.67978196511357
formal_matrix,nfcorpus,bm25,41,PLAIN-2770,0.3460447326967689,1.0,0.3170731707317073,MED-3832,18.511630306505555
formal_matrix,nfcorpus,bm25,41,PLAIN-3332,0.31613093951531274,1.0,0.6428571428571429,MED-3696,12.682333943600145
formal_matrix,nfcorpus,bm25,41,PLAIN-1645,0.30260241349881345,1.0,0.16666666666666666,MED-5056,10.16530243004049
formal_matrix,nfcorpus,bm25,41,PLAIN-613,0.06362078819895171,0.1,0.2,MED-909,13.40825638259647
formal_matrix,nfcorpus,bm25,41,PLAIN-1635,0.5017100640839688,0.5,0.14617169373549885,MED-5118,6.1884144340747165
formal_matrix,nfcorpus,bm25,41,PLAIN-1506,0.2984900352767555,1.0,0.13333333333333333,MED-5239,11.827498730615597
formal_matrix,nfcorpus,bm25,41,PLAIN-1731,0.7653606369886217,1.0,0.6666666666666666,MED-2749,11.608069349168423
formal_matrix,nfcorpus,bm25,41,PLAIN-1897,0.0,0.0,0.0,MED-4186,10.503858620091506
formal_matrix,nfcorpus,bm25,41,PLAIN-1275,0.4537425745411855,1.0,0.10909090909090909,MED-4712,16.305307817729066
formal_matrix,nfcorpus,bm25,41,PLAIN-2311,0.0,0.0,0.0,MED-4801,8.165343187883312
formal_matrix,nfcorpus,bm25,41,PLAIN-2570,0.1269082923178573,0.3333333333333333,0.1,MED-1248,12.585353223103569
formal_matrix,nfcorpus,bm25,41,PLAIN-2124,0.3589542101716347,1.0,0.11764705882352941,MED-1525,13.444054683342817
formal_matrix,nfcorpus,bm25,41,PLAIN-1141,0.22009176629808017,1.0,0.1875,MED-2112,11.453725994911277
formal_matrix,nfcorpus,bm25,41,PLAIN-892,0.727329844310522,1.0,0.06521739130434782,MED-3132,6.860265737906521
formal_matrix,nfcorpus,bm25,41,PLAIN-1919,0.793584067764911,1.0,0.6296296296296297,MED-3321,15.769946897661384
formal_matrix,nfcorpus,bm25,41,PLAIN-3151,0.0,0.0,0.5555555555555556,MED-4595,27.409568280906583
formal_matrix,nfcorpus,bm25,41,PLAIN-1299,0.30523488393970116,1.0,0.04918032786885246,MED-4747,9.971056703933115
formal_matrix,nfcorpus,bm25,41,PLAIN-2490,0.5797960522822954,1.0,0.2608695652173913,MED-1490,16.370751675613015
formal_matrix,nfcorpus,bm25,41,PLAIN-2950,0.0,0.0,0.0,MED-1625,11.438065309497361
formal_matrix,nfcorpus,bm25,41,PLAIN-1741,1.0,1.0,0.15476190476190477,MED-2383,7.186956045718949
formal_matrix,nfcorpus,bm25,41,PLAIN-1537,0.0,0.0,0.2,MED-4880,21.48253546754681
formal_matrix,nfcorpus,bm25,41,PLAIN-1473,1.0,1.0,1.0,MED-4455,11.644483497077397
formal_matrix,nfcorpus,bm25,67,PLAIN-1387,0.6569815082938864,1.0,0.6666666666666666,MED-3380,9.56375763738396
formal_matrix,nfcorpus,bm25,67,PLAIN-1590,0.22009176629808017,1.0,0.2222222222222222,MED-3604,15.982525861243737
formal_matrix,nfcorpus,bm25,67,PLAIN-3001,0.23719771276929622,0.2,0.5,MED-3314,19.04692456904206
formal_matrix,nfcorpus,bm25,67,PLAIN-3302,0.24924199037643666,1.0,0.3783783783783784,MED-2907,5.642368466632481
formal_matrix,nfcorpus,bm25,67,PLAIN-3037,0.0,0.0,0.0,MED-5069,10.58513731746133
formal_matrix,nfcorpus,bm25,67,PLAIN-2311,0.0,0.0,0.0,MED-4801,8.165343187883312
formal_matrix,nfcorpus,bm25,67,PLAIN-817,0.0,0.0,0.0,,
formal_matrix,nfcorpus,bm25,67,PLAIN-3116,0.0,0.0,1.0,MED-2924,11.754804708293626
formal_matrix,nfcorpus,bm25,67,PLAIN-3392,0.0,0.0,0.08695652173913043,MED-1646,8.12811906295075
formal_matrix,nfcorpus,bm25,67,PLAIN-956,0.2980272981222516,0.25,0.1553398058252427,MED-5191,9.138220722446492
formal_matrix,nfcorpus,bm25,67,PLAIN-2375,0.0,0.0,0.0,,
formal_matrix,nfcorpus,bm25,67,PLAIN-2019,0.46927872602275644,1.0,0.3333333333333333,MED-4573,8.05765963768678
formal_matrix,nfcorpus,bm25,67,PLAIN-1203,0.3589542101716347,1.0,0.16666666666666666,MED-4771,14.482716066266637
formal_matrix,nfcorpus,bm25,67,PLAIN-1887,0.0,0.0,0.0,MED-2824,7.921317135802576
formal_matrix,nfcorpus,bm25,67,PLAIN-2430,0.35895421017163465,1.0,0.17391304347826086,MED-994,20.12667661246443
formal_matrix,nfcorpus,bm25,67,PLAIN-1183,0.28952298823485745,1.0,0.08,MED-1276,9.480132708131999
formal_matrix,nfcorpus,bm25,67,PLAIN-1794,1.0,1.0,1.0,MED-5041,10.95345062926726
formal_matrix,nfcorpus,bm25,67,PLAIN-3181,0.0,0.0,0.1111111111111111,MED-3359,13.83617606664826
formal_matrix,nfcorpus,bm25,67,PLAIN-1909,1.0,1.0,0.07127429805615551,MED-2341,8.13319438945541
formal_matrix,nfcorpus,bm25,67,PLAIN-1621,0.0,0.0,0.0,,
formal_matrix,nfcorpus,bm25,67,PLAIN-1485,0.0,0.0,0.0,MED-2099,11.473252272483201
formal_matrix,nfcorpus,bm25,67,PLAIN-3412,0.2141681435731105,1.0,0.16326530612244897,MED-4682,14.390516135750575
formal_matrix,nfcorpus,bm25,67,PLAIN-2520,0.07919450280189604,0.25,0.1232876712328767,MED-3273,21.48040911124524
formal_matrix,nfcorpus,bm25,67,PLAIN-2220,0.23504554941448536,1.0,0.1111111111111111,MED-4976,12.797800857539418
formal_matrix,nfcorpus,bm25,67,PLAIN-2960,0.35583989829307827,0.25,0.5,MED-4371,29.206804924874135
formal_matrix,nfcorpus,bm25,67,PLAIN-782,0.0,0.0,0.0,MED-1055,10.143594679746565
formal_matrix,nfcorpus,bm25,67,PLAIN-1066,0.0,0.0,0.0,MED-1712,11.2634203214904
formal_matrix,nfcorpus,bm25,67,PLAIN-2940,0.0,0.0,0.0,MED-3961,18.49096627108534
formal_matrix,nfcorpus,bm25,67,PLAIN-468,0.28559389665419616,0.2,0.7,MED-4573,46.503261721854344
formal_matrix,nfcorpus,bm25,67,PLAIN-1817,0.5352543167750639,1.0,0.14814814814814814,MED-4706,18.291803619546336
formal_matrix,nfcorpus,bm25,67,PLAIN-1772,1.0,1.0,1.0,MED-4728,11.490516155308626
formal_matrix,nfcorpus,bm25,67,PLAIN-2810,0.043358872528941626,0.16666666666666666,0.5,MED-2491,21.65091803360256
formal_matrix,nfcorpus,bm25,67,PLAIN-430,0.6051958559375977,1.0,0.625,MED-928,33.66137206259963
formal_matrix,nfcorpus,bm25,67,PLAIN-1028,0.0,0.0,0.0,MED-4178,8.233790268001709
formal_matrix,nfcorpus,bm25,67,PLAIN-320,0.0,0.0,0.14285714285714285,MED-2424,10.654383667584398
formal_matrix,nfcorpus,bm25,67,PLAIN-2167,0.0,0.0,0.0,MED-2488,9.24870910107958
formal_matrix,nfcorpus,bm25,67,PLAIN-291,0.3589542101716347,1.0,0.23076923076923078,MED-4517,13.622076714923189
formal_matrix,nfcorpus,bm25,67,PLAIN-2760,0.0,0.0,0.0,MED-4600,10.096226211386217
formal_matrix,nfcorpus,bm25,67,PLAIN-1805,0.9305687780632227,1.0,0.22413793103448276,MED-3938,14.43504985687844
formal_matrix,nfcorpus,bm25,67,PLAIN-3151,0.0,0.0,0.5555555555555556,MED-4595,27.409568280906583
formal_matrix,nfcorpus,bm25,67,PLAIN-645,0.0,0.0,0.0,,
formal_matrix,nfcorpus,bm25,67,PLAIN-1018,0.4922818839877925,0.3333333333333333,0.13333333333333333,MED-5095,10.06781882453497
formal_matrix,nfcorpus,bm25,67,PLAIN-806,0.857980942822373,1.0,0.25,MED-4996,13.64158849758405
formal_matrix,nfcorpus,bm25,67,PLAIN-3191,0.16589113920719645,0.16666666666666666,0.4375,MED-928,14.66736948369996
formal_matrix,nfcorpus,bm25,67,PLAIN-2710,0.5923885080930046,1.0,0.2857142857142857,MED-3382,26.482754135409195
formal_matrix,nfcorpus,bm25,67,PLAIN-217,0.0,0.0,0.05555555555555555,MED-4831,13.69018070291971
formal_matrix,nfcorpus,bm25,67,PLAIN-1141,0.22009176629808017,1.0,0.1875,MED-2112,11.453725994911277
formal_matrix,nfcorpus,bm25,67,PLAIN-1690,0.0,0.0,0.25,MED-1878,14.225238051548672
formal_matrix,nfcorpus,bm25,67,PLAIN-872,0.0,0.0,0.0,MED-3989,16.81078882108336
formal_matrix,nfcorpus,bm25,67,PLAIN-1008,0.0,0.0,0.0,,
formal_matrix,nfcorpus,bm25,83,PLAIN-344,0.08200843121283655,0.3333333333333333,0.09836065573770492,MED-2495,16.438697798491248
formal_matrix,nfcorpus,bm25,83,PLAIN-3271,0.0,0.0,0.061224489795918366,MED-4450,12.082509791150207
formal_matrix,nfcorpus,bm25,83,PLAIN-1453,0.30523488393970116,1.0,0.10612244897959183,MED-2221,9.15833741923023
formal_matrix,nfcorpus,bm25,83,PLAIN-165,0.2966922975671783,0.5,0.2777777777777778,MED-4445,15.033342910850283
formal_matrix,nfcorpus,bm25,83,PLAIN-2850,0.0,0.0,0.0,MED-2584,17.955912168454006
formal_matrix,nfcorpus,bm25,83,PLAIN-1183,0.28952298823485745,1.0,0.08,MED-1276,9.480132708131999
formal_matrix,nfcorpus,bm25,83,PLAIN-1249,0.0,0.0,0.0,MED-3283,8.033383778278308
formal_matrix,nfcorpus,bm25,83,PLAIN-2061,0.933745776545611,1.0,0.07804878048780488,MED-3031,8.888039527387555
formal_matrix,nfcorpus,bm25,83,PLAIN-1950,0.2489083270225946,0.5,0.15384615384615385,MED-912,12.755945029685394
formal_matrix,nfcorpus,bm25,83,PLAIN-1877,0.0,0.0,0.027777777777777776,MED-4831,10.780128164283086
formal_matrix,nfcorpus,bm25,83,PLAIN-2530,0.9035650050446238,1.0,0.3055555555555556,MED-1804,24.04737495635683
formal_matrix,nfcorpus,bm25,83,PLAIN-1429,0.0,0.0,0.0,MED-1381,13.104859347478218
formal_matrix,nfcorpus,bm25,83,PLAIN-1275,0.4537425745411855,1.0,0.10909090909090909,MED-4712,16.305307817729066
formal_matrix,nfcorpus,bm25,83,PLAIN-3014,0.0,0.0,0.0,MED-4871,8.959990182094801
formal_matrix,nfcorpus,bm25,83,PLAIN-1772,1.0,1.0,1.0,MED-4728,11.490516155308626
formal_matrix,nfcorpus,bm25,83,PLAIN-2730,0.27827337664658386,0.2,0.3448275862068966,MED-2573,17.294891170541092
formal_matrix,nfcorpus,bm25,83,PLAIN-2490,0.5797960522822954,1.0,0.2608695652173913,MED-1490,16.370751675613015
formal_matrix,nfcorpus,bm25,83,PLAIN-645,0.0,0.0,0.0,,
formal_matrix,nfcorpus,bm25,83,PLAIN-2009,0.12647135138382856,0.3333333333333333,0.125,MED-5173,12.252449018971337
formal_matrix,nfcorpus,bm25,83,PLAIN-3332,0.31613093951531274,1.0,0.6428571428571429,MED-3696,12.682333943600145
formal_matrix,nfcorpus,bm25,83,PLAIN-977,0.14126697285982898,0.1111111111111111,0.3333333333333333,MED-2598,5.395202086207431
formal_matrix,nfcorpus,bm25,83,PLAIN-2145,0.1482972305701491,0.5,0.1111111111111111,MED-743,27.92803798162251
formal_matrix,nfcorpus,bm25,83,PLAIN-3201,0.29660125079667127,0.25,0.125,MED-2117,12.152820176504513
formal_matrix,nfcorpus,bm25,83,PLAIN-1847,0.33013764944712026,1.0,0.18181818181818182,MED-4000,7.243885509717029
formal_matrix,nfcorpus,bm25,83,PLAIN-1225,0.5363559634917963,0.5,0.37037037037037035,MED-918,10.23301904496549
formal_matrix,nfcorpus,bm25,83,PLAIN-1161,0.0,0.0,0.0,MED-3584,8.575699737273894
formal_matrix,nfcorpus,bm25,83,PLAIN-1119,0.0,0.0,0.0,MED-4025,10.342235245585933
formal_matrix,nfcorpus,bm25,83,PLAIN-33,0.08891431692491045,0.2,0.125,MED-2221,14.511010574682699
formal_matrix,nfcorpus,bm25,83,PLAIN-2710,0.5923885080930046,1.0,0.2857142857142857,MED-3382,26.482754135409195
formal_matrix,nfcorpus,bm25,83,PLAIN-2890,0.17735889013007314,0.2,0.034482758620689655,MED-1538,22.52730608113341
formal_matrix,nfcorpus,bm25,83,PLAIN-701,0.361879195385413,1.0,0.5,MED-3720,17.87521126337734
formal_matrix,nfcorpus,bm25,83,PLAIN-1940,0.3589542101716347,1.0,0.16666666666666666,MED-3792,12.216623920896843
formal_matrix,nfcorpus,bm25,83,PLAIN-583,0.0,0.0,0.0,,
formal_matrix,nfcorpus,bm25,83,PLAIN-2570,0.1269082923178573,0.3333333333333333,0.1,MED-1248,12.585353223103569
formal_matrix,nfcorpus,bm25,83,PLAIN-3342,0.7653606369886218,1.0,1.0,MED-5012,16.29252740503852
formal_matrix,nfcorpus,bm25,83,PLAIN-3241,0.0,0.0,0.0,MED-735,10.745990946624019
formal_matrix,nfcorpus,bm25,83,PLAIN-817,0.0,0.0,0.0,,
formal_matrix,nfcorpus,bm25,83,PLAIN-259,0.3589542101716347,1.0,0.21428571428571427,MED-4296,12.377540133185947
formal_matrix,nfcorpus,bm25,83,PLAIN-3181,0.0,0.0,0.1111111111111111,MED-3359,13.83617606664826
formal_matrix,nfcorpus,bm25,83,PLAIN-1690,0.0,0.0,0.25,MED-1878,14.225238051548672
formal_matrix,nfcorpus,bm25,83,PLAIN-2991,0.3065735963827292,0.3333333333333333,0.5,MED-1663,22.89547090079666
formal_matrix,nfcorpus,bm25,83,PLAIN-987,0.23463936301137822,0.3333333333333333,0.3333333333333333,MED-2780,8.024016307989928
formal_matrix,nfcorpus,bm25,83,PLAIN-383,0.1208113026994942,0.16666666666666666,0.2,MED-2763,16.94301257477323
formal_matrix,nfcorpus,bm25,83,PLAIN-603,0.0,0.0,0.0,MED-1957,10.67032479868782
formal_matrix,nfcorpus,bm25,83,PLAIN-681,1.0,1.0,1.0,MED-5017,14.464890963152644
formal_matrix,nfcorpus,bm25,83,PLAIN-1066,0.0,0.0,0.0,MED-1712,11.2634203214904
formal_matrix,nfcorpus,bm25,83,PLAIN-2800,0.18255742052253163,0.25,0.125,MED-4456,11.783417642831978
formal_matrix,nfcorpus,bm25,83,PLAIN-3191,0.16589113920719645,0.16666666666666666,0.4375,MED-928,14.66736948369996
formal_matrix,nfcorpus,bm25,83,PLAIN-946,0.31488013066763093,1.0,0.06451612903225806,MED-4381,7.977421933071761
formal_matrix,nfcorpus,bm25,83,PLAIN-1621,0.0,0.0,0.0,,
formal_matrix,nfcorpus,bm25,127,PLAIN-1225,0.5363559634917963,0.5,0.37037037037037035,MED-918,10.23301904496549
formal_matrix,nfcorpus,bm25,127,PLAIN-966,0.14126697285982898,0.1111111111111111,0.3333333333333333,MED-3671,8.585411577321135
formal_matrix,nfcorpus,bm25,127,PLAIN-741,0.84860265890399,1.0,0.42105263157894735,MED-4237,10.969300555146893
formal_matrix,nfcorpus,bm25,127,PLAIN-660,1.0,1.0,0.06315789473684211,MED-3584,8.575699737273894
formal_matrix,nfcorpus,bm25,127,PLAIN-1506,0.2984900352767555,1.0,0.13333333333333333,MED-5239,11.827498730615597
formal_matrix,nfcorpus,bm25,127,PLAIN-1130,1.0,1.0,1.0,MED-4165,15.618989506542222
formal_matrix,nfcorpus,bm25,127,PLAIN-1161,0.0,0.0,0.0,MED-3584,8.575699737273894
formal_matrix,nfcorpus,bm25,127,PLAIN-2321,0.0,0.0,0.0,MED-2745,8.109636019930997
formal_matrix,nfcorpus,bm25,127,PLAIN-2009,0.12647135138382856,0.3333333333333333,0.125,MED-5173,12.252449018971337
formal_matrix,nfcorpus,bm25,127,PLAIN-2991,0.3065735963827292,0.3333333333333333,0.5,MED-1663,22.89547090079666
formal_matrix,nfcorpus,bm25,127,PLAIN-2134,0.0,0.0,0.0,,
formal_matrix,nfcorpus,bm25,127,PLAIN-2480,0.23451464423074017,0.5,0.3333333333333333,MED-1039,18.369009972798366
formal_matrix,nfcorpus,bm25,127,PLAIN-2530,0.9035650050446238,1.0,0.3055555555555556,MED-1804,24.04737495635683
formal_matrix,nfcorpus,bm25,127,PLAIN-2870,0.0,0.0,0.2,MED-2178,10.601994682647632
formal_matrix,nfcorpus,bm25,127,PLAIN-1320,0.4500112274528523,0.5,0.5,MED-4929,11.121538631463874
formal_matrix,nfcorpus,bm25,127,PLAIN-2550,0.0,0.0,0.2,MED-2301,11.236666847615638
formal_matrix,nfcorpus,bm25,127,PLAIN-2460,0.2873431773791806,1.0,0.25806451612903225,MED-1236,9.503610080393335
formal_matrix,nfcorpus,bm25,127,PLAIN-510,0.0,0.0,0.0,,
formal_matrix,nfcorpus,bm25,127,PLAIN-1635,0.5017100640839688,0.5,0.14617169373549885,MED-5118,6.1884144340747165
formal_matrix,nfcorpus,bm25,127,PLAIN-2850,0.0,0.0,0.0,MED-2584,17.955912168454006
formal_matrix,nfcorpus,bm25,127,PLAIN-1547,0.0,0.0,0.0,MED-2360,16.926369027107185
formal_matrix,nfcorpus,bm25,127,PLAIN-1463,0.40350157154648025,1.0,0.375,MED-2140,13.875343647478838
formal_matrix,nfcorpus,bm25,127,PLAIN-792,0.644824486427155,1.0,0.5,MED-4546,12.254272990426383
formal_matrix,nfcorpus,bm25,127,PLAIN-2810,0.043358872528941626,0.16666666666666666,0.5,MED-2491,21.65091803360256
formal_matrix,nfcorpus,bm25,127,PLAIN-2710,0.5923885080930046,1.0,0.2857142857142857,MED-3382,26.482754135409195
formal_matrix,nfcorpus,bm25,127,PLAIN-112,0.4655121707617587,1.0,0.08928571428571429,MED-3380,25.471107757875075
formal_matrix,nfcorpus,bm25,127,PLAIN-3322,0.08514311764162098,0.2,0.0759493670886076,MED-2174,8.182250741306003
formal_matrix,nfcorpus,bm25,127,PLAIN-1887,0.0,0.0,0.0,MED-2824,7.921317135802576
formal_matrix,nfcorpus,bm25,127,PLAIN-882,0.3589542101716347,1.0,0.13333333333333333,MED-3622,11.273751232883097
formal_matrix,nfcorpus,bm25,127,PLAIN-2820,0.0,0.0,0.125,MED-2698,10.85615465102034
formal_matrix,nfcorpus,bm25,127,PLAIN-2840,0.0,0.0,0.0,MED-4150,14.600064297638017
formal_matrix,nfcorpus,bm25,127,PLAIN-2386,0.0,0.0,0.0,MED-2346,9.407284423506807
formal_matrix,nfcorpus,bm25,127,PLAIN-1590,0.22009176629808017,1.0,0.2222222222222222,MED-3604,15.982525861243737
formal_matrix,nfcorpus,bm25,127,PLAIN-3472,0.0,0.0,0.058823529411764705,MED-2928,13.45201307721242
formal_matrix,nfcorpus,bm25,127,PLAIN-1621,0.0,0.0,0.0,,
formal_matrix,nfcorpus,bm25,127,PLAIN-227,0.11004588314904008,0.3333333333333333,0.025,MED-3466,15.7633718900478
formal_matrix,nfcorpus,bm25,127,PLAIN-934,0.7975167679274937,1.0,0.3564356435643564,MED-1648,7.715432299552208
formal_matrix,nfcorpus,bm25,127,PLAIN-1496,0.0,0.0,0.0,,
formal_matrix,nfcorpus,bm25,127,PLAIN-2250,0.0,0.0,0.0,MED-2346,10.55492985328529
formal_matrix,nfcorpus,bm25,127,PLAIN-457,0.0,0.0,0.0,MED-2291,16.446624944667317
formal_matrix,nfcorpus,bm25,127,PLAIN-1309,0.0,0.0,0.0,,
formal_matrix,nfcorpus,bm25,127,PLAIN-2291,0.45221360703148816,1.0,0.4,MED-2726,15.074876738372414
formal_matrix,nfcorpus,bm25,127,PLAIN-2019,0.46927872602275644,1.0,0.3333333333333333,MED-4573,8.05765963768678
formal_matrix,nfcorpus,bm25,127,PLAIN-3116,0.0,0.0,1.0,MED-2924,11.754804708293626
formal_matrix,nfcorpus,bm25,127,PLAIN-3131,0.13216105048695953,0.14285714285714285,0.16666666666666666,MED-2291,11.661327022863691
formal_matrix,nfcorpus,bm25,127,PLAIN-1995,0.0,0.0,0.09090909090909091,MED-4413,8.612372311061037
formal_matrix,nfcorpus,bm25,127,PLAIN-1183,0.28952298823485745,1.0,0.08,MED-1276,9.480132708131999
formal_matrix,nfcorpus,bm25,127,PLAIN-2261,0.44773452261294694,0.5,0.15,MED-4600,13.113541365768816
formal_matrix,nfcorpus,bm25,127,PLAIN-1805,0.9305687780632227,1.0,0.22413793103448276,MED-3938,14.43504985687844
formal_matrix,nfcorpus,bm25,127,PLAIN-691,0.0,0.0,0.047619047619047616,MED-4909,7.418478053560324
formal_matrix,nfcorpus,all_minilm_l6,23,PLAIN-2440,0.0,0.0,0.0,MED-5082,0.5094897747039795
formal_matrix,nfcorpus,all_minilm_l6,23,PLAIN-1429,0.0,0.0,0.0,MED-5125,0.512238621711731
formal_matrix,nfcorpus,all_minilm_l6,23,PLAIN-1098,0.0,0.0,0.2,MED-5124,0.3158073425292969
formal_matrix,nfcorpus,all_minilm_l6,23,PLAIN-792,0.10086747116627115,0.14285714285714285,0.5,MED-729,0.30293452739715576
formal_matrix,nfcorpus,all_minilm_l6,23,PLAIN-2520,0.03668196104968002,0.3333333333333333,0.0547945205479452,MED-1991,0.6498093605041504
formal_matrix,nfcorpus,all_minilm_l6,23,PLAIN-3074,1.0,1.0,1.0,MED-4555,0.475780189037323
formal_matrix,nfcorpus,all_minilm_l6,23,PLAIN-2860,1.0,1.0,1.0,MED-4185,0.6510844230651855
formal_matrix,nfcorpus,all_minilm_l6,23,PLAIN-488,1.0,1.0,0.7333333333333333,MED-1798,0.5961871147155762
formal_matrix,nfcorpus,all_minilm_l6,23,PLAIN-2760,0.20789087159033523,0.3333333333333333,0.25,MED-4600,0.6016124486923218
formal_matrix,nfcorpus,all_minilm_l6,23,PLAIN-1656,0.0,0.0,0.21428571428571427,MED-3764,0.55171799659729
formal_matrix,nfcorpus,all_minilm_l6,23,PLAIN-1962,0.0,0.0,0.0,MED-2206,0.26320117712020874
formal_matrix,nfcorpus,all_minilm_l6,23,PLAIN-2311,0.0,0.0,0.0,MED-1016,0.1884411871433258
formal_matrix,nfcorpus,all_minilm_l6,23,PLAIN-320,0.0,0.0,0.19047619047619047,MED-2437,0.7990009188652039
formal_matrix,nfcorpus,all_minilm_l6,23,PLAIN-1088,0.5531464700081437,1.0,0.4,MED-2109,0.3263457417488098
formal_matrix,nfcorpus,all_minilm_l6,23,PLAIN-2102,0.8611375561264454,1.0,0.1377672209026128,MED-1598,0.45419538021087646
formal_matrix,nfcorpus,all_minilm_l6,23,PLAIN-946,0.0,0.0,0.03225806451612903,MED-926,0.3341314494609833
formal_matrix,nfcorpus,all_minilm_l6,23,PLAIN-3241,0.45846608015576257,1.0,0.06896551724137931,MED-4841,0.38128966093063354
formal_matrix,nfcorpus,all_minilm_l6,23,PLAIN-1130,1.0,1.0,1.0,MED-4165,0.46775132417678833
formal_matrix,nfcorpus,all_minilm_l6,23,PLAIN-1537,0.6618313225363274,1.0,0.17777777777777778,MED-4515,0.6623272895812988
formal_matrix,nfcorpus,all_minilm_l6,23,PLAIN-143,0.7819736434590207,1.0,0.39215686274509803,MED-3618,0.6637213230133057
formal_matrix,nfcorpus,all_minilm_l6,23,PLAIN-3442,0.0,0.0,0.06896551724137931,MED-2201,0.5712796449661255
formal_matrix,nfcorpus,all_minilm_l6,23,PLAIN-307,0.8194270280062369,1.0,1.0,MED-714,0.7415109872817993
formal_matrix,nfcorpus,all_minilm_l6,23,PLAIN-1119,0.0,0.0,0.0,MED-4438,0.4902467131614685
formal_matrix,nfcorpus,all_minilm_l6,23,PLAIN-395,0.0,0.0,0.0,MED-2783,0.5079872608184814
formal_matrix,nfcorpus,all_minilm_l6,23,PLAIN-987,0.0,0.0,0.0,MED-1787,0.27002352476119995
formal_matrix,nfcorpus,all_minilm_l6,23,PLAIN-3131,0.250153017046447,0.5,0.3333333333333333,MED-5010,0.5473427772521973
formal_matrix,nfcorpus,all_minilm_l6,23,PLAIN-1299,0.22009176629808017,1.0,0.03278688524590164,MED-4747,0.34407418966293335
formal_matrix,nfcorpus,all_minilm_l6,23,PLAIN-2030,0.0,0.0,0.16666666666666666,MED-2208,0.2189059853553772
formal_matrix,nfcorpus,all_minilm_l6,23,PLAIN-1193,0.0,0.0,0.3333333333333333,MED-1493,0.5613856315612793
formal_matrix,nfcorpus,all_minilm_l6,23,PLAIN-78,0.0,0.0,0.14516129032258066,MED-3494,0.4370270371437073
formal_matrix,nfcorpus,all_minilm_l6,23,PLAIN-2800,0.03785547731370623,0.14285714285714285,0.125,MED-2229,0.5530738234519958
formal_matrix,nfcorpus,all_minilm_l6,23,PLAIN-1867,0.0,0.0,0.42857142857142855,MED-3499,0.34212273359298706
formal_matrix,nfcorpus,all_minilm_l6,23,PLAIN-2071,0.3471357245055706,0.5,0.4666666666666667,MED-1349,0.5090333223342896
formal_matrix,nfcorpus,all_minilm_l6,23,PLAIN-2780,0.4537160923455153,1.0,0.5909090909090909,MED-3896,0.7184747457504272
formal_matrix,nfcorpus,all_minilm_l6,23,PLAIN-671,1.0,1.0,1.0,MED-4857,0.415865421295166
formal_matrix,nfcorpus,all_minilm_l6,23,PLAIN-691,0.0,0.0,0.0,MED-3449,0.4560314118862152
formal_matrix,nfcorpus,all_minilm_l6,23,PLAIN-2386,0.17993148201117176,0.25,0.3157894736842105,MED-5094,0.3799280524253845
formal_matrix,nfcorpus,all_minilm_l6,23,PLAIN-2550,0.0,0.0,0.24,MED-1194,0.6229424476623535
formal_matrix,nfcorpus,all_minilm_l6,23,PLAIN-701,0.3327372413301053,1.0,0.5,MED-3720,0.4426247179508209
formal_matrix,nfcorpus,all_minilm_l6,23,PLAIN-3322,0.11004588314904008,0.3333333333333333,0.16455696202531644,MED-4861,0.6313575506210327
formal_matrix,nfcorpus,all_minilm_l6,23,PLAIN-1887,0.0,0.0,0.5,MED-4535,0.5008506774902344
formal_matrix,nfcorpus,all_minilm_l6,23,PLAIN-3372,0.24566057522380874,0.25,0.14285714285714285,MED-5054,0.6717932224273682
formal_matrix,nfcorpus,all_minilm_l6,23,PLAIN-782,0.0,0.0,0.0,MED-1058,0.34092530608177185
formal_matrix,nfcorpus,all_minilm_l6,23,PLAIN-3211,0.0,0.0,0.0,MED-4365,0.38507238030433655
formal_matrix,nfcorpus,all_minilm_l6,23,PLAIN-1827,0.0,0.0,0.0,MED-2004,0.17439302802085876
formal_matrix,nfcorpus,all_minilm_l6,23,PLAIN-1919,0.7183627972686238,1.0,0.48148148148148145,MED-3321,0.5822362899780273
formal_matrix,nfcorpus,all_minilm_l6,23,PLAIN-1897,0.20438239758848611,0.14285714285714285,0.5,MED-4186,0.3563346266746521
formal_matrix,nfcorpus,all_minilm_l6,23,PLAIN-510,0.19092086617893467,0.5,0.16666666666666666,MED-958,0.22561785578727722
formal_matrix,nfcorpus,all_minilm_l6,23,PLAIN-2590,0.22684355994950536,0.25,0.1111111111111111,MED-4163,0.6365928649902344
formal_matrix,nfcorpus,all_minilm_l6,23,PLAIN-44,0.23744844594439024,0.25,0.20689655172413793,MED-2815,0.5715867877006531
formal_matrix,nfcorpus,all_minilm_l6,41,PLAIN-2870,0.0,0.0,0.2,MED-2253,0.3898031711578369
formal_matrix,nfcorpus,all_minilm_l6,41,PLAIN-2640,0.4452989435510864,1.0,0.625,MED-2743,0.5716713666915894
formal_matrix,nfcorpus,all_minilm_l6,41,PLAIN-2156,0.5889837127672154,1.0,0.8333333333333334,MED-4868,0.679939329624176
formal_matrix,nfcorpus,all_minilm_l6,41,PLAIN-1847,0.22009176629808017,1.0,0.2727272727272727,MED-4000,0.25533390045166016
formal_matrix,nfcorpus,all_minilm_l6,41,PLAIN-2890,0.2892598909735474,0.5,0.034482758620689655,MED-1533,0.502189040184021
formal_matrix,nfcorpus,all_minilm_l6,41,PLAIN-721,1.0,1.0,0.76,MED-4876,0.33136335015296936
formal_matrix,nfcorpus,all_minilm_l6,41,PLAIN-2396,0.0,0.0,0.0,MED-761,0.15096378326416016
formal_matrix,nfcorpus,all_minilm_l6,41,PLAIN-603,0.0,0.0,0.0,MED-3379,0.18186593055725098
formal_matrix,nfcorpus,all_minilm_l6,41,PLAIN-2364,0.0,0.0,0.0,MED-2721,0.5131275653839111
formal_matrix,nfcorpus,all_minilm_l6,41,PLAIN-2880,0.0,0.0,0.11764705882352941,MED-4792,0.2556101083755493
formal_matrix,nfcorpus,all_minilm_l6,41,PLAIN-1039,1.0,1.0,1.0,MED-4380,0.5083643794059753
formal_matrix,nfcorpus,all_minilm_l6,41,PLAIN-2240,0.30523488393970116,1.0,0.2727272727272727,MED-3969,0.6534378528594971
formal_matrix,nfcorpus,all_minilm_l6,41,PLAIN-1109,0.7019727018777485,1.0,0.2653061224489796,MED-2650,0.7025724649429321
formal_matrix,nfcorpus,all_minilm_l6,41,PLAIN-3171,0.046004014040457224,0.1111111111111111,0.08823529411764706,MED-745,0.30109307169914246
formal_matrix,nfcorpus,all_minilm_l6,41,PLAIN-1784,0.0,0.0,0.0,MED-2700,0.427219033241272
formal_matrix,nfcorpus,all_minilm_l6,41,PLAIN-1752,0.0,0.0,0.0,MED-3953,0.20969809591770172
formal_matrix,nfcorpus,all_minilm_l6,41,PLAIN-2580,0.39748251179391547,1.0,0.13043478260869565,MED-2220,0.661093533039093
formal_matrix,nfcorpus,all_minilm_l6,41,PLAIN-2271,0.0,0.0,0.1,MED-2360,0.1495182067155838
formal_matrix,nfcorpus,all_minilm_l6,41,PLAIN-946,0.0,0.0,0.03225806451612903,MED-926,0.3341314494609833
formal_matrix,nfcorpus,all_minilm_l6,41,PLAIN-751,0.0,0.0,0.0,MED-3129,0.5534993410110474
formal_matrix,nfcorpus,all_minilm_l6,41,PLAIN-1309,0.0,0.0,0.0,MED-4660,0.2297642081975937
formal_matrix,nfcorpus,all_minilm_l6,41,PLAIN-1611,0.0,0.0,0.0,MED-4115,0.13967658579349518
formal_matrix,nfcorpus,all_minilm_l6,41,PLAIN-771,0.6364391809889587,1.0,1.0,MED-3386,0.48439982533454895
formal_matrix,nfcorpus,all_minilm_l6,41,PLAIN-1172,0.22009176629808017,1.0,0.10526315789473684,MED-4150,0.3200109302997589
formal_matrix,nfcorpus,all_minilm_l6,41,PLAIN-3141,0.09848418277380512,0.1,0.11764705882352941,MED-4160,0.5953335762023926
formal_matrix,nfcorpus,all_minilm_l6,41,PLAIN-2386,0.17993148201117176,0.25,0.3157894736842105,MED-5094,0.3799280524253845
formal_matrix,nfcorpus,all_minilm_l6,41,PLAIN-2071,0.3471357245055706,0.5,0.4666666666666667,MED-1349,0.5090333223342896
formal_matrix,nfcorpus,all_minilm_l6,41,PLAIN-1374,0.0,0.0,0.23076923076923078,MED-4322,0.5645535588264465
formal_matrix,nfcorpus,all_minilm_l6,41,PLAIN-2770,0.34088656414772267,0.5,0.5365853658536586,MED-1825,0.7886836528778076
formal_matrix,nfcorpus,all_minilm_l6,41,PLAIN-3332,0.7460757116542474,1.0,0.8571428571428571,MED-3768,0.6603879928588867
formal_matrix,nfcorpus,all_minilm_l6,41,PLAIN-1645,0.0,0.0,0.0,MED-4403,0.21957853436470032
formal_matrix,nfcorpus,all_minilm_l6,41,PLAIN-613,0.07336392209936005,0.14285714285714285,0.1,MED-909,0.57755047082901
formal_matrix,nfcorpus,all_minilm_l6,41,PLAIN-1635,1.0,1.0,0.15081206496519722,MED-1223,0.4758618474006653
formal_matrix,nfcorpus,all_minilm_l6,41,PLAIN-1506,0.13886244387355454,0.5,0.2,MED-2126,0.3717120289802551
formal_matrix,nfcorpus,all_minilm_l6,41,PLAIN-1731,0.7653606369886217,1.0,0.6666666666666666,MED-2749,0.5231617093086243
formal_matrix,nfcorpus,all_minilm_l6,41,PLAIN-1897,0.20438239758848611,0.14285714285714285,0.5,MED-4186,0.3563346266746521
formal_matrix,nfcorpus,all_minilm_l6,41,PLAIN-1275,0.5541432109622958,1.0,0.23636363636363636,MED-4712,0.6084339618682861
formal_matrix,nfcorpus,all_minilm_l6,41,PLAIN-2311,0.0,0.0,0.0,MED-1016,0.1884411871433258
formal_matrix,nfcorpus,all_minilm_l6,41,PLAIN-2570,0.24021065279484058,0.5,0.275,MED-2148,0.5425430536270142
formal_matrix,nfcorpus,all_minilm_l6,41,PLAIN-2124,0.5541432109622958,1.0,0.5294117647058824,MED-1525,0.2953892946243286
formal_matrix,nfcorpus,all_minilm_l6,41,PLAIN-1141,0.22009176629808017,1.0,0.1875,MED-2112,0.5947206020355225
formal_matrix,nfcorpus,all_minilm_l6,41,PLAIN-892,0.424926013816671,1.0,0.14130434782608695,MED-2009,0.5034071207046509
formal_matrix,nfcorpus,all_minilm_l6,41,PLAIN-1919,0.7183627972686238,1.0,0.48148148148148145,MED-3321,0.5822362899780273
formal_matrix,nfcorpus,all_minilm_l6,41,PLAIN-3151,0.5532650562761354,0.3333333333333333,0.6111111111111112,MED-4665,0.5522024631500244
formal_matrix,nfcorpus,all_minilm_l6,41,PLAIN-1299,0.22009176629808017,1.0,0.03278688524590164,MED-4747,0.34407418966293335
formal_matrix,nfcorpus,all_minilm_l6,41,PLAIN-2490,0.09578105912639352,1.0,0.21739130434782608,MED-2112,0.5537276268005371
formal_matrix,nfcorpus,all_minilm_l6,41,PLAIN-2950,0.0,0.0,0.5,MED-2738,0.44250303506851196
formal_matrix,nfcorpus,all_minilm_l6,41,PLAIN-1741,1.0,1.0,0.12857142857142856,MED-2597,0.44629961252212524
formal_matrix,nfcorpus,all_minilm_l6,41,PLAIN-1537,0.6618313225363274,1.0,0.17777777777777778,MED-4515,0.6623272895812988
formal_matrix,nfcorpus,all_minilm_l6,41,PLAIN-1473,0.0,0.0,0.0,MED-3947,0.22023338079452515
formal_matrix,nfcorpus,all_minilm_l6,67,PLAIN-1387,0.7058075148678526,1.0,0.5,MED-5062,0.40014412999153137
formal_matrix,nfcorpus,all_minilm_l6,67,PLAIN-1590,0.11004588314904008,0.3333333333333333,0.3333333333333333,MED-748,0.7415003180503845
formal_matrix,nfcorpus,all_minilm_l6,67,PLAIN-3001,0.3065735963827292,0.3333333333333333,0.5,MED-3314,0.5359481573104858
formal_matrix,nfcorpus,all_minilm_l6,67,PLAIN-3302,0.0,0.0,0.35135135135135137,MED-4811,0.37175875902175903
formal_matrix,nfcorpus,all_minilm_l6,67,PLAIN-3037,0.0,0.0,0.5,MED-5307,0.19691906869411469
formal_matrix,nfcorpus,all_minilm_l6,67,PLAIN-2311,0.0,0.0,0.0,MED-1016,0.1884411871433258
formal_matrix,nfcorpus,all_minilm_l6,67,PLAIN-817,0.0,0.0,1.0,MED-3462,0.4027717113494873
formal_matrix,nfcorpus,all_minilm_l6,67,PLAIN-3116,0.0,0.0,0.0,MED-2924,0.5698724985122681
formal_matrix,nfcorpus,all_minilm_l6,67,PLAIN-3392,0.0,0.0,0.13043478260869565,MED-1646,0.4378182590007782
formal_matrix,nfcorpus,all_minilm_l6,67,PLAIN-956,0.675416025555764,1.0,0.18932038834951456,MED-2182,0.5913803577423096
formal_matrix,nfcorpus,all_minilm_l6,67,PLAIN-2375,0.0,0.0,0.5,MED-2572,0.18634162843227386
formal_matrix,nfcorpus,all_minilm_l6,67,PLAIN-2019,0.0,0.0,0.0,MED-4654,0.19203540682792664
formal_matrix,nfcorpus,all_minilm_l6,67,PLAIN-1203,0.5637884576902256,1.0,0.5,MED-4771,0.6603747010231018
formal_matrix,nfcorpus,all_minilm_l6,67,PLAIN-1887,0.0,0.0,0.5,MED-4535,0.5008506774902344
formal_matrix,nfcorpus,all_minilm_l6,67,PLAIN-2430,0.5974348815134093,1.0,0.41304347826086957,MED-994,0.7454103231430054
formal_matrix,nfcorpus,all_minilm_l6,67,PLAIN-1183,0.13886244387355454,0.5,0.24,MED-5331,0.33875882625579834
formal_matrix,nfcorpus,all_minilm_l6,67,PLAIN-1794,0.6131471927654584,1.0,1.0,MED-5041,0.20697429776191711
formal_matrix,nfcorpus,all_minilm_l6,67,PLAIN-3181,0.0,0.0,0.14814814814814814,MED-3942,0.5777231454849243
formal_matrix,nfcorpus,all_minilm_l6,67,PLAIN-1909,0.6621137423456802,1.0,0.10367170626349892,MED-4818,0.47376513481140137
formal_matrix,nfcorpus,all_minilm_l6,67,PLAIN-1621,0.0,0.0,0.0,MED-2177,0.19122490286827087
formal_matrix,nfcorpus,all_minilm_l6,67,PLAIN-1485,0.0,0.0,0.037037037037037035,MED-1041,0.28432518243789673
formal_matrix,nfcorpus,all_minilm_l6,67,PLAIN-3412,0.25458428049553367,1.0,0.24489795918367346,MED-4682,0.5512403845787048
formal_matrix,nfcorpus,all_minilm_l6,67,PLAIN-2520,0.03668196104968002,0.3333333333333333,0.0547945205479452,MED-1991,0.6498093605041504
formal_matrix,nfcorpus,all_minilm_l6,67,PLAIN-2220,0.11752277470724268,0.3333333333333333,0.3333333333333333,MED-4816,0.21416860818862915
formal_matrix,nfcorpus,all_minilm_l6,67,PLAIN-2960,0.0,0.0,0.5,MED-4371,0.5923279523849487
formal_matrix,nfcorpus,all_minilm_l6,67,PLAIN-782,0.0,0.0,0.0,MED-1058,0.34092530608177185
formal_matrix,nfcorpus,all_minilm_l6,67,PLAIN-1066,0.0,0.0,0.0,MED-1097,0.3947923183441162
formal_matrix,nfcorpus,all_minilm_l6,67,PLAIN-2940,0.0,0.0,0.18181818181818182,MED-1578,0.7053409218788147
formal_matrix,nfcorpus,all_minilm_l6,67,PLAIN-468,0.3637452323018085,0.5,0.3,MED-3990,0.6440773010253906
formal_matrix,nfcorpus,all_minilm_l6,67,PLAIN-1817,0.3589542101716347,1.0,0.25925925925925924,MED-4284,0.543702244758606
formal_matrix,nfcorpus,all_minilm_l6,67,PLAIN-1772,0.9197207891481876,1.0,1.0,MED-4727,0.4906630516052246
formal_matrix,nfcorpus,all_minilm_l6,67,PLAIN-2810,0.0,0.0,0.375,MED-1792,0.5732677578926086
formal_matrix,nfcorpus,all_minilm_l6,67,PLAIN-430,0.6145291846697714,1.0,0.375,MED-928,0.6351475715637207
formal_matrix,nfcorpus,all_minilm_l6,67,PLAIN-1028,0.0,0.0,1.0,MED-3654,0.6434509754180908
formal_matrix,nfcorpus,all_minilm_l6,67,PLAIN-320,0.0,0.0,0.19047619047619047,MED-2437,0.7990009188652039
formal_matrix,nfcorpus,all_minilm_l6,67,PLAIN-2167,0.0,0.0,0.0,MED-2488,0.44998699426651
formal_matrix,nfcorpus,all_minilm_l6,67,PLAIN-291,0.4690000933206748,1.0,0.46153846153846156,MED-4639,0.6643263101577759
formal_matrix,nfcorpus,all_minilm_l6,67,PLAIN-2760,0.20789087159033523,0.3333333333333333,0.25,MED-4600,0.6016124486923218
formal_matrix,nfcorpus,all_minilm_l6,67,PLAIN-1805,1.0,1.0,0.3706896551724138,MED-3926,0.5673583745956421
formal_matrix,nfcorpus,all_minilm_l6,67,PLAIN-3151,0.5532650562761354,0.3333333333333333,0.6111111111111112,MED-4665,0.5522024631500244
formal_matrix,nfcorpus,all_minilm_l6,67,PLAIN-645,0.0,0.0,0.034482758620689655,MED-719,0.2678622603416443
formal_matrix,nfcorpus,all_minilm_l6,67,PLAIN-1018,0.1681522864689108,0.25,0.11666666666666667,MED-4322,0.3179927170276642
formal_matrix,nfcorpus,all_minilm_l6,67,PLAIN-806,0.7670273914429264,1.0,0.15625,MED-2519,0.6297220587730408
formal_matrix,nfcorpus,all_minilm_l6,67,PLAIN-3191,0.26572540497796315,0.5,0.3125,MED-4943,0.5890271067619324
formal_matrix,nfcorpus,all_minilm_l6,67,PLAIN-2710,0.6906119546391791,1.0,0.3333333333333333,MED-3380,0.8043250441551208
formal_matrix,nfcorpus,all_minilm_l6,67,PLAIN-217,0.3164618153841291,0.3333333333333333,0.3055555555555556,MED-2441,0.4604284167289734
formal_matrix,nfcorpus,all_minilm_l6,67,PLAIN-1141,0.22009176629808017,1.0,0.1875,MED-2112,0.5947206020355225
formal_matrix,nfcorpus,all_minilm_l6,67,PLAIN-1690,0.0,0.0,0.0,MED-3001,0.25176769495010376
formal_matrix,nfcorpus,all_minilm_l6,67,PLAIN-872,0.0,0.0,0.0,MED-3989,0.5004717707633972
formal_matrix,nfcorpus,all_minilm_l6,67,PLAIN-1008,0.0,0.0,0.0,MED-901,0.31075355410575867
formal_matrix,nfcorpus,all_minilm_l6,83,PLAIN-344,0.4411108244383672,1.0,0.18032786885245902,MED-2394,0.6120082139968872
formal_matrix,nfcorpus,all_minilm_l6,83,PLAIN-3271,0.06943122193677727,0.125,0.1836734693877551,MED-4823,0.612025260925293
formal_matrix,nfcorpus,all_minilm_l6,83,PLAIN-1453,0.4092727151605027,0.3333333333333333,0.11836734693877551,MED-1208,0.46163129806518555
formal_matrix,nfcorpus,all_minilm_l6,83,PLAIN-165,0.4014675202505827,1.0,0.3333333333333333,MED-3696,0.7721673250198364
formal_matrix,nfcorpus,all_minilm_l6,83,PLAIN-2850,0.0,0.0,0.2222222222222222,MED-4803,0.554753303527832
formal_matrix,nfcorpus,all_minilm_l6,83,PLAIN-1183,0.13886244387355454,0.5,0.24,MED-5331,0.33875882625579834
formal_matrix,nfcorpus,all_minilm_l6,83,PLAIN-1249,0.0,0.0,0.0,MED-1744,0.38035041093826294
formal_matrix,nfcorpus,all_minilm_l6,83,PLAIN-2061,0.8899541168509599,1.0,0.15853658536585366,MED-4944,0.4662624001502991
formal_matrix,nfcorpus,all_minilm_l6,83,PLAIN-1950,0.2489083270225946,0.5,0.23076923076923078,MED-912,0.5046359300613403
formal_matrix,nfcorpus,all_minilm_l6,83,PLAIN-1877,0.0,0.0,0.027777777777777776,MED-1991,0.6878365278244019
formal_matrix,nfcorpus,all_minilm_l6,83,PLAIN-2530,0.9510907186004267,1.0,0.2638888888888889,MED-1804,0.8293470144271851
formal_matrix,nfcorpus,all_minilm_l6,83,PLAIN-1429,0.0,0.0,0.0,MED-5125,0.512238621711731
formal_matrix,nfcorpus,all_minilm_l6,83,PLAIN-1275,0.5541432109622958,1.0,0.23636363636363636,MED-4712,0.6084339618682861
formal_matrix,nfcorpus,all_minilm_l6,83,PLAIN-3014,0.0,0.0,0.0,MED-5199,0.3473043143749237
formal_matrix,nfcorpus,all_minilm_l6,83,PLAIN-1772,0.9197207891481876,1.0,1.0,MED-4727,0.4906630516052246
formal_matrix,nfcorpus,all_minilm_l6,83,PLAIN-2730,0.7389833284564988,1.0,0.41379310344827586,MED-3554,0.6038282513618469
formal_matrix,nfcorpus,all_minilm_l6,83,PLAIN-2490,0.09578105912639352,1.0,0.21739130434782608,MED-2112,0.5537276268005371
formal_matrix,nfcorpus,all_minilm_l6,83,PLAIN-645,0.0,0.0,0.034482758620689655,MED-719,0.2678622603416443
formal_matrix,nfcorpus,all_minilm_l6,83,PLAIN-2009,0.20626588994627673,0.3333333333333333,0.5,MED-5173,0.5832339525222778
formal_matrix,nfcorpus,all_minilm_l6,83,PLAIN-3332,0.7460757116542474,1.0,0.8571428571428571,MED-3768,0.6603879928588867
formal_matrix,nfcorpus,all_minilm_l6,83,PLAIN-977,0.20210734650054757,0.25,0.3333333333333333,MED-2603,0.267743855714798
formal_matrix,nfcorpus,all_minilm_l6,83,PLAIN-2145,0.09092803061897883,0.2,0.2222222222222222,MED-743,0.29649344086647034
formal_matrix,nfcorpus,all_minilm_l6,83,PLAIN-3201,0.0,0.0,0.09375,MED-2117,0.5335176587104797
formal_matrix,nfcorpus,all_minilm_l6,83,PLAIN-1847,0.22009176629808017,1.0,0.2727272727272727,MED-4000,0.25533390045166016
formal_matrix,nfcorpus,all_minilm_l6,83,PLAIN-1225,0.6528642754944294,1.0,0.4444444444444444,MED-1674,0.647240936756134
formal_matrix,nfcorpus,all_minilm_l6,83,PLAIN-1161,0.0,0.0,0.0,MED-3136,0.372574120759964
formal_matrix,nfcorpus,all_minilm_l6,83,PLAIN-1119,0.0,0.0,0.0,MED-4438,0.4902467131614685
formal_matrix,nfcorpus,all_minilm_l6,83,PLAIN-33,0.25661537690185093,0.3333333333333333,0.1875,MED-5006,0.604875922203064
formal_matrix,nfcorpus,all_minilm_l6,83,PLAIN-2710,0.6906119546391791,1.0,0.3333333333333333,MED-3380,0.8043250441551208
formal_matrix,nfcorpus,all_minilm_l6,83,PLAIN-2890,0.2892598909735474,0.5,0.034482758620689655,MED-1533,0.502189040184021
formal_matrix,nfcorpus,all_minilm_l6,83,PLAIN-701,0.3327372413301053,1.0,0.5,MED-3720,0.4426247179508209
formal_matrix,nfcorpus,all_minilm_l6,83,PLAIN-1940,0.3589542101716347,1.0,0.16666666666666666,MED-3792,0.5217573046684265
formal_matrix,nfcorpus,all_minilm_l6,83,PLAIN-583,0.0,0.0,0.045454545454545456,MED-2022,0.5443230867385864
formal_matrix,nfcorpus,all_minilm_l6,83,PLAIN-2570,0.24021065279484058,0.5,0.275,MED-2148,0.5425430536270142
formal_matrix,nfcorpus,all_minilm_l6,83,PLAIN-3342,0.4981892574664129,0.5,1.0,MED-4000,0.5422275066375732
formal_matrix,nfcorpus,all_minilm_l6,83,PLAIN-3241,0.45846608015576257,1.0,0.06896551724137931,MED-4841,0.38128966093063354
formal_matrix,nfcorpus,all_minilm_l6,83,PLAIN-817,0.0,0.0,1.0,MED-3462,0.4027717113494873
formal_matrix,nfcorpus,all_minilm_l6,83,PLAIN-259,0.3589542101716347,1.0,0.14285714285714285,MED-4295,0.4903261363506317
formal_matrix,nfcorpus,all_minilm_l6,83,PLAIN-3181,0.0,0.0,0.14814814814814814,MED-3942,0.5777231454849243
formal_matrix,nfcorpus,all_minilm_l6,83,PLAIN-1690,0.0,0.0,0.0,MED-3001,0.25176769495010376
formal_matrix,nfcorpus,all_minilm_l6,83,PLAIN-2991,0.3065735963827292,0.3333333333333333,0.5,MED-1663,0.7140530347824097
formal_matrix,nfcorpus,all_minilm_l6,83,PLAIN-987,0.0,0.0,0.0,MED-1787,0.27002352476119995
formal_matrix,nfcorpus,all_minilm_l6,83,PLAIN-383,0.13120507751234178,0.2,0.2,MED-1479,0.4116443395614624
formal_matrix,nfcorpus,all_minilm_l6,83,PLAIN-603,0.0,0.0,0.0,MED-3379,0.18186593055725098
formal_matrix,nfcorpus,all_minilm_l6,83,PLAIN-681,0.6309297535714575,0.5,1.0,MED-2383,0.3876821994781494
formal_matrix,nfcorpus,all_minilm_l6,83,PLAIN-1066,0.0,0.0,0.0,MED-1097,0.3947923183441162
formal_matrix,nfcorpus,all_minilm_l6,83,PLAIN-2800,0.03785547731370623,0.14285714285714285,0.125,MED-2229,0.5530738234519958
formal_matrix,nfcorpus,all_minilm_l6,83,PLAIN-3191,0.26572540497796315,0.5,0.3125,MED-4943,0.5890271067619324
formal_matrix,nfcorpus,all_minilm_l6,83,PLAIN-946,0.0,0.0,0.03225806451612903,MED-926,0.3341314494609833
formal_matrix,nfcorpus,all_minilm_l6,83,PLAIN-1621,0.0,0.0,0.0,MED-2177,0.19122490286827087
formal_matrix,nfcorpus,all_minilm_l6,127,PLAIN-1225,0.6528642754944294,1.0,0.4444444444444444,MED-1674,0.647240936756134
formal_matrix,nfcorpus,all_minilm_l6,127,PLAIN-966,0.0,0.0,0.0,MED-2324,0.4174773693084717
formal_matrix,nfcorpus,all_minilm_l6,127,PLAIN-741,0.43735247915031,1.0,0.3684210526315789,MED-4236,0.4202706217765808
formal_matrix,nfcorpus,all_minilm_l6,127,PLAIN-660,1.0,1.0,0.08842105263157894,MED-4991,0.45562422275543213
formal_matrix,nfcorpus,all_minilm_l6,127,PLAIN-1506,0.13886244387355454,0.5,0.2,MED-2126,0.3717120289802551
formal_matrix,nfcorpus,all_minilm_l6,127,PLAIN-1130,1.0,1.0,1.0,MED-4165,0.46775132417678833
formal_matrix,nfcorpus,all_minilm_l6,127,PLAIN-1161,0.0,0.0,0.0,MED-3136,0.372574120759964
formal_matrix,nfcorpus,all_minilm_l6,127,PLAIN-2321,0.0,0.0,0.2,MED-2991,0.5401246547698975
formal_matrix,nfcorpus,all_minilm_l6,127,PLAIN-2009,0.20626588994627673,0.3333333333333333,0.5,MED-5173,0.5832339525222778
formal_matrix,nfcorpus,all_minilm_l6,127,PLAIN-2991,0.3065735963827292,0.3333333333333333,0.5,MED-1663,0.7140530347824097
formal_matrix,nfcorpus,all_minilm_l6,127,PLAIN-2134,0.0,0.0,0.0,MED-3486,0.38374853134155273
formal_matrix,nfcorpus,all_minilm_l6,127,PLAIN-2480,0.2776076471572895,0.5,0.6111111111111112,MED-1187,0.7052127718925476
formal_matrix,nfcorpus,all_minilm_l6,127,PLAIN-2530,0.9510907186004267,1.0,0.2638888888888889,MED-1804,0.8293470144271851
formal_matrix,nfcorpus,all_minilm_l6,127,PLAIN-2870,0.0,0.0,0.2,MED-2253,0.3898031711578369
formal_matrix,nfcorpus,all_minilm_l6,127,PLAIN-1320,0.0,0.0,0.5,MED-2112,0.4874505400657654
formal_matrix,nfcorpus,all_minilm_l6,127,PLAIN-2550,0.0,0.0,0.24,MED-1194,0.6229424476623535
formal_matrix,nfcorpus,all_minilm_l6,127,PLAIN-2460,0.2873431773791806,1.0,0.5161290322580645,MED-1238,0.651644229888916
formal_matrix,nfcorpus,all_minilm_l6,127,PLAIN-510,0.19092086617893467,0.5,0.16666666666666666,MED-958,0.22561785578727722
formal_matrix,nfcorpus,all_minilm_l6,127,PLAIN-1635,1.0,1.0,0.15081206496519722,MED-1223,0.4758618474006653
formal_matrix,nfcorpus,all_minilm_l6,127,PLAIN-2850,0.0,0.0,0.2222222222222222,MED-4803,0.554753303527832
formal_matrix,nfcorpus,all_minilm_l6,127,PLAIN-1547,0.11706259313796354,0.2,0.5,MED-2360,0.6677714586257935
formal_matrix,nfcorpus,all_minilm_l6,127,PLAIN-1463,0.28997736516021183,0.3333333333333333,0.3333333333333333,MED-4991,0.4946555197238922
formal_matrix,nfcorpus,all_minilm_l6,127,PLAIN-792,0.10086747116627115,0.14285714285714285,0.5,MED-729,0.30293452739715576
formal_matrix,nfcorpus,all_minilm_l6,127,PLAIN-2810,0.0,0.0,0.375,MED-1792,0.5732677578926086
formal_matrix,nfcorpus,all_minilm_l6,127,PLAIN-2710,0.6906119546391791,1.0,0.3333333333333333,MED-3380,0.8043250441551208
formal_matrix,nfcorpus,all_minilm_l6,127,PLAIN-112,0.7224773966319756,1.0,0.08928571428571429,MED-3380,0.8020447492599487
formal_matrix,nfcorpus,all_minilm_l6,127,PLAIN-3322,0.11004588314904008,0.3333333333333333,0.16455696202531644,MED-4861,0.6313575506210327
formal_matrix,nfcorpus,all_minilm_l6,127,PLAIN-1887,0.0,0.0,0.5,MED-4535,0.5008506774902344
formal_matrix,nfcorpus,all_minilm_l6,127,PLAIN-882,0.866947989864271,1.0,0.8,MED-3632,0.4709773659706116
formal_matrix,nfcorpus,all_minilm_l6,127,PLAIN-2820,0.0,0.0,0.25,MED-1677,0.6406737565994263
formal_matrix,nfcorpus,all_minilm_l6,127,PLAIN-2840,0.0,0.0,0.058823529411764705,MED-2335,0.458782434463501
formal_matrix,nfcorpus,all_minilm_l6,127,PLAIN-2386,0.17993148201117176,0.25,0.3157894736842105,MED-5094,0.3799280524253845
formal_matrix,nfcorpus,all_minilm_l6,127,PLAIN-1590,0.11004588314904008,0.3333333333333333,0.3333333333333333,MED-748,0.7415003180503845
formal_matrix,nfcorpus,all_minilm_l6,127,PLAIN-3472,0.2421779057688651,0.25,0.4117647058823529,MED-3755,0.3959006667137146
formal_matrix,nfcorpus,all_minilm_l6,127,PLAIN-1621,0.0,0.0,0.0,MED-2177,0.19122490286827087
formal_matrix,nfcorpus,all_minilm_l6,127,PLAIN-227,0.0,0.0,0.0,MED-4830,0.3690773844718933
formal_matrix,nfcorpus,all_minilm_l6,127,PLAIN-934,0.4800032020044255,0.3333333333333333,0.37623762376237624,MED-5249,0.5294514298439026
formal_matrix,nfcorpus,all_minilm_l6,127,PLAIN-1496,0.0,0.0,0.0,MED-4714,0.176049143075943
formal_matrix,nfcorpus,all_minilm_l6,127,PLAIN-2250,0.20438239758848611,0.14285714285714285,1.0,MED-5094,0.366891086101532
formal_matrix,nfcorpus,all_minilm_l6,127,PLAIN-457,0.0,0.0,0.0,MED-2112,0.3488960862159729
formal_matrix,nfcorpus,all_minilm_l6,127,PLAIN-1309,0.0,0.0,0.0,MED-4660,0.2297642081975937
formal_matrix,nfcorpus,all_minilm_l6,127,PLAIN-2291,0.0,0.0,0.2,MED-5063,0.4801579415798187
formal_matrix,nfcorpus,all_minilm_l6,127,PLAIN-2019,0.0,0.0,0.0,MED-4654,0.19203540682792664
formal_matrix,nfcorpus,all_minilm_l6,127,PLAIN-3116,0.0,0.0,0.0,MED-2924,0.5698724985122681
formal_matrix,nfcorpus,all_minilm_l6,127,PLAIN-3131,0.250153017046447,0.5,0.3333333333333333,MED-5010,0.5473427772521973
formal_matrix,nfcorpus,all_minilm_l6,127,PLAIN-1995,0.0,0.0,0.18181818181818182,MED-1844,0.4762806296348572
formal_matrix,nfcorpus,all_minilm_l6,127,PLAIN-1183,0.13886244387355454,0.5,0.24,MED-5331,0.33875882625579834
formal_matrix,nfcorpus,all_minilm_l6,127,PLAIN-2261,0.37185395737611554,1.0,0.16666666666666666,MED-3599,0.4822150468826294
formal_matrix,nfcorpus,all_minilm_l6,127,PLAIN-1805,1.0,1.0,0.3706896551724138,MED-3926,0.5673583745956421
formal_matrix,nfcorpus,all_minilm_l6,127,PLAIN-691,0.0,0.0,0.0,MED-3449,0.4560314118862152
formal_matrix,nfcorpus,bge_small_en_v15,23,PLAIN-2440,0.0,0.0,0.0,MED-4580,0.7269623875617981
formal_matrix,nfcorpus,bge_small_en_v15,23,PLAIN-1429,0.0,0.0,0.0,MED-5125,0.6995207667350769
formal_matrix,nfcorpus,bge_small_en_v15,23,PLAIN-1098,0.0,0.0,0.2,MED-2884,0.6213009357452393
formal_matrix,nfcorpus,bge_small_en_v15,23,PLAIN-792,0.4935232796777481,1.0,0.5,MED-4546,0.6409629583358765
formal_matrix,nfcorpus,bge_small_en_v15,23,PLAIN-2520,0.09362716701706052,0.5,0.1643835616438356,MED-3273,0.7744344472885132
formal_matrix,nfcorpus,bge_small_en_v15,23,PLAIN-3074,1.0,1.0,1.0,MED-4555,0.7738481760025024
formal_matrix,nfcorpus,bge_small_en_v15,23,PLAIN-2860,0.8772153153380493,1.0,1.0,MED-4185,0.8087291717529297
formal_matrix,nfcorpus,bge_small_en_v15,23,PLAIN-488,1.0,1.0,0.7333333333333333,MED-1808,0.7925978302955627
formal_matrix,nfcorpus,bge_small_en_v15,23,PLAIN-2760,0.20789087159033523,0.3333333333333333,0.25,MED-4600,0.6607698202133179
formal_matrix,nfcorpus,bge_small_en_v15,23,PLAIN-1656,0.06943122193677727,0.125,0.10714285714285714,MED-4024,0.7481896281242371
formal_matrix,nfcorpus,bge_small_en_v15,23,PLAIN-1962,0.0,0.0,0.0,MED-3374,0.5872044563293457
formal_matrix,nfcorpus,bge_small_en_v15,23,PLAIN-2311,0.0,0.0,0.0,MED-1832,0.5193783044815063
formal_matrix,nfcorpus,bge_small_en_v15,23,PLAIN-320,0.0,0.0,0.2857142857142857,MED-2437,0.8716592788696289
formal_matrix,nfcorpus,bge_small_en_v15,23,PLAIN-1088,0.5531464700081437,1.0,0.4,MED-2110,0.7314509153366089
formal_matrix,nfcorpus,bge_small_en_v15,23,PLAIN-2102,0.6687607038361472,1.0,0.10688836104513064,MED-1545,0.738449215888977
formal_matrix,nfcorpus,bge_small_en_v15,23,PLAIN-946,0.0,0.0,0.06451612903225806,MED-926,0.6034156084060669
formal_matrix,nfcorpus,bge_small_en_v15,23,PLAIN-3241,0.17735889013007314,0.2,0.06896551724137931,MED-735,0.5986432433128357
formal_matrix,nfcorpus,bge_small_en_v15,23,PLAIN-1130,1.0,1.0,1.0,MED-4165,0.7484340667724609
formal_matrix,nfcorpus,bge_small_en_v15,23,PLAIN-1537,0.6618313225363274,1.0,0.15555555555555556,MED-2588,0.7781068086624146
formal_matrix,nfcorpus,bge_small_en_v15,23,PLAIN-143,0.7808814703721458,1.0,0.27450980392156865,MED-3618,0.7317281365394592
formal_matrix,nfcorpus,bge_small_en_v15,23,PLAIN-3442,0.0,0.0,0.0,MED-2201,0.7078971862792969
formal_matrix,nfcorpus,bge_small_en_v15,23,PLAIN-307,0.7653606369886218,1.0,1.0,MED-714,0.8026330471038818
formal_matrix,nfcorpus,bge_small_en_v15,23,PLAIN-1119,0.0,0.0,0.0,MED-877,0.7435018420219421
formal_matrix,nfcorpus,bge_small_en_v15,23,PLAIN-395,0.0,0.0,0.0,MED-2816,0.6726799607276917
formal_matrix,nfcorpus,bge_small_en_v15,23,PLAIN-987,0.0,0.0,0.0,MED-732,0.5627132654190063
formal_matrix,nfcorpus,bge_small_en_v15,23,PLAIN-3131,0.5939174551203706,1.0,0.5,MED-4620,0.6908519268035889
formal_matrix,nfcorpus,bge_small_en_v15,23,PLAIN-1299,0.11004588314904008,0.3333333333333333,0.08196721311475409,MED-1229,0.6640735864639282
formal_matrix,nfcorpus,bge_small_en_v15,23,PLAIN-2030,0.30260241349881345,1.0,0.16666666666666666,MED-4051,0.6072835922241211
formal_matrix,nfcorpus,bge_small_en_v15,23,PLAIN-1193,0.07839826897867533,0.16666666666666666,0.6111111111111112,MED-3864,0.7747198343276978
formal_matrix,nfcorpus,bge_small_en_v15,23,PLAIN-78,0.0,0.0,0.0967741935483871,MED-3585,0.56336510181427
formal_matrix,nfcorpus,bge_small_en_v15,23,PLAIN-2800,0.1135664319411187,1.0,0.08333333333333333,MED-4454,0.7409905195236206
formal_matrix,nfcorpus,bge_small_en_v15,23,PLAIN-1867,0.27487633291429087,1.0,0.2857142857142857,MED-3744,0.650820255279541
formal_matrix,nfcorpus,bge_small_en_v15,23,PLAIN-2071,0.4710361549625273,0.5,0.4,MED-4309,0.749600887298584
formal_matrix,nfcorpus,bge_small_en_v15,23,PLAIN-2780,0.41468691192448087,1.0,0.45454545454545453,MED-3896,0.818495512008667
formal_matrix,nfcorpus,bge_small_en_v15,23,PLAIN-671,1.0,1.0,1.0,MED-4857,0.719731330871582
formal_matrix,nfcorpus,bge_small_en_v15,23,PLAIN-691,0.0,0.0,0.09523809523809523,MED-2791,0.7820900678634644
formal_matrix,nfcorpus,bge_small_en_v15,23,PLAIN-2386,0.06943122193677727,0.125,0.5263157894736842,MED-5094,0.6325269937515259
formal_matrix,nfcorpus,bge_small_en_v15,23,PLAIN-2550,0.16971286633003294,0.5,0.32,MED-728,0.7389578223228455
formal_matrix,nfcorpus,bge_small_en_v15,23,PLAIN-701,0.6193198671454698,1.0,0.625,MED-3720,0.7306256294250488
formal_matrix,nfcorpus,bge_small_en_v15,23,PLAIN-3322,0.3932783996463063,1.0,0.17721518987341772,MED-3557,0.7960835099220276
formal_matrix,nfcorpus,bge_small_en_v15,23,PLAIN-1887,0.0,0.0,0.5,MED-4914,0.6709918975830078
formal_matrix,nfcorpus,bge_small_en_v15,23,PLAIN-3372,0.45846608015576257,1.0,0.21428571428571427,MED-5056,0.6709197163581848
formal_matrix,nfcorpus,bge_small_en_v15,23,PLAIN-782,0.0,0.0,0.0,MED-1055,0.6086319088935852
formal_matrix,nfcorpus,bge_small_en_v15,23,PLAIN-3211,0.0,0.0,0.0,MED-5063,0.6774497032165527
formal_matrix,nfcorpus,bge_small_en_v15,23,PLAIN-1827,0.0,0.0,0.0,MED-2350,0.5307729244232178
formal_matrix,nfcorpus,bge_small_en_v15,23,PLAIN-1919,0.7967610662472993,1.0,0.5185185185185185,MED-4431,0.7293895483016968
formal_matrix,nfcorpus,bge_small_en_v15,23,PLAIN-1897,0.0,0.0,0.0,MED-1789,0.5829457640647888
formal_matrix,nfcorpus,bge_small_en_v15,23,PLAIN-510,0.0,0.0,0.5,MED-4980,0.5374026298522949
formal_matrix,nfcorpus,bge_small_en_v15,23,PLAIN-2590,0.03830669583802165,0.3333333333333333,0.1111111111111111,MED-4163,0.7668575048446655
formal_matrix,nfcorpus,bge_small_en_v15,23,PLAIN-44,0.26181501559986015,1.0,0.22413793103448276,MED-2800,0.6975598335266113
formal_matrix,nfcorpus,bge_small_en_v15,41,PLAIN-2870,0.0781764177375172,0.2,0.2,MED-2491,0.6072869300842285
formal_matrix,nfcorpus,bge_small_en_v15,41,PLAIN-2640,0.4012022637938569,1.0,0.6041666666666666,MED-2745,0.7200722694396973
formal_matrix,nfcorpus,bge_small_en_v15,41,PLAIN-2156,0.7526136409516659,1.0,0.6666666666666666,MED-4868,0.7662652730941772
formal_matrix,nfcorpus,bge_small_en_v15,41,PLAIN-1847,0.13886244387355454,0.5,0.18181818181818182,MED-4948,0.5586514472961426
formal_matrix,nfcorpus,bge_small_en_v15,41,PLAIN-2890,0.0,0.0,0.034482758620689655,MED-3370,0.671899676322937
formal_matrix,nfcorpus,bge_small_en_v15,41,PLAIN-721,1.0,1.0,0.68,MED-1284,0.6913085579872131
formal_matrix,nfcorpus,bge_small_en_v15,41,PLAIN-2396,0.0,0.0,0.0,MED-4679,0.5595436692237854
formal_matrix,nfcorpus,bge_small_en_v15,41,PLAIN-603,0.0,0.0,0.0,MED-1957,0.594248354434967
formal_matrix,nfcorpus,bge_small_en_v15,41,PLAIN-2364,0.0,0.0,0.0,MED-5004,0.7303203344345093
formal_matrix,nfcorpus,bge_small_en_v15,41,PLAIN-2880,0.0,0.0,0.0,MED-2006,0.5756242275238037
formal_matrix,nfcorpus,bge_small_en_v15,41,PLAIN-1039,1.0,1.0,1.0,MED-4380,0.8024957776069641
formal_matrix,nfcorpus,bge_small_en_v15,41,PLAIN-2240,0.4690000933206748,1.0,0.36363636363636365,MED-3969,0.7694233059883118
formal_matrix,nfcorpus,bge_small_en_v15,41,PLAIN-1109,0.8200685179888283,1.0,0.29591836734693877,MED-2643,0.8389759063720703
formal_matrix,nfcorpus,bge_small_en_v15,41,PLAIN-3171,0.0,0.0,0.029411764705882353,MED-745,0.6604899168014526
formal_matrix,nfcorpus,bge_small_en_v15,41,PLAIN-1784,0.0,0.0,0.0,MED-2700,0.6589868068695068
formal_matrix,nfcorpus,bge_small_en_v15,41,PLAIN-1752,0.0,0.0,0.0,MED-4660,0.5458410978317261
formal_matrix,nfcorpus,bge_small_en_v15,41,PLAIN-2580,0.20345291993069659,0.5,0.13043478260869565,MED-3487,0.7641774415969849
formal_matrix,nfcorpus,bge_small_en_v15,41,PLAIN-2271,0.0,0.0,0.0,MED-1402,0.5261995196342468
formal_matrix,nfcorpus,bge_small_en_v15,41,PLAIN-946,0.0,0.0,0.06451612903225806,MED-926,0.6034156084060669
formal_matrix,nfcorpus,bge_small_en_v15,41,PLAIN-751,0.0,0.0,0.0,MED-3129,0.7272101640701294
formal_matrix,nfcorpus,bge_small_en_v15,41,PLAIN-1309,0.0,0.0,0.0,MED-4727,0.5210573077201843
formal_matrix,nfcorpus,bge_small_en_v15,41,PLAIN-1611,0.0,0.0,0.0,MED-711,0.5099164843559265
formal_matrix,nfcorpus,bge_small_en_v15,41,PLAIN-771,0.9217868789962071,1.0,1.0,MED-3387,0.7017649412155151
formal_matrix,nfcorpus,bge_small_en_v15,41,PLAIN-1172,0.22009176629808017,1.0,0.2631578947368421,MED-4150,0.5936932563781738
formal_matrix,nfcorpus,bge_small_en_v15,41,PLAIN-3141,0.21003936892232594,0.125,0.14705882352941177,MED-4917,0.7028089761734009
formal_matrix,nfcorpus,bge_small_en_v15,41,PLAIN-2386,0.06943122193677727,0.125,0.5263157894736842,MED-5094,0.6325269937515259
formal_matrix,nfcorpus,bge_small_en_v15,41,PLAIN-2071,0.4710361549625273,0.5,0.4,MED-4309,0.749600887298584
formal_matrix,nfcorpus,bge_small_en_v15,41,PLAIN-1374,0.06943122193677727,0.125,0.23076923076923078,MED-4322,0.6926630735397339
formal_matrix,nfcorpus,bge_small_en_v15,41,PLAIN-2770,0.41542273258449064,1.0,0.5365853658536586,MED-3836,0.8698177337646484
formal_matrix,nfcorpus,bge_small_en_v15,41,PLAIN-3332,0.8268535236627563,1.0,0.7142857142857143,MED-4994,0.7661076188087463
formal_matrix,nfcorpus,bge_small_en_v15,41,PLAIN-1645,0.30260241349881345,1.0,0.16666666666666666,MED-5056,0.592543363571167
formal_matrix,nfcorpus,bge_small_en_v15,41,PLAIN-613,0.11004588314904008,0.3333333333333333,0.2,MED-909,0.7593458890914917
formal_matrix,nfcorpus,bge_small_en_v15,41,PLAIN-1635,0.8701249883466593,1.0,0.13225058004640372,MED-2058,0.7200077772140503
formal_matrix,nfcorpus,bge_small_en_v15,41,PLAIN-1506,0.13886244387355454,0.5,0.06666666666666667,MED-2126,0.6890153288841248
formal_matrix,nfcorpus,bge_small_en_v15,41,PLAIN-1731,0.7653606369886217,1.0,1.0,MED-2749,0.7388378381729126
formal_matrix,nfcorpus,bge_small_en_v15,41,PLAIN-1897,0.0,0.0,0.0,MED-1789,0.5829457640647888
formal_matrix,nfcorpus,bge_small_en_v15,41,PLAIN-1275,0.5173633627401372,1.0,0.2545454545454545,MED-4712,0.7613754272460938
formal_matrix,nfcorpus,bge_small_en_v15,41,PLAIN-2311,0.0,0.0,0.0,MED-1832,0.5193783044815063
formal_matrix,nfcorpus,bge_small_en_v15,41,PLAIN-2570,0.20027773927217962,0.3333333333333333,0.2,MED-2148,0.7163819074630737
formal_matrix,nfcorpus,bge_small_en_v15,41,PLAIN-2124,0.6437684113853992,1.0,0.5882352941176471,MED-1525,0.6934008598327637
formal_matrix,nfcorpus,bge_small_en_v15,41,PLAIN-1141,0.22009176629808017,1.0,0.125,MED-2112,0.7475664019584656
formal_matrix,nfcorpus,bge_small_en_v15,41,PLAIN-892,0.7967610662472993,1.0,0.22826086956521738,MED-2009,0.7333746552467346
formal_matrix,nfcorpus,bge_small_en_v15,41,PLAIN-1919,0.7967610662472993,1.0,0.5185185185185185,MED-4431,0.7293895483016968
formal_matrix,nfcorpus,bge_small_en_v15,41,PLAIN-3151,0.7245383817513458,1.0,0.5,MED-4662,0.7101911306381226
formal_matrix,nfcorpus,bge_small_en_v15,41,PLAIN-1299,0.11004588314904008,0.3333333333333333,0.08196721311475409,MED-1229,0.6640735864639282
formal_matrix,nfcorpus,bge_small_en_v15,41,PLAIN-2490,0.030215560015714335,0.125,0.30434782608695654,MED-3055,0.7001925110816956
formal_matrix,nfcorpus,bge_small_en_v15,41,PLAIN-2950,0.0,0.0,0.5,MED-4791,0.6253855228424072
formal_matrix,nfcorpus,bge_small_en_v15,41,PLAIN-1741,1.0,1.0,0.13095238095238096,MED-4286,0.7420130968093872
formal_matrix,nfcorpus,bge_small_en_v15,41,PLAIN-1537,0.6618313225363274,1.0,0.15555555555555556,MED-2588,0.7781068086624146
formal_matrix,nfcorpus,bge_small_en_v15,41,PLAIN-1473,0.0,0.0,1.0,MED-4713,0.5462124347686768
formal_matrix,nfcorpus,bge_small_en_v15,67,PLAIN-1387,0.6203974344166848,1.0,0.6666666666666666,MED-3383,0.7257996797561646
formal_matrix,nfcorpus,bge_small_en_v15,67,PLAIN-1590,0.07336392209936005,0.14285714285714285,0.2777777777777778,MED-748,0.7264166474342346
formal_matrix,nfcorpus,bge_small_en_v15,67,PLAIN-3001,0.3065735963827292,0.3333333333333333,0.5,MED-3314,0.7217728495597839
formal_matrix,nfcorpus,bge_small_en_v15,67,PLAIN-3302,0.0,0.0,0.24324324324324326,MED-4811,0.6377030611038208
formal_matrix,nfcorpus,bge_small_en_v15,67,PLAIN-3037,0.0,0.0,0.25,MED-3454,0.5602198243141174
formal_matrix,nfcorpus,bge_small_en_v15,67,PLAIN-2311,0.0,0.0,0.0,MED-1832,0.5193783044815063
formal_matrix,nfcorpus,bge_small_en_v15,67,PLAIN-817,0.0,0.0,0.0,MED-3461,0.6096070408821106
formal_matrix,nfcorpus,bge_small_en_v15,67,PLAIN-3116,0.0,0.0,0.0,MED-1558,0.790789008140564
formal_matrix,nfcorpus,bge_small_en_v15,67,PLAIN-3392,0.0,0.0,0.0,MED-1646,0.6439225673675537
formal_matrix,nfcorpus,bge_small_en_v15,67,PLAIN-956,0.6780494608112012,1.0,0.18446601941747573,MED-5076,0.6788479089736938
formal_matrix,nfcorpus,bge_small_en_v15,67,PLAIN-2375,0.0,0.0,0.0,MED-3699,0.514517605304718
formal_matrix,nfcorpus,bge_small_en_v15,67,PLAIN-2019,0.0,0.0,0.0,MED-4373,0.6456660032272339
formal_matrix,nfcorpus,bge_small_en_v15,67,PLAIN-1203,0.4440973278132557,1.0,0.5,MED-1203,0.790920078754425
formal_matrix,nfcorpus,bge_small_en_v15,67,PLAIN-1887,0.0,0.0,0.5,MED-4914,0.6709918975830078
formal_matrix,nfcorpus,bge_small_en_v15,67,PLAIN-2430,0.7363564030576628,1.0,0.43478260869565216,MED-994,0.8305023908615112
formal_matrix,nfcorpus,bge_small_en_v15,67,PLAIN-1183,0.06362078819895171,0.1,0.12,MED-4727,0.6116319894790649
formal_matrix,nfcorpus,bge_small_en_v15,67,PLAIN-1794,1.0,1.0,1.0,MED-5041,0.5650781989097595
formal_matrix,nfcorpus,bge_small_en_v15,67,PLAIN-3181,0.0,0.0,0.07407407407407407,MED-3480,0.6690827012062073
formal_matrix,nfcorpus,bge_small_en_v15,67,PLAIN-1909,0.725452110735279,1.0,0.1101511879049676,MED-4818,0.7157435417175293
formal_matrix,nfcorpus,bge_small_en_v15,67,PLAIN-1621,0.0,0.0,0.0,MED-3110,0.537653923034668
formal_matrix,nfcorpus,bge_small_en_v15,67,PLAIN-1485,0.0,0.0,0.0,MED-4481,0.6088074445724487
formal_matrix,nfcorpus,bge_small_en_v15,67,PLAIN-3412,0.17375200665068735,1.0,0.20408163265306123,MED-4682,0.746857225894928
formal_matrix,nfcorpus,bge_small_en_v15,67,PLAIN-2520,0.09362716701706052,0.5,0.1643835616438356,MED-3273,0.7744344472885132
formal_matrix,nfcorpus,bge_small_en_v15,67,PLAIN-2220,0.35256832412172806,1.0,0.2222222222222222,MED-4976,0.5665121078491211
formal_matrix,nfcorpus,bge_small_en_v15,67,PLAIN-2960,0.35583989829307827,0.25,0.5,MED-4371,0.716650128364563
formal_matrix,nfcorpus,bge_small_en_v15,67,PLAIN-782,0.0,0.0,0.0,MED-1055,0.6086319088935852
formal_matrix,nfcorpus,bge_small_en_v15,67,PLAIN-1066,0.0,0.0,0.0,MED-2590,0.5151817798614502
formal_matrix,nfcorpus,bge_small_en_v15,67,PLAIN-2940,0.11570038775608932,0.1111111111111111,0.13636363636363635,MED-1578,0.837339460849762
formal_matrix,nfcorpus,bge_small_en_v15,67,PLAIN-468,0.5000487564324042,1.0,0.3,MED-961,0.8137083053588867
formal_matrix,nfcorpus,bge_small_en_v15,67,PLAIN-1817,0.4636440365082036,1.0,0.4444444444444444,MED-4284,0.7368156909942627
formal_matrix,nfcorpus,bge_small_en_v15,67,PLAIN-1772,1.0,1.0,1.0,MED-4727,0.7472529411315918
formal_matrix,nfcorpus,bge_small_en_v15,67,PLAIN-2810,0.0,0.0,0.25,MED-2491,0.6991224884986877
formal_matrix,nfcorpus,bge_small_en_v15,67,PLAIN-430,0.6145291846697714,1.0,0.375,MED-927,0.7570963501930237
formal_matrix,nfcorpus,bge_small_en_v15,67,PLAIN-1028,0.0,0.0,1.0,MED-1558,0.748059868812561
formal_matrix,nfcorpus,bge_small_en_v15,67,PLAIN-320,0.0,0.0,0.2857142857142857,MED-2437,0.8716592788696289
formal_matrix,nfcorpus,bge_small_en_v15,67,PLAIN-2167,0.0,0.0,0.0,MED-2488,0.6224143505096436
formal_matrix,nfcorpus,bge_small_en_v15,67,PLAIN-291,0.5231737964779628,1.0,0.5384615384615384,MED-4517,0.7663007974624634
formal_matrix,nfcorpus,bge_small_en_v15,67,PLAIN-2760,0.20789087159033523,0.3333333333333333,0.25,MED-4600,0.6607698202133179
formal_matrix,nfcorpus,bge_small_en_v15,67,PLAIN-1805,0.9216017310213247,1.0,0.28448275862068967,MED-3935,0.7477114200592041
formal_matrix,nfcorpus,bge_small_en_v15,67,PLAIN-3151,0.7245383817513458,1.0,0.5,MED-4662,0.7101911306381226
formal_matrix,nfcorpus,bge_small_en_v15,67,PLAIN-645,0.0,0.0,0.034482758620689655,MED-1676,0.5952576994895935
formal_matrix,nfcorpus,bge_small_en_v15,67,PLAIN-1018,0.5341769051617135,0.5,0.18333333333333332,MED-5095,0.7009153366088867
formal_matrix,nfcorpus,bge_small_en_v15,67,PLAIN-806,0.9363792118010483,1.0,0.20833333333333334,MED-1715,0.7530814409255981
formal_matrix,nfcorpus,bge_small_en_v15,67,PLAIN-3191,0.375609331437446,1.0,0.5,MED-4730,0.6857667565345764
formal_matrix,nfcorpus,bge_small_en_v15,67,PLAIN-2710,0.6906119546391791,1.0,0.5238095238095238,MED-3380,0.8743085861206055
formal_matrix,nfcorpus,bge_small_en_v15,67,PLAIN-217,0.2051166673279436,0.5,0.2222222222222222,MED-2441,0.7667639255523682
formal_matrix,nfcorpus,bge_small_en_v15,67,PLAIN-1141,0.22009176629808017,1.0,0.125,MED-2112,0.7475664019584656
formal_matrix,nfcorpus,bge_small_en_v15,67,PLAIN-1690,0.0,0.0,0.0,MED-4674,0.5888046026229858
formal_matrix,nfcorpus,bge_small_en_v15,67,PLAIN-872,0.0,0.0,0.0,MED-3989,0.6627585291862488
formal_matrix,nfcorpus,bge_small_en_v15,67,PLAIN-1008,0.0,0.0,0.0,MED-4668,0.5950503349304199
formal_matrix,nfcorpus,bge_small_en_v15,83,PLAIN-344,0.558086964329246,1.0,0.2786885245901639,MED-2394,0.812755823135376
formal_matrix,nfcorpus,bge_small_en_v15,83,PLAIN-3271,0.0,0.0,0.14285714285714285,MED-5066,0.7636243104934692
formal_matrix,nfcorpus,bge_small_en_v15,83,PLAIN-1453,0.5365535816822092,1.0,0.09795918367346938,MED-1533,0.6624624729156494
formal_matrix,nfcorpus,bge_small_en_v15,83,PLAIN-165,0.5853385300493538,0.5,0.3611111111111111,MED-4445,0.8147166967391968
formal_matrix,nfcorpus,bge_small_en_v15,83,PLAIN-2850,0.1855559101570154,0.2,0.3333333333333333,MED-3891,0.6946593523025513
formal_matrix,nfcorpus,bge_small_en_v15,83,PLAIN-1183,0.06362078819895171,0.1,0.12,MED-4727,0.6116319894790649
formal_matrix,nfcorpus,bge_small_en_v15,83,PLAIN-1249,0.0,0.0,0.0,MED-1744,0.6374319791793823
formal_matrix,nfcorpus,bge_small_en_v15,83,PLAIN-2061,0.7123736502858727,1.0,0.10975609756097561,MED-2411,0.7079373002052307
formal_matrix,nfcorpus,bge_small_en_v15,83,PLAIN-1950,0.33013764944712026,1.0,0.23076923076923078,MED-3904,0.7480943202972412
formal_matrix,nfcorpus,bge_small_en_v15,83,PLAIN-1877,0.0,0.0,0.0,MED-4831,0.817806601524353
formal_matrix,nfcorpus,bge_small_en_v15,83,PLAIN-2530,1.0,1.0,0.3194444444444444,MED-1808,0.8957253694534302
formal_matrix,nfcorpus,bge_small_en_v15,83,PLAIN-1429,0.0,0.0,0.0,MED-5125,0.6995207667350769
formal_matrix,nfcorpus,bge_small_en_v15,83,PLAIN-1275,0.5173633627401372,1.0,0.2545454545454545,MED-4712,0.7613754272460938
formal_matrix,nfcorpus,bge_small_en_v15,83,PLAIN-3014,0.0,0.0,0.0,MED-1261,0.6698108911514282
formal_matrix,nfcorpus,bge_small_en_v15,83,PLAIN-1772,1.0,1.0,1.0,MED-4727,0.7472529411315918
formal_matrix,nfcorpus,bge_small_en_v15,83,PLAIN-2730,0.7449437709640597,1.0,0.3103448275862069,MED-3550,0.7836713790893555
formal_matrix,nfcorpus,bge_small_en_v15,83,PLAIN-2490,0.030215560015714335,0.125,0.30434782608695654,MED-3055,0.7001925110816956
formal_matrix,nfcorpus,bge_small_en_v15,83,PLAIN-645,0.0,0.0,0.034482758620689655,MED-1676,0.5952576994895935
formal_matrix,nfcorpus,bge_small_en_v15,83,PLAIN-2009,0.3255078526539521,0.3333333333333333,0.5,MED-5173,0.7614234685897827
formal_matrix,nfcorpus,bge_small_en_v15,83,PLAIN-3332,0.8268535236627563,1.0,0.7142857142857143,MED-4994,0.7661076188087463
formal_matrix,nfcorpus,bge_small_en_v15,83,PLAIN-977,0.18154179253735267,0.2,0.3333333333333333,MED-925,0.6072432994842529
formal_matrix,nfcorpus,bge_small_en_v15,83,PLAIN-2145,0.0,0.0,0.1111111111111111,MED-743,0.6164659261703491
formal_matrix,nfcorpus,bge_small_en_v15,83,PLAIN-3201,0.5175857101991203,1.0,0.09375,MED-4752,0.7725146412849426
formal_matrix,nfcorpus,bge_small_en_v15,83,PLAIN-1847,0.13886244387355454,0.5,0.18181818181818182,MED-4948,0.5586514472961426
formal_matrix,nfcorpus,bge_small_en_v15,83,PLAIN-1225,0.5734923014668308,0.5,0.5555555555555556,MED-717,0.8004118204116821
formal_matrix,nfcorpus,bge_small_en_v15,83,PLAIN-1161,0.0,0.0,0.0,MED-2570,0.699723482131958
formal_matrix,nfcorpus,bge_small_en_v15,83,PLAIN-1119,0.0,0.0,0.0,MED-877,0.7435018420219421
formal_matrix,nfcorpus,bge_small_en_v15,83,PLAIN-33,0.34476026254219483,1.0,0.21875,MED-2721,0.7314144372940063
formal_matrix,nfcorpus,bge_small_en_v15,83,PLAIN-2710,0.6906119546391791,1.0,0.5238095238095238,MED-3380,0.8743085861206055
formal_matrix,nfcorpus,bge_small_en_v15,83,PLAIN-2890,0.0,0.0,0.034482758620689655,MED-3370,0.671899676322937
formal_matrix,nfcorpus,bge_small_en_v15,83,PLAIN-701,0.6193198671454698,1.0,0.625,MED-3720,0.7306256294250488
formal_matrix,nfcorpus,bge_small_en_v15,83,PLAIN-1940,0.3589542101716347,1.0,0.5,MED-3792,0.741209864616394
formal_matrix,nfcorpus,bge_small_en_v15,83,PLAIN-583,0.0,0.0,0.045454545454545456,MED-1195,0.7217460870742798
formal_matrix,nfcorpus,bge_small_en_v15,83,PLAIN-2570,0.20027773927217962,0.3333333333333333,0.2,MED-2148,0.7163819074630737
formal_matrix,nfcorpus,bge_small_en_v15,83,PLAIN-3342,0.4692787260227565,1.0,1.0,MED-5012,0.6506704092025757
formal_matrix,nfcorpus,bge_small_en_v15,83,PLAIN-3241,0.17735889013007314,0.2,0.06896551724137931,MED-735,0.5986432433128357
formal_matrix,nfcorpus,bge_small_en_v15,83,PLAIN-817,0.0,0.0,0.0,MED-3461,0.6096070408821106
formal_matrix,nfcorpus,bge_small_en_v15,83,PLAIN-259,0.3589542101716347,1.0,0.21428571428571427,MED-4295,0.7569008469581604
formal_matrix,nfcorpus,bge_small_en_v15,83,PLAIN-3181,0.0,0.0,0.07407407407407407,MED-3480,0.6690827012062073
formal_matrix,nfcorpus,bge_small_en_v15,83,PLAIN-1690,0.0,0.0,0.0,MED-4674,0.5888046026229858
formal_matrix,nfcorpus,bge_small_en_v15,83,PLAIN-2991,0.3065735963827292,0.3333333333333333,0.5,MED-1663,0.8558737635612488
formal_matrix,nfcorpus,bge_small_en_v15,83,PLAIN-987,0.0,0.0,0.0,MED-732,0.5627132654190063
formal_matrix,nfcorpus,bge_small_en_v15,83,PLAIN-383,0.14606834984270645,0.25,0.4,MED-1478,0.7044166326522827
formal_matrix,nfcorpus,bge_small_en_v15,83,PLAIN-603,0.0,0.0,0.0,MED-1957,0.594248354434967
formal_matrix,nfcorpus,bge_small_en_v15,83,PLAIN-681,1.0,1.0,1.0,MED-5017,0.7135254740715027
formal_matrix,nfcorpus,bge_small_en_v15,83,PLAIN-1066,0.0,0.0,0.0,MED-2590,0.5151817798614502
formal_matrix,nfcorpus,bge_small_en_v15,83,PLAIN-2800,0.1135664319411187,1.0,0.08333333333333333,MED-4454,0.7409905195236206
formal_matrix,nfcorpus,bge_small_en_v15,83,PLAIN-3191,0.375609331437446,1.0,0.5,MED-4730,0.6857667565345764
formal_matrix,nfcorpus,bge_small_en_v15,83,PLAIN-946,0.0,0.0,0.06451612903225806,MED-926,0.6034156084060669
formal_matrix,nfcorpus,bge_small_en_v15,83,PLAIN-1621,0.0,0.0,0.0,MED-3110,0.537653923034668
formal_matrix,nfcorpus,bge_small_en_v15,127,PLAIN-1225,0.5734923014668308,0.5,0.5555555555555556,MED-717,0.8004118204116821
formal_matrix,nfcorpus,bge_small_en_v15,127,PLAIN-966,0.0,0.0,0.0,MED-3671,0.6731468439102173
formal_matrix,nfcorpus,bge_small_en_v15,127,PLAIN-741,0.557780405761987,0.5,0.42105263157894735,MED-4185,0.7382075190544128
formal_matrix,nfcorpus,bge_small_en_v15,127,PLAIN-660,1.0,1.0,0.08842105263157894,MED-3138,0.7433950304985046
formal_matrix,nfcorpus,bge_small_en_v15,127,PLAIN-1506,0.13886244387355454,0.5,0.06666666666666667,MED-2126,0.6890153288841248
formal_matrix,nfcorpus,bge_small_en_v15,127,PLAIN-1130,1.0,1.0,1.0,MED-4165,0.7484340667724609
formal_matrix,nfcorpus,bge_small_en_v15,127,PLAIN-1161,0.0,0.0,0.0,MED-2570,0.699723482131958
formal_matrix,nfcorpus,bge_small_en_v15,127,PLAIN-2321,0.0,0.0,0.0,MED-3369,0.6416961550712585
formal_matrix,nfcorpus,bge_small_en_v15,127,PLAIN-2009,0.3255078526539521,0.3333333333333333,0.5,MED-5173,0.7614234685897827
formal_matrix,nfcorpus,bge_small_en_v15,127,PLAIN-2991,0.3065735963827292,0.3333333333333333,0.5,MED-1663,0.8558737635612488
formal_matrix,nfcorpus,bge_small_en_v15,127,PLAIN-2134,0.0,0.0,0.16666666666666666,MED-5173,0.6084620356559753
formal_matrix,nfcorpus,bge_small_en_v15,127,PLAIN-2480,0.4428377520833045,1.0,0.6666666666666666,MED-3964,0.8279672861099243
formal_matrix,nfcorpus,bge_small_en_v15,127,PLAIN-2530,1.0,1.0,0.3194444444444444,MED-1808,0.8957253694534302
formal_matrix,nfcorpus,bge_small_en_v15,127,PLAIN-2870,0.0781764177375172,0.2,0.2,MED-2491,0.6072869300842285
formal_matrix,nfcorpus,bge_small_en_v15,127,PLAIN-1320,0.26836379988737025,0.3333333333333333,0.5,MED-4929,0.6881124973297119
formal_matrix,nfcorpus,bge_small_en_v15,127,PLAIN-2550,0.16971286633003294,0.5,0.32,MED-728,0.7389578223228455
formal_matrix,nfcorpus,bge_small_en_v15,127,PLAIN-2460,0.1436715886895903,0.3333333333333333,0.4838709677419355,MED-1062,0.7450253963470459
formal_matrix,nfcorpus,bge_small_en_v15,127,PLAIN-510,0.0,0.0,0.5,MED-4980,0.5374026298522949
formal_matrix,nfcorpus,bge_small_en_v15,127,PLAIN-1635,0.8701249883466593,1.0,0.13225058004640372,MED-2058,0.7200077772140503
formal_matrix,nfcorpus,bge_small_en_v15,127,PLAIN-2850,0.1855559101570154,0.2,0.3333333333333333,MED-3891,0.6946593523025513
formal_matrix,nfcorpus,bge_small_en_v15,127,PLAIN-1547,0.13032376591037062,0.25,0.16666666666666666,MED-2360,0.7127079367637634
formal_matrix,nfcorpus,bge_small_en_v15,127,PLAIN-1463,0.15850703974098102,0.2,0.375,MED-4991,0.6721742153167725
formal_matrix,nfcorpus,bge_small_en_v15,127,PLAIN-792,0.4935232796777481,1.0,0.5,MED-4546,0.6409629583358765
formal_matrix,nfcorpus,bge_small_en_v15,127,PLAIN-2810,0.0,0.0,0.25,MED-2491,0.6991224884986877
formal_matrix,nfcorpus,bge_small_en_v15,127,PLAIN-2710,0.6906119546391791,1.0,0.5238095238095238,MED-3380,0.8743085861206055
formal_matrix,nfcorpus,bge_small_en_v15,127,PLAIN-112,0.7224773966319756,1.0,0.10714285714285714,MED-3380,0.8808600902557373
formal_matrix,nfcorpus,bge_small_en_v15,127,PLAIN-3322,0.3932783996463063,1.0,0.17721518987341772,MED-3557,0.7960835099220276
formal_matrix,nfcorpus,bge_small_en_v15,127,PLAIN-1887,0.0,0.0,0.5,MED-4914,0.6709918975830078
formal_matrix,nfcorpus,bge_small_en_v15,127,PLAIN-882,0.866947989864271,1.0,0.8666666666666667,MED-3635,0.6878143548965454
formal_matrix,nfcorpus,bge_small_en_v15,127,PLAIN-2820,0.0,0.0,0.25,MED-1232,0.7945805788040161
formal_matrix,nfcorpus,bge_small_en_v15,127,PLAIN-2840,0.0,0.0,0.0,MED-5176,0.651085376739502
formal_matrix,nfcorpus,bge_small_en_v15,127,PLAIN-2386,0.06943122193677727,0.125,0.5263157894736842,MED-5094,0.6325269937515259
formal_matrix,nfcorpus,bge_small_en_v15,127,PLAIN-1590,0.07336392209936005,0.14285714285714285,0.2777777777777778,MED-748,0.7264166474342346
formal_matrix,nfcorpus,bge_small_en_v15,127,PLAIN-3472,0.17135852391050457,0.3333333333333333,0.4117647058823529,MED-3603,0.6238927841186523
formal_matrix,nfcorpus,bge_small_en_v15,127,PLAIN-1621,0.0,0.0,0.0,MED-3110,0.537653923034668
formal_matrix,nfcorpus,bge_small_en_v15,127,PLAIN-227,0.0,0.0,0.0,MED-3460,0.6493224501609802
formal_matrix,nfcorpus,bge_small_en_v15,127,PLAIN-934,0.46474568322493615,0.25,0.3465346534653465,MED-5250,0.7361993789672852
formal_matrix,nfcorpus,bge_small_en_v15,127,PLAIN-1496,0.0,0.0,0.0,MED-4499,0.5408445000648499
formal_matrix,nfcorpus,bge_small_en_v15,127,PLAIN-2250,0.19342640361727081,0.125,0.5,MED-5094,0.6325733661651611
formal_matrix,nfcorpus,bge_small_en_v15,127,PLAIN-457,0.0,0.0,0.0,MED-745,0.5786294937133789
formal_matrix,nfcorpus,bge_small_en_v15,127,PLAIN-1309,0.0,0.0,0.0,MED-4727,0.5210573077201843
formal_matrix,nfcorpus,bge_small_en_v15,127,PLAIN-2291,0.0,0.0,0.2,MED-4284,0.6882539987564087
formal_matrix,nfcorpus,bge_small_en_v15,127,PLAIN-2019,0.0,0.0,0.0,MED-4373,0.6456660032272339
formal_matrix,nfcorpus,bge_small_en_v15,127,PLAIN-3116,0.0,0.0,0.0,MED-1558,0.790789008140564
formal_matrix,nfcorpus,bge_small_en_v15,127,PLAIN-3131,0.5939174551203706,1.0,0.5,MED-4620,0.6908519268035889
formal_matrix,nfcorpus,bge_small_en_v15,127,PLAIN-1995,0.0,0.0,0.18181818181818182,MED-1853,0.6823430061340332
formal_matrix,nfcorpus,bge_small_en_v15,127,PLAIN-1183,0.06362078819895171,0.1,0.12,MED-4727,0.6116319894790649
formal_matrix,nfcorpus,bge_small_en_v15,127,PLAIN-2261,0.70844095012329,1.0,0.2,MED-3598,0.7291635870933533
formal_matrix,nfcorpus,bge_small_en_v15,127,PLAIN-1805,0.9216017310213247,1.0,0.28448275862068967,MED-3935,0.7477114200592041
formal_matrix,nfcorpus,bge_small_en_v15,127,PLAIN-691,0.0,0.0,0.09523809523809523,MED-2791,0.7820900678634644
formal_matrix,arguana,bm25,23,test-international-bldimehbn-pro01a,0.6309297535714575,0.5,1.0,test-international-bldimehbn-pro01a,828.5781464551153
formal_matrix,arguana,bm25,23,test-economy-bhahwbsps-pro02a,0.0,0.0,1.0,test-economy-bhahwbsps-pro02a,526.126788874359
formal_matrix,arguana,bm25,23,test-culture-mmctghwbsa-pro02a,0.0,0.0,0.0,test-culture-mmctghwbsa-pro02a,346.209565799192
formal_matrix,arguana,bm25,23,test-religion-cmrsgfhbr-con01a,0.6309297535714575,0.5,1.0,test-religion-cmrsgfhbr-con01a,505.70546993736195
formal_matrix,arguana,bm25,23,test-international-eiahwpamu-pro05a,0.43067655807339306,0.25,1.0,test-economy-fiahwpamu-pro05a,465.36250154439534
formal_matrix,arguana,bm25,23,test-law-phwmfri-pro03a,0.3010299956639812,0.1111111111111111,1.0,test-law-phwmfri-pro03a,708.357330892943
formal_matrix,arguana,bm25,23,test-international-siacphbnt-pro02a,0.2890648263178879,0.1,1.0,test-international-siacphbnt-pro02a,727.181666603614
formal_matrix,arguana,bm25,23,test-politics-ghbgussbsbt-con01a,0.0,0.0,1.0,test-politics-ghbgussbsbt-con01a,418.4013397064104
formal_matrix,arguana,bm25,23,test-international-iighbopcc-pro03a,0.5,0.3333333333333333,1.0,test-international-iighbopcc-pro03a,486.0710348579262
formal_matrix,arguana,bm25,23,test-education-egtuscpih-pro01a,0.38685280723454163,0.2,1.0,test-education-egtuscpih-pro01a,408.97176242208246
formal_matrix,arguana,bm25,23,test-free-speech-debate-fsaphgiap-pro01a,0.0,0.0,0.0,test-free-speech-debate-fsaphgiap-pro01a,392.4315614402717
formal_matrix,arguana,bm25,23,test-international-aghwrem-con04a,0.6309297535714575,0.5,1.0,test-international-aghwrem-con04a,459.849607015665
formal_matrix,arguana,bm25,23,test-law-thgglcplgphw-pro02a,0.3333333333333333,0.14285714285714285,1.0,test-law-thgglcplgphw-pro02a,830.1355945099059
formal_matrix,arguana,bm25,23,test-culture-mmciahbans-pro03a,0.6309297535714575,0.5,1.0,test-culture-mmciahbans-pro03a,426.32414596574114
formal_matrix,arguana,bm25,23,test-health-dhghhbampt-con02a,0.6309297535714575,0.5,1.0,test-health-dhghhbampt-con02a,434.0459379281765
formal_matrix,arguana,bm25,23,test-science-ciidfaihwc-pro03a,0.6309297535714575,0.5,1.0,test-science-ciidfaihwc-pro03a,1003.158402317416
formal_matrix,arguana,bm25,23,test-philosophy-apessghwba-pro03a,0.5,0.3333333333333333,1.0,test-philosophy-apessghwba-pro03a,695.0838064147804
formal_matrix,arguana,bm25,23,test-culture-mthbah-pro01a,0.6309297535714575,0.5,1.0,test-culture-mthbah-pro01a,423.2468522247431
formal_matrix,arguana,bm25,23,test-economy-epsihbdns-con01a,0.0,0.0,1.0,test-economy-epsihbdns-con01a,391.39825715530554
formal_matrix,arguana,bm25,23,test-economy-egecegphw-con02a,0.3010299956639812,0.1111111111111111,1.0,test-economy-egecegphw-con02a,581.212893422151
formal_matrix,arguana,bm25,23,test-politics-cdmaggpdgdf-con04a,0.6309297535714575,0.5,1.0,test-politics-cdmaggpdgdf-con04a,823.7025332646214
formal_matrix,arguana,bm25,23,test-law-phwmfri-con01a,0.6309297535714575,0.5,1.0,test-law-phwmfri-con01a,409.2109830427893
formal_matrix,arguana,bm25,23,test-culture-mmctyshwbcp-pro01a,0.6309297535714575,0.5,1.0,test-culture-mmctyshwbcp-pro01a,304.44507139350253
formal_matrix,arguana,bm25,23,test-politics-dhbanhrnw-pro04a,0.3562071871080222,0.16666666666666666,1.0,test-politics-dhbanhrnw-pro04a,649.2541323425057
formal_matrix,arguana,bm25,23,test-science-eassgbatj-con01a,0.0,0.0,1.0,test-environment-assgbatj-con01a,214.5090166540014
formal_matrix,arguana,bm25,23,test-law-sdfclhrppph-con01a,0.5,0.3333333333333333,1.0,test-law-sdfclhrppph-con01a,453.3392889547296
formal_matrix,arguana,bm25,23,test-international-ipecfiepg-con02a,0.0,0.0,1.0,test-international-ipecfiepg-con02a,587.5015608173819
formal_matrix,arguana,bm25,23,test-digital-freedoms-phwnaccpdt-pro03a,0.38685280723454163,0.2,1.0,test-digital-freedoms-phwnaccpdt-pro03a,802.0619369643534
formal_matrix,arguana,bm25,23,test-free-speech-debate-nshbbsbfb-pro04a,0.0,0.0,0.0,test-free-speech-debate-nshbbsbfb-pro04a,422.79291293237395
formal_matrix,arguana,bm25,23,test-digital-freedoms-aihbiahr-con04a,0.0,0.0,1.0,test-digital-freedoms-aihbiahr-con04a,284.6056529330799
formal_matrix,arguana,bm25,23,test-politics-ypppgvhwmv-con03a,0.0,0.0,1.0,test-politics-ypppgvhwmv-con03a,382.65472601873387
formal_matrix,arguana,bm25,23,test-international-miasimyhw-pro05a,0.6309297535714575,0.5,1.0,test-international-miasimyhw-pro05a,457.13656200845526
formal_matrix,arguana,bm25,23,test-society-ghbgqeaaems-pro03a,0.38685280723454163,0.2,1.0,test-society-ghbgqeaaems-pro03a,686.2782640400732
formal_matrix,arguana,bm25,23,test-environment-aiahwagit-pro05a,0.0,0.0,1.0,test-environment-aiahwagit-pro05a,458.0044599935468
formal_matrix,arguana,bm25,23,test-science-ciidfaihwc-pro04a,0.0,0.0,1.0,test-science-ciidfaihwc-pro04a,643.551637912047
formal_matrix,arguana,bm25,23,test-health-ahiahbgbsp-con01a,0.43067655807339306,0.25,1.0,test-health-ahiahbgbsp-con01a,175.53899258058456
formal_matrix,arguana,bm25,23,test-international-iwiaghbss-con02a,0.0,0.0,0.0,test-international-iwiaghbss-con02a,399.6884924123135
formal_matrix,arguana,bm25,23,test-politics-oapghwliva-pro01a,0.5,0.3333333333333333,1.0,test-politics-oapghwliva-pro01a,523.2598248723249
formal_matrix,arguana,bm25,23,test-politics-oepghbrnsl-pro02a,0.38685280723454163,0.2,1.0,test-politics-oepghbrnsl-pro02a,322.434624636796
formal_matrix,arguana,bm25,23,test-international-apwhbaucmip-con03a,0.6309297535714575,0.5,1.0,test-international-apwhbaucmip-con03a,591.9115638189332
formal_matrix,arguana,bm25,23,test-society-mmcpsgfhbf-con04a,0.3333333333333333,0.14285714285714285,1.0,test-society-mmcpsgfhbf-con04a,518.8916221622675
formal_matrix,arguana,bm25,23,test-international-epglghbni-con02a,0.0,0.0,1.0,test-international-epglghbni-con02a,678.9388616566347
formal_matrix,arguana,bm25,23,test-politics-oepghbrnsl-pro04a,0.5,0.3333333333333333,1.0,test-politics-oepghbrnsl-pro04a,464.86757873060327
formal_matrix,arguana,bm25,23,test-philosophy-npegiepp-pro01a,0.3333333333333333,0.14285714285714285,1.0,test-philosophy-npegiepp-pro01a,657.6088531538452
formal_matrix,arguana,bm25,23,test-environment-chbwtlgcc-con01a,0.3010299956639812,0.1111111111111111,1.0,test-environment-chbwtlgcc-con01a,507.0365014886788
formal_matrix,arguana,bm25,23,test-philosophy-pphbclsbs-pro03a,0.5,0.3333333333333333,1.0,test-philosophy-pphbclsbs-pro03a,397.15008755516186
formal_matrix,arguana,bm25,23,test-politics-ypppgvhwmv-pro03a,0.6309297535714575,0.5,1.0,test-politics-ypppgvhwmv-pro03a,452.9436815851492
formal_matrix,arguana,bm25,23,test-law-tlcplghwfne-pro02a,0.5,0.3333333333333333,1.0,test-law-tlcplghwfne-pro02a,515.2712677415852
formal_matrix,arguana,bm25,23,test-sport-otshwbe2uuyt-con01a,0.5,0.3333333333333333,1.0,test-sport-otshwbe2uuyt-con01a,494.5511383287402
formal_matrix,arguana,bm25,23,test-society-asfhwapg-con01a,0.0,0.0,1.0,test-society-asfhwapg-con01a,491.030417066947
formal_matrix,arguana,bm25,41,test-international-ssiarcmhb-con01a,0.31546487678572877,0.125,1.0,test-international-ssiarcmhb-con01a,429.15095692914826
formal_matrix,arguana,bm25,41,test-international-glilpdwhsn-pro03a,0.38685280723454163,0.2,1.0,test-international-glilpdwhsn-pro03a,1180.9038117110397
formal_matrix,arguana,bm25,41,test-health-dhgsshbesbc-pro04a,0.5,0.3333333333333333,1.0,test-health-dhgsshbesbc-pro04a,352.47007328670236
formal_matrix,arguana,bm25,41,test-environment-aeghhgwpe-pro01a,0.43067655807339306,0.25,1.0,test-environment-aeghhgwpe-pro01a,990.073892237877
formal_matrix,arguana,bm25,41,test-international-ssiarcmhb-pro05a,0.38685280723454163,0.2,1.0,test-international-ssiarcmhb-pro05a,329.4801406867721
formal_matrix,arguana,bm25,41,test-politics-oglilpdwhsn-con02a,0.38685280723454163,0.2,1.0,test-international-glilpdwhsn-con02a,1216.6642378105935
formal_matrix,arguana,bm25,41,test-international-apwhbaucmip-pro03a,0.3562071871080222,0.16666666666666666,1.0,test-international-apwhbaucmip-pro03a,608.0073108501898
formal_matrix,arguana,bm25,41,test-politics-lghwdecm-con04a,0.3333333333333333,0.14285714285714285,1.0,test-politics-lghwdecm-con04a,391.76476690439574
formal_matrix,arguana,bm25,41,test-international-amehbuaisji-pro03a,0.0,0.0,0.0,test-international-amehbuaisji-pro03a,224.84524268091198
formal_matrix,arguana,bm25,41,test-international-ssiarcmhb-pro01a,0.5,0.3333333333333333,1.0,test-international-ssiarcmhb-pro01a,550.023427126771
formal_matrix,arguana,bm25,41,test-politics-oeplhbuwhmi-pro03a,0.3562071871080222,0.16666666666666666,1.0,test-politics-oeplhbuwhmi-pro03a,587.0051815072221
formal_matrix,arguana,bm25,41,test-culture-cgeeghwmeo-pro02a,0.5,0.3333333333333333,1.0,test-culture-cgeeghwmeo-pro02a,574.2867349332256
formal_matrix,arguana,bm25,41,test-health-hpehwadvoee-pro04a,0.38685280723454163,0.2,1.0,test-health-hpehwadvoee-pro04a,613.6124209601944
formal_matrix,arguana,bm25,41,test-society-mmcpsgfhbf-pro02a,0.0,0.0,1.0,test-society-mmcpsgfhbf-pro02a,346.46618692680283
formal_matrix,arguana,bm25,41,test-culture-mmctyshwbcp-con01a,0.6309297535714575,0.5,1.0,test-culture-mmctyshwbcp-con01a,433.49904420378385
formal_matrix,arguana,bm25,41,test-law-tahglcphsld-pro01a,0.0,0.0,1.0,test-law-tahglcphsld-pro01a,255.85583918722736
formal_matrix,arguana,bm25,41,test-education-ughbuesbf-con02a,0.3010299956639812,0.1111111111111111,1.0,test-education-ughbuesbf-con02a,486.3920379190296
formal_matrix,arguana,bm25,41,test-education-udfakusma-pro01a,0.3010299956639812,0.1111111111111111,1.0,test-education-udfakusma-pro01a,411.4403147023992
formal_matrix,arguana,bm25,41,test-international-epvhwhranet-con04a,0.43067655807339306,0.25,1.0,test-international-epvhwhranet-con04a,400.56295164331243
formal_matrix,arguana,bm25,41,test-environment-aeghhgwpe-pro04a,0.6309297535714575,0.5,1.0,test-environment-aeghhgwpe-pro04a,650.5866980465067
formal_matrix,arguana,bm25,41,test-international-aegmeppghw-con02a,0.5,0.3333333333333333,1.0,test-international-aegmeppghw-con02a,785.2882085837482
formal_matrix,arguana,bm25,41,test-society-epsihbdns-pro03a,0.0,0.0,1.0,test-economy-epsihbdns-pro03a,738.1652371164972
formal_matrix,arguana,bm25,41,test-science-ciidfaihwc-pro04a,0.0,0.0,1.0,test-science-ciidfaihwc-pro04a,643.551637912047
formal_matrix,arguana,bm25,41,test-politics-ypppdghwid-con01a,0.43067655807339306,0.25,1.0,test-politics-ypppdghwid-con01a,321.53726461613195
formal_matrix,arguana,bm25,41,test-digital-freedoms-piidfaihbg-pro01a,0.6309297535714575,0.5,1.0,test-digital-freedoms-piidfaihbg-pro01a,390.51185552684717
formal_matrix,arguana,bm25,41,test-economy-thsptr-con01a,0.0,0.0,1.0,test-economy-thsptr-con01a,543.1429994385243
formal_matrix,arguana,bm25,41,test-politics-ypppdghwid-pro04a,0.6309297535714575,0.5,1.0,test-politics-ypppdghwid-pro04a,391.79346081691597
formal_matrix,arguana,bm25,41,test-culture-tlhrilsfhwr-pro03a,0.5,0.3333333333333333,1.0,test-culture-tlhrilsfhwr-pro03a,1412.7126308578286
formal_matrix,arguana,bm25,41,test-law-sdfclhrppph-pro01a,0.0,0.0,0.0,test-law-sdfclhrppph-pro01a,498.44877791128965
formal_matrix,arguana,bm25,41,test-international-apwhbaucmip-con04a,0.6309297535714575,0.5,1.0,test-international-apwhbaucmip-con04a,412.75181415031113
formal_matrix,arguana,bm25,41,test-health-ahiahbgbsp-con01a,0.43067655807339306,0.25,1.0,test-health-ahiahbgbsp-con01a,175.53899258058456
formal_matrix,arguana,bm25,41,test-economy-bepiehbesa-pro02a,0.2890648263178879,0.1,1.0,test-economy-bepiehbesa-pro02a,411.6369548463585
formal_matrix,arguana,bm25,41,test-international-ipecfiepg-con04a,0.0,0.0,1.0,test-international-ipecfiepg-con04a,600.3133611218731
formal_matrix,arguana,bm25,41,test-philosophy-npegiepp-pro04a,0.3562071871080222,0.16666666666666666,1.0,test-philosophy-npegiepp-pro04a,512.2804749510533
formal_matrix,arguana,bm25,41,test-education-egscphsrdt-con02a,0.31546487678572877,0.125,1.0,test-education-egscphsrdt-con02a,759.832815084778
formal_matrix,arguana,bm25,41,test-politics-mtpghwaacb-con01a,0.5,0.3333333333333333,1.0,test-politics-mtpghwaacb-con01a,626.5651904855874
formal_matrix,arguana,bm25,41,test-society-tsmihwurpp-con03a,0.0,0.0,1.0,test-society-tsmihwurpp-con03a,407.707595380666
formal_matrix,arguana,bm25,41,test-economy-thsptr-pro04a,0.43067655807339306,0.25,1.0,test-economy-thsptr-pro04a,735.2481691127405
formal_matrix,arguana,bm25,41,test-economy-epehwmrbals-con03a,0.0,0.0,1.0,test-economy-epehwmrbals-con03a,595.4972082776383
formal_matrix,arguana,bm25,41,test-education-pteuhwfphe-pro03a,0.5,0.3333333333333333,1.0,test-education-pteuhwfphe-pro03a,444.69481126266305
formal_matrix,arguana,bm25,41,test-environment-chbwtlgcc-con02a,0.6309297535714575,0.5,1.0,test-environment-chbwtlgcc-con02a,456.1731767663933
formal_matrix,arguana,bm25,41,test-digital-freedoms-eifpgdff-pro01a,0.6309297535714575,0.5,1.0,test-digital-freedoms-eifpgdff-pro01a,650.6817736382599
formal_matrix,arguana,bm25,41,test-international-aghwrem-con02a,0.43067655807339306,0.25,1.0,test-international-aghwrem-con02a,391.5810174202395
formal_matrix,arguana,bm25,41,test-international-epvhwhranet-con01a,0.6309297535714575,0.5,1.0,test-international-epvhwhranet-con01a,321.7860570575523
formal_matrix,arguana,bm25,41,test-health-dhghwapgd-pro01a,0.0,0.0,1.0,test-health-dhghwapgd-pro01a,704.883663865386
formal_matrix,arguana,bm25,41,test-science-ciidfaihwc-pro02a,0.0,0.0,0.0,test-science-ciidfaihwc-pro02a,501.43857228880506
formal_matrix,arguana,bm25,41,test-culture-mthbah-pro04a,0.0,0.0,1.0,test-culture-mthbah-pro04a,453.27185583565256
formal_matrix,arguana,bm25,41,test-religion-wcprrgrhbmi-pro02a,0.3333333333333333,0.14285714285714285,1.0,test-religion-wcprrgrhbmi-pro02a,388.46852328220206
formal_matrix,arguana,bm25,41,test-environment-ehwsnwu-con03a,0.5,0.3333333333333333,1.0,test-environment-ehwsnwu-con03a,599.1849385575281
formal_matrix,arguana,bm25,41,test-law-sdiflhrdffe-con02a,0.5,0.3333333333333333,1.0,test-law-sdiflhrdffe-con02a,707.1724565856929
formal_matrix,arguana,bm25,67,test-economy-bepighbdb-con03a,0.43067655807339306,0.25,1.0,test-economy-bepighbdb-con03a,561.5047063989219
formal_matrix,arguana,bm25,67,test-economy-fiahwpamu-pro04a,0.5,0.3333333333333333,1.0,test-economy-fiahwpamu-pro04a,433.63217093516846
formal_matrix,arguana,bm25,67,test-law-ilppppghb-pro01a,0.43067655807339306,0.25,1.0,test-law-ilppppghb-pro01a,562.3482537636978
formal_matrix,arguana,bm25,67,test-philosophy-eppphwlrtjs-pro04a,0.5,0.3333333333333333,1.0,test-philosophy-eppphwlrtjs-pro04a,738.6203944346042
formal_matrix,arguana,bm25,67,test-law-lghwpcctcc-con03a,0.38685280723454163,0.2,1.0,test-law-lghwpcctcc-con03a,712.4700568012709
formal_matrix,arguana,bm25,67,test-international-aghwrem-con03a,0.0,0.0,1.0,test-international-aghwrem-con03a,421.35216417011037
formal_matrix,arguana,bm25,67,test-religion-frghbbgi-pro01a,0.6309297535714575,0.5,1.0,test-religion-frghbbgi-pro01a,267.7286332408498
formal_matrix,arguana,bm25,67,test-law-rmelhrilhbiw-pro01a,0.0,0.0,1.0,test-law-rmelhrilhbiw-pro01a,595.0892852797938
formal_matrix,arguana,bm25,67,test-philosophy-pppgshbsd-pro02a,0.3333333333333333,0.14285714285714285,1.0,test-philosophy-pppgshbsd-pro02a,566.3210906285091
formal_matrix,arguana,bm25,67,test-science-cpisydfphwj-con02a,0.6309297535714575,0.5,1.0,test-science-cpisydfphwj-con02a,869.7600275395728
formal_matrix,arguana,bm25,67,test-international-appghblsba-con03a,0.5,0.3333333333333333,1.0,test-international-appghblsba-con03a,626.6510336501052
formal_matrix,arguana,bm25,67,test-free-speech-debate-nshbbsbfb-con03a,0.0,0.0,1.0,test-free-speech-debate-nshbbsbfb-con03a,534.0140977110939
formal_matrix,arguana,bm25,67,test-society-asfhwapg-con04a,0.0,0.0,0.0,test-society-asfhwapg-con04a,933.5705545131185
formal_matrix,arguana,bm25,67,test-digital-freedoms-aihwbasmn-pro01a,0.5,0.3333333333333333,1.0,test-digital-freedoms-aihwbasmn-pro01a,543.6691526443924
formal_matrix,arguana,bm25,67,test-society-simhbrasnba-pro03a,0.5,0.3333333333333333,1.0,test-society-simhbrasnba-pro03a,309.62296970108997
formal_matrix,arguana,bm25,67,test-environment-assgbatj-pro05a,0.0,0.0,1.0,test-environment-assgbatj-pro05a,213.65874525871467
formal_matrix,arguana,bm25,67,test-international-atiahblit-pro04a,0.5,0.3333333333333333,1.0,test-international-atiahblit-pro04a,599.6997783600787
formal_matrix,arguana,bm25,67,test-digital-freedoms-aihbiahr-con03a,0.6309297535714575,0.5,1.0,test-digital-freedoms-aihbiahr-con03a,519.8731626669304
formal_matrix,arguana,bm25,67,test-education-ughbuesbf-pro03a,0.0,0.0,1.0,test-education-ughbuesbf-pro03a,334.08121870128133
formal_matrix,arguana,bm25,67,test-law-tahglcphsld-pro02a,0.3333333333333333,0.14285714285714285,1.0,test-law-tahglcphsld-pro02a,391.57535519708506
formal_matrix,arguana,bm25,67,test-environment-ehwsnwu-con01a,0.0,0.0,1.0,validation-education-uehwsnwu-con01a,495.3345721153635
formal_matrix,arguana,bm25,67,test-economy-thsptr-pro02a,0.0,0.0,1.0,test-economy-thsptr-pro02a,644.2003891168616
formal_matrix,arguana,bm25,67,test-sport-tshbmlbscac-pro04a,0.6309297535714575,0.5,1.0,test-sport-tshbmlbscac-pro04a,722.7045105221129
formal_matrix,arguana,bm25,67,test-economy-epegiahsc-con03a,0.3562071871080222,0.16666666666666666,1.0,test-economy-epegiahsc-con03a,256.626831844121
formal_matrix,arguana,bm25,67,test-philosophy-pppthbtcb-pro02a,0.6309297535714575,0.5,1.0,test-philosophy-pppthbtcb-pro02a,385.4014815560123
formal_matrix,arguana,bm25,67,test-international-emephsate-con03a,0.6309297535714575,0.5,1.0,test-international-emephsate-con03a,614.6813214253802
formal_matrix,arguana,bm25,67,test-health-hgwhwbjfs-pro02a,0.0,0.0,1.0,test-health-hgwhwbjfs-pro02a,462.1712249070242
formal_matrix,arguana,bm25,67,test-law-hrilpgwhwr-con02a,0.3562071871080222,0.16666666666666666,1.0,test-law-hrilpgwhwr-con02a,427.6342386930932
formal_matrix,arguana,bm25,67,test-politics-ypppgvhwmv-pro05a,0.31546487678572877,0.125,1.0,test-politics-ypppgvhwmv-pro05a,555.1773102452844
formal_matrix,arguana,bm25,67,test-culture-mmciahbans-pro01a,0.6309297535714575,0.5,1.0,test-culture-mmciahbans-pro01a,354.16758047753
formal_matrix,arguana,bm25,67,test-law-cppshbcjsfm-con02a,0.6309297535714575,0.5,1.0,test-law-cppshbcjsfm-con02a,505.17059248496656
formal_matrix,arguana,bm25,67,test-society-epiasghbf-pro01a,0.43067655807339306,0.25,1.0,test-economy-epiasghbf-pro01a,450.4543991850889
formal_matrix,arguana,bm25,67,test-politics-eppghwlrba-pro04a,0.6309297535714575,0.5,1.0,test-politics-eppghwlrba-pro04a,248.45914391954915
formal_matrix,arguana,bm25,67,test-education-usuprmhbu-pro01a,0.0,0.0,1.0,test-education-usuprmhbu-pro01a,634.9897793583866
formal_matrix,arguana,bm25,67,test-education-ufsdfkhbwu-con03a,0.0,0.0,0.0,test-free-speech-debate-yfsdfkhbwu-con03a,511.19224585086965
formal_matrix,arguana,bm25,67,test-international-segiahbarr-con04a,0.0,0.0,1.0,test-international-segiahbarr-con04a,583.1399313507463
formal_matrix,arguana,bm25,67,test-politics-eppghwgpi-con03a,0.43067655807339306,0.25,1.0,test-politics-eppghwgpi-con03a,315.0887814142687
formal_matrix,arguana,bm25,67,test-culture-ascidfakhba-pro04a,0.0,0.0,1.0,test-culture-ascidfakhba-pro04a,780.0377868352675
formal_matrix,arguana,bm25,67,test-law-thgglcplgphw-pro01a,0.2890648263178879,0.1,1.0,test-law-thgglcplgphw-pro01a,796.4960039110103
formal_matrix,arguana,bm25,67,test-health-dhiacihwph-pro02a,0.0,0.0,1.0,test-health-dhiacihwph-pro02a,373.10968506905283
formal_matrix,arguana,bm25,67,test-society-epiasghbf-pro02a,0.0,0.0,1.0,test-economy-epiasghbf-pro02a,454.75131154424605
formal_matrix,arguana,bm25,67,test-society-tlhrilsfhwr-pro04a,0.0,0.0,1.0,test-culture-tlhrilsfhwr-pro04a,803.6974692402152
formal_matrix,arguana,bm25,67,test-sport-aastshsrqsar-con04a,0.3333333333333333,0.14285714285714285,1.0,test-sport-aastshsrqsar-con04a,485.2870167261573
formal_matrix,arguana,bm25,67,test-law-cpilhbishioe-pro03a,0.5,0.3333333333333333,1.0,test-law-cpilhbishioe-pro03a,496.33802239893123
formal_matrix,arguana,bm25,67,test-digital-freedoms-aihwbasmn-pro03a,0.5,0.3333333333333333,1.0,test-digital-freedoms-aihwbasmn-pro03a,510.77160457588457
formal_matrix,arguana,bm25,67,test-international-iighbopcc-pro03a,0.5,0.3333333333333333,1.0,test-international-iighbopcc-pro03a,486.0710348579262
formal_matrix,arguana,bm25,67,test-education-usuprmhbu-con03a,0.3562071871080222,0.16666666666666666,1.0,test-education-usuprmhbu-con03a,586.2151420760932
formal_matrix,arguana,bm25,67,test-law-sdiflhrdffe-con03a,0.5,0.3333333333333333,1.0,test-law-sdiflhrdffe-con03a,639.8468582453439
formal_matrix,arguana,bm25,67,test-politics-nlpdwhbusbuc-pro03a,0.6309297535714575,0.5,1.0,test-politics-nlpdwhbusbuc-pro03a,503.775404167908
formal_matrix,arguana,bm25,67,test-culture-ahrtsdlgra-pro03a,0.5,0.3333333333333333,1.0,test-culture-ahrtsdlgra-pro03a,456.0408330424135
formal_matrix,arguana,bm25,83,test-politics-cdfsaphgiap-pro04a,0.0,0.0,0.0,test-free-speech-debate-fsaphgiap-pro04a,473.46954615795613
formal_matrix,arguana,bm25,83,test-philosophy-elkosmj-con01a,0.5,0.3333333333333333,1.0,test-philosophy-elkosmj-con01a,268.07731563060815
formal_matrix,arguana,bm25,83,test-economy-egiahbwaka-con02a,0.0,0.0,1.0,test-economy-egiahbwaka-con02a,504.47354455116863
formal_matrix,arguana,bm25,83,test-education-egtuscpih-con02a,0.43067655807339306,0.25,1.0,test-education-egtuscpih-con02a,397.63582667997144
formal_matrix,arguana,bm25,83,test-international-siacphbnt-pro01a,0.6309297535714575,0.5,1.0,test-international-siacphbnt-pro01a,789.8822642280559
formal_matrix,arguana,bm25,83,test-digital-freedoms-aihbiahr-con02a,0.0,0.0,1.0,test-digital-freedoms-aihbiahr-con02a,368.7447204856738
formal_matrix,arguana,bm25,83,test-digital-freedoms-eifdfaihs-con01a,0.0,0.0,0.0,test-digital-freedoms-eifdfaihs-con01a,601.5285907286755
formal_matrix,arguana,bm25,83,test-society-epiasghbf-con04a,0.0,0.0,0.0,test-economy-epiasghbf-con04a,361.78525932611575
formal_matrix,arguana,bm25,83,test-free-speech-debate-radhbsshr-pro02a,0.43067655807339306,0.25,1.0,test-free-speech-debate-radhbsshr-pro02a,804.4740606821882
formal_matrix,arguana,bm25,83,test-free-speech-debate-fchbjaj-pro02a,0.0,0.0,1.0,test-free-speech-debate-fchbjaj-pro02a,628.0463161614848
formal_matrix,arguana,bm25,83,test-environment-assgbatj-con04a,0.0,0.0,1.0,test-environment-assgbatj-con04a,215.71325435387843
formal_matrix,arguana,bm25,83,test-international-emephsate-pro01a,0.5,0.3333333333333333,1.0,test-international-emephsate-pro01a,738.6194088572303
formal_matrix,arguana,bm25,83,test-economy-bhahwbsps-con03a,0.6309297535714575,0.5,1.0,test-economy-bhahwbsps-con03a,509.5726283911829
formal_matrix,arguana,bm25,83,test-digital-freedoms-eifpgdff-pro03a,0.6309297535714575,0.5,1.0,test-digital-freedoms-eifpgdff-pro03a,567.1392430870961
formal_matrix,arguana,bm25,83,test-law-lghbacpsba-con01a,0.0,0.0,1.0,test-law-lghbacpsba-con01a,226.62545566072725
formal_matrix,arguana,bm25,83,test-education-ufsdfkhbwu-pro02a,0.2890648263178879,0.1,1.0,test-free-speech-debate-yfsdfkhbwu-pro02a,624.1174055546271
formal_matrix,arguana,bm25,83,test-international-iiahwagit-con04a,0.2890648263178879,0.1,1.0,test-environment-aiahwagit-con04a,591.7460376020246
formal_matrix,arguana,bm25,83,test-international-ehbfe-pro02a,0.5,0.3333333333333333,1.0,test-international-ehbfe-pro02a,622.2361007182297
formal_matrix,arguana,bm25,83,test-politics-nlpdwhbusbuc-pro03a,0.6309297535714575,0.5,1.0,test-politics-nlpdwhbusbuc-pro03a,503.775404167908
formal_matrix,arguana,bm25,83,test-free-speech-debate-magghbcrg-pro03a,0.3010299956639812,0.1111111111111111,1.0,test-free-speech-debate-magghbcrg-pro03a,645.745719439458
formal_matrix,arguana,bm25,83,test-philosophy-npegiepp-pro04a,0.3562071871080222,0.16666666666666666,1.0,test-philosophy-npegiepp-pro04a,512.2804749510533
formal_matrix,arguana,bm25,83,test-science-dssghsdmd-pro02a,0.3010299956639812,0.1111111111111111,1.0,test-science-dssghsdmd-pro02a,747.622500609488
formal_matrix,arguana,bm25,83,test-health-dhgsshbesbc-pro02a,0.2890648263178879,0.1,1.0,test-health-dhgsshbesbc-pro02a,353.7689319809238
formal_matrix,arguana,bm25,83,test-law-tlcplghwfne-con02a,0.0,0.0,1.0,test-law-tlcplghwfne-con02a,573.3094586955905
formal_matrix,arguana,bm25,83,test-environment-aeghhgwpe-pro02a,0.6309297535714575,0.5,1.0,test-environment-aeghhgwpe-pro02a,1571.0231725969422
formal_matrix,arguana,bm25,83,test-digital-freedoms-dfiphbgs-pro03a,0.43067655807339306,0.25,1.0,test-digital-freedoms-dfiphbgs-pro03a,727.3410093890711
formal_matrix,arguana,bm25,83,test-culture-tlhrilsfhwr-con01a,0.43067655807339306,0.25,1.0,test-culture-tlhrilsfhwr-con01a,595.6203984981901
formal_matrix,arguana,bm25,83,test-culture-mmctyshwbcp-pro01a,0.6309297535714575,0.5,1.0,test-culture-mmctyshwbcp-pro01a,304.44507139350253
formal_matrix,arguana,bm25,83,test-philosophy-eppphwlrtjs-pro02a,0.6309297535714575,0.5,1.0,test-philosophy-eppphwlrtjs-pro02a,592.6324655419697
formal_matrix,arguana,bm25,83,test-international-gsciidffe-pro01a,0.0,0.0,0.0,test-international-gsciidffe-pro01a,707.052421660196
formal_matrix,arguana,bm25,83,test-law-cpilhbishioe-con02a,0.3010299956639812,0.1111111111111111,1.0,test-law-cpilhbishioe-con02a,338.0892587457218
formal_matrix,arguana,bm25,83,test-politics-oeplhbuwhmi-con02a,0.5,0.3333333333333333,1.0,test-politics-oeplhbuwhmi-con02a,466.01102598668615
formal_matrix,arguana,bm25,83,test-environment-opecewiahw-pro03a,0.0,0.0,1.0,test-environment-opecewiahw-pro03a,546.367550963017
formal_matrix,arguana,bm25,83,test-politics-gvhwhnerse-pro03a,0.43067655807339306,0.25,1.0,test-politics-gvhwhnerse-pro03a,421.416879290428
formal_matrix,arguana,bm25,83,test-international-epglghbni-pro05a,0.6309297535714575,0.5,1.0,test-international-epglghbni-pro05a,358.9353108664647
formal_matrix,arguana,bm25,83,test-philosophy-npppmhwup-con03a,0.6309297535714575,0.5,1.0,test-philosophy-npppmhwup-con03a,502.2382643943383
formal_matrix,arguana,bm25,83,test-philosophy-apessghwba-pro03a,0.5,0.3333333333333333,1.0,test-philosophy-apessghwba-pro03a,695.0838064147804
formal_matrix,arguana,bm25,83,test-religion-frghbbgi-pro01a,0.6309297535714575,0.5,1.0,test-religion-frghbbgi-pro01a,267.7286332408498
formal_matrix,arguana,bm25,83,test-international-ghbunhf-con02a,0.3562071871080222,0.16666666666666666,1.0,test-international-ghbunhf-con02a,317.94361645089305
formal_matrix,arguana,bm25,83,test-law-tahglcphsld-pro04a,0.0,0.0,1.0,test-law-tahglcphsld-pro04a,426.0415704680484
formal_matrix,arguana,bm25,83,test-health-dhgsshbesbc-pro03a,0.0,0.0,1.0,test-health-dhgsshbesbc-pro03a,366.91915866068337
formal_matrix,arguana,bm25,83,test-education-pshhghwpba0-pro04a,0.38685280723454163,0.2,1.0,test-education-pshhghwpba0-pro04a,198.06212240795918
formal_matrix,arguana,bm25,83,test-law-ilppppghb-con02a,0.43067655807339306,0.25,1.0,test-law-ilppppghb-con02a,412.1499379278995
formal_matrix,arguana,bm25,83,test-science-eassgbatj-con03a,0.3562071871080222,0.16666666666666666,1.0,test-environment-assgbatj-con03a,321.3465701569972
formal_matrix,arguana,bm25,83,test-politics-dhbanhrnw-con05a,0.6309297535714575,0.5,1.0,test-politics-dhbanhrnw-con05a,794.4824742443717
formal_matrix,arguana,bm25,83,test-politics-lghwdecm-pro03a,0.0,0.0,1.0,test-politics-lghwdecm-pro03a,587.5304952281294
formal_matrix,arguana,bm25,83,test-environment-opecewiahw-pro02a,0.6309297535714575,0.5,1.0,test-environment-opecewiahw-pro02a,420.95282465532523
formal_matrix,arguana,bm25,83,test-politics-oepdlhfcefp-pro04a,0.43067655807339306,0.25,1.0,test-international-epdlhfcefp-pro04a,555.2321995462058
formal_matrix,arguana,bm25,83,test-education-egtuscpih-con01a,0.6309297535714575,0.5,1.0,test-education-egtuscpih-con01a,647.3909640882548
formal_matrix,arguana,bm25,83,test-culture-mmciahbans-con04a,0.0,0.0,1.0,test-culture-mmciahbans-con04a,527.5431434460054
formal_matrix,arguana,bm25,127,test-digital-freedoms-efsappgdfp-con01a,0.0,0.0,1.0,test-digital-freedoms-efsappgdfp-con01a,586.4426673548405
formal_matrix,arguana,bm25,127,test-science-cpisydfphwj-pro03a,0.6309297535714575,0.5,1.0,test-science-cpisydfphwj-pro03a,838.1299699208842
formal_matrix,arguana,bm25,127,test-politics-oglilpdwhsn-pro03a,0.3562071871080222,0.16666666666666666,1.0,test-international-glilpdwhsn-pro03a,1180.9038117110397
formal_matrix,arguana,bm25,127,test-politics-oapghwliva-con01a,0.38685280723454163,0.2,1.0,test-politics-oapghwliva-con01a,537.4758187364811
formal_matrix,arguana,bm25,127,test-economy-epehwmrbals-con01a,0.0,0.0,1.0,test-economy-epehwmrbals-con01a,715.0495751957495
formal_matrix,arguana,bm25,127,test-culture-mthbah-con03a,0.43067655807339306,0.25,1.0,test-culture-mthbah-con03a,478.2790278854723
formal_matrix,arguana,bm25,127,test-culture-thbcsbptwhht-pro04a,0.3562071871080222,0.16666666666666666,1.0,test-culture-thbcsbptwhht-pro04a,594.666592368191
formal_matrix,arguana,bm25,127,test-international-aghwrem-pro02a,0.6309297535714575,0.5,1.0,test-international-aghwrem-pro02a,431.1788729906632
formal_matrix,arguana,bm25,127,test-free-speech-debate-nshbbsbfb-con01a,0.0,0.0,1.0,test-free-speech-debate-nshbbsbfb-con01a,474.11448495968375
formal_matrix,arguana,bm25,127,test-law-ilppppghb-con03a,0.3562071871080222,0.16666666666666666,1.0,test-law-ilppppghb-con03a,362.11103170471483
formal_matrix,arguana,bm25,127,test-health-dhghwapgd-pro04a,0.0,0.0,1.0,test-health-dhghwapgd-pro04a,903.3863205187735
formal_matrix,arguana,bm25,127,test-international-ehbfe-con01a,0.6309297535714575,0.5,1.0,test-international-ehbfe-con01a,445.65554775118653
formal_matrix,arguana,bm25,127,test-sport-aastshsrqsar-pro02a,0.38685280723454163,0.2,1.0,test-sport-aastshsrqsar-pro02a,455.114664118883
formal_matrix,arguana,bm25,127,test-society-tlhrilsfhwr-pro02a,0.43067655807339306,0.25,1.0,test-culture-tlhrilsfhwr-pro02a,1168.0178393499166
formal_matrix,arguana,bm25,127,test-international-epdlhfcefp-con01a,0.0,0.0,1.0,test-international-epdlhfcefp-con01a,361.27210322049865
formal_matrix,arguana,bm25,127,test-international-ssiarcmhb-con02a,0.0,0.0,1.0,test-international-ssiarcmhb-con02a,480.2851908026947
formal_matrix,arguana,bm25,127,test-digital-freedoms-piidfiphwu-pro01a,0.6309297535714575,0.5,1.0,test-digital-freedoms-piidfiphwu-pro01a,482.0462652936752
formal_matrix,arguana,bm25,127,test-international-epdlhfcefp-pro03a,0.5,0.3333333333333333,1.0,test-international-epdlhfcefp-pro03a,487.3992536211776
formal_matrix,arguana,bm25,127,test-international-bmaggiahbl-pro03a,0.3562071871080222,0.16666666666666666,1.0,test-international-bmaggiahbl-pro03a,621.6638908046141
formal_matrix,arguana,bm25,127,test-politics-glghssi-con01a,0.6309297535714575,0.5,1.0,test-politics-glghssi-con01a,403.5229636565437
formal_matrix,arguana,bm25,127,test-economy-thsptr-pro05a,0.43067655807339306,0.25,1.0,test-economy-thsptr-pro05a,755.3751925809186
formal_matrix,arguana,bm25,127,test-international-siacphbnt-con04a,0.6309297535714575,0.5,1.0,test-international-siacphbnt-con04a,426.7150556132368
formal_matrix,arguana,bm25,127,test-economy-epsihbdns-pro01a,0.0,0.0,1.0,test-economy-epsihbdns-pro01a,430.03732722381545
formal_matrix,arguana,bm25,127,test-economy-egiahbwaka-pro02a,0.3562071871080222,0.16666666666666666,1.0,test-economy-egiahbwaka-pro02a,727.956212232145
formal_matrix,arguana,bm25,127,test-religion-cmrsgfhbr-con01a,0.6309297535714575,0.5,1.0,test-religion-cmrsgfhbr-con01a,505.70546993736195
formal_matrix,arguana,bm25,127,test-international-segiahbarr-con03a,0.6309297535714575,0.5,1.0,test-international-segiahbarr-con03a,671.3403425525631
formal_matrix,arguana,bm25,127,test-international-gsciidffe-pro01a,0.0,0.0,0.0,test-international-gsciidffe-pro01a,707.052421660196
formal_matrix,arguana,bm25,127,test-culture-mmctyshwbcp-pro05a,0.6309297535714575,0.5,1.0,test-culture-mmctyshwbcp-pro05a,445.29855404080945
formal_matrix,arguana,bm25,127,test-philosophy-npegiepp-con03a,0.6309297535714575,0.5,1.0,test-philosophy-npegiepp-con03a,674.1222855517436
formal_matrix,arguana,bm25,127,test-environment-assgbatj-pro05a,0.0,0.0,1.0,test-environment-assgbatj-pro05a,213.65874525871467
formal_matrix,arguana,bm25,127,test-religion-wcprrgrhbmi-con03a,0.0,0.0,1.0,test-religion-wcprrgrhbmi-con03a,348.8944108097459
formal_matrix,arguana,bm25,127,test-international-segiahbarr-pro04a,0.3010299956639812,0.1111111111111111,1.0,test-international-segiahbarr-pro04a,566.7669764354822
formal_matrix,arguana,bm25,127,test-international-siacphbnt-con01a,0.0,0.0,1.0,test-international-siacphbnt-con01a,454.6284203907023
formal_matrix,arguana,bm25,127,test-international-apwhbaucmip-pro02a,0.0,0.0,0.0,test-international-apwhbaucmip-pro02a,441.66957723951634
formal_matrix,arguana,bm25,127,test-economy-fiahwpamu-pro03a,0.0,0.0,1.0,test-economy-fiahwpamu-pro03a,429.5612174696909
formal_matrix,arguana,bm25,127,test-politics-cpegiepgh-con02a,0.6309297535714575,0.5,1.0,test-politics-cpegiepgh-con02a,557.5962520595184
formal_matrix,arguana,bm25,127,test-economy-thsptr-con05a,0.0,0.0,1.0,test-economy-thsptr-con05a,604.3271857229432
formal_matrix,arguana,bm25,127,test-international-aahwstdrtfm-pro02a,0.6309297535714575,0.5,1.0,test-international-aahwstdrtfm-pro02a,704.8830754927084
formal_matrix,arguana,bm25,127,test-science-ciidfaihwc-con01a,0.5,0.3333333333333333,1.0,test-science-ciidfaihwc-con01a,426.1621795601927
formal_matrix,arguana,bm25,127,test-economy-epegiahsc-pro02a,0.0,0.0,1.0,test-economy-epegiahsc-pro02a,457.48850828076087
formal_matrix,arguana,bm25,127,test-health-ppelfhwbpba-con03a,0.0,0.0,1.0,test-health-ppelfhwbpba-con03a,382.7934009411115
formal_matrix,arguana,bm25,127,test-politics-eppghwlrba-con03a,0.3562071871080222,0.16666666666666666,1.0,test-politics-eppghwlrba-con03a,218.1555318312776
formal_matrix,arguana,bm25,127,test-digital-freedoms-piidfaihbg-pro02a,0.6309297535714575,0.5,1.0,test-digital-freedoms-piidfaihbg-pro02a,475.83742947525616
formal_matrix,arguana,bm25,127,test-international-aegmeppghw-pro04a,0.0,0.0,1.0,test-international-aegmeppghw-pro04a,553.9974001847546
formal_matrix,arguana,bm25,127,test-free-speech-debate-nshbbsbfb-pro01a,0.5,0.3333333333333333,1.0,test-free-speech-debate-nshbbsbfb-pro01a,814.7590711611961
formal_matrix,arguana,bm25,127,test-law-rmelhrilhbiw-pro01a,0.0,0.0,1.0,test-law-rmelhrilhbiw-pro01a,595.0892852797938
formal_matrix,arguana,bm25,127,test-international-apwhbaucmip-pro01a,0.3010299956639812,0.1111111111111111,1.0,test-international-apwhbaucmip-pro01a,543.1721843917828
formal_matrix,arguana,bm25,127,test-law-rmelhrilhbiw-pro02a,0.5,0.3333333333333333,1.0,test-law-rmelhrilhbiw-pro02a,797.7619895444521
formal_matrix,arguana,bm25,127,test-free-speech-debate-ldhwprhs-con02a,0.0,0.0,0.0,test-free-speech-debate-ldhwprhs-con02a,450.57322744437107
formal_matrix,arguana,bm25,127,test-society-mmcpsgfhbf-pro01a,0.31546487678572877,0.125,1.0,test-society-mmcpsgfhbf-pro01a,520.9369339618435
formal_matrix,arguana,all_minilm_l6,23,test-international-bldimehbn-pro01a,0.0,0.0,1.0,test-international-bldimehbn-pro01a,0.9265692830085754
formal_matrix,arguana,all_minilm_l6,23,test-economy-bhahwbsps-pro02a,0.0,0.0,1.0,test-economy-bhahwbsps-pro02a,0.9439612627029419
formal_matrix,arguana,all_minilm_l6,23,test-culture-mmctghwbsa-pro02a,0.43067655807339306,0.25,1.0,test-culture-mmctghwbsa-pro02a,0.9118083715438843
formal_matrix,arguana,all_minilm_l6,23,test-religion-cmrsgfhbr-con01a,0.6309297535714575,0.5,1.0,test-religion-cmrsgfhbr-con01a,0.9522899389266968
formal_matrix,arguana,all_minilm_l6,23,test-international-eiahwpamu-pro05a,0.3562071871080222,0.16666666666666666,1.0,test-economy-fiahwpamu-pro05a,0.9813683032989502
formal_matrix,arguana,all_minilm_l6,23,test-law-phwmfri-pro03a,0.38685280723454163,0.2,1.0,test-law-phwmfri-pro03a,0.9392004013061523
formal_matrix,arguana,all_minilm_l6,23,test-international-siacphbnt-pro02a,0.0,0.0,1.0,test-international-siacphbnt-pro02a,0.9610577821731567
formal_matrix,arguana,all_minilm_l6,23,test-politics-ghbgussbsbt-con01a,0.43067655807339306,0.25,1.0,test-politics-ghbgussbsbt-con01a,0.9073802828788757
formal_matrix,arguana,all_minilm_l6,23,test-international-iighbopcc-pro03a,0.6309297535714575,0.5,1.0,test-international-iighbopcc-pro03a,0.8672289848327637
formal_matrix,arguana,all_minilm_l6,23,test-education-egtuscpih-pro01a,0.6309297535714575,0.5,1.0,test-education-egtuscpih-pro01a,0.9330317378044128
formal_matrix,arguana,all_minilm_l6,23,test-free-speech-debate-fsaphgiap-pro01a,0.0,0.0,1.0,test-free-speech-debate-fsaphgiap-pro01a,0.8845915198326111
formal_matrix,arguana,all_minilm_l6,23,test-international-aghwrem-con04a,0.43067655807339306,0.25,1.0,test-international-aghwrem-con04a,0.9585394859313965
formal_matrix,arguana,all_minilm_l6,23,test-law-thgglcplgphw-pro02a,0.2890648263178879,0.1,1.0,test-law-thgglcplgphw-pro02a,0.968163788318634
formal_matrix,arguana,all_minilm_l6,23,test-culture-mmciahbans-pro03a,0.6309297535714575,0.5,1.0,test-culture-mmciahbans-pro03a,0.9274012446403503
formal_matrix,arguana,all_minilm_l6,23,test-health-dhghhbampt-con02a,0.6309297535714575,0.5,1.0,test-health-dhghhbampt-con02a,0.9512794017791748
formal_matrix,arguana,all_minilm_l6,23,test-science-ciidfaihwc-pro03a,0.6309297535714575,0.5,1.0,test-science-ciidfaihwc-pro03a,0.9754893183708191
formal_matrix,arguana,all_minilm_l6,23,test-philosophy-apessghwba-pro03a,0.43067655807339306,0.25,1.0,test-philosophy-apessghwba-pro03a,0.9561738967895508
formal_matrix,arguana,all_minilm_l6,23,test-culture-mthbah-pro01a,0.5,0.3333333333333333,1.0,test-culture-mthbah-pro01a,0.9362698793411255
formal_matrix,arguana,all_minilm_l6,23,test-economy-epsihbdns-con01a,0.0,0.0,1.0,test-economy-epsihbdns-con01a,0.9152086973190308
formal_matrix,arguana,all_minilm_l6,23,test-economy-egecegphw-con02a,0.3562071871080222,0.16666666666666666,1.0,test-economy-egecegphw-con02a,0.9834916591644287
formal_matrix,arguana,all_minilm_l6,23,test-politics-cdmaggpdgdf-con04a,0.38685280723454163,0.2,1.0,test-politics-cdmaggpdgdf-con04a,0.9478579163551331
formal_matrix,arguana,all_minilm_l6,23,test-law-phwmfri-con01a,0.6309297535714575,0.5,1.0,test-law-phwmfri-con01a,0.888494610786438
formal_matrix,arguana,all_minilm_l6,23,test-culture-mmctyshwbcp-pro01a,0.6309297535714575,0.5,1.0,test-culture-mmctyshwbcp-pro01a,0.8668957948684692
formal_matrix,arguana,all_minilm_l6,23,test-politics-dhbanhrnw-pro04a,0.5,0.3333333333333333,1.0,test-politics-dhbanhrnw-pro04a,0.9576600193977356
formal_matrix,arguana,all_minilm_l6,23,test-science-eassgbatj-con01a,0.0,0.0,1.0,test-environment-assgbatj-con01a,0.8342493176460266
formal_matrix,arguana,all_minilm_l6,23,test-law-sdfclhrppph-con01a,0.6309297535714575,0.5,1.0,test-law-sdfclhrppph-con01a,0.9406223893165588
formal_matrix,arguana,all_minilm_l6,23,test-international-ipecfiepg-con02a,0.0,0.0,1.0,test-international-ipecfiepg-con02a,0.9483875036239624
formal_matrix,arguana,all_minilm_l6,23,test-digital-freedoms-phwnaccpdt-pro03a,0.43067655807339306,0.25,1.0,test-digital-freedoms-phwnaccpdt-pro03a,0.9576780200004578
formal_matrix,arguana,all_minilm_l6,23,test-free-speech-debate-nshbbsbfb-pro04a,0.0,0.0,1.0,test-free-speech-debate-nshbbsbfb-pro04a,0.8979861736297607
formal_matrix,arguana,all_minilm_l6,23,test-digital-freedoms-aihbiahr-con04a,0.6309297535714575,0.5,1.0,test-digital-freedoms-aihbiahr-con04a,0.940748929977417
formal_matrix,arguana,all_minilm_l6,23,test-politics-ypppgvhwmv-con03a,0.3562071871080222,0.16666666666666666,1.0,test-politics-ypppgvhwmv-con03a,0.9441137909889221
formal_matrix,arguana,all_minilm_l6,23,test-international-miasimyhw-pro05a,0.6309297535714575,0.5,1.0,test-international-miasimyhw-pro05a,0.9817829132080078
formal_matrix,arguana,all_minilm_l6,23,test-society-ghbgqeaaems-pro03a,0.43067655807339306,0.25,1.0,test-society-ghbgqeaaems-pro03a,0.9232091903686523
formal_matrix,arguana,all_minilm_l6,23,test-environment-aiahwagit-pro05a,0.0,0.0,1.0,test-environment-aiahwagit-pro05a,0.9522618055343628
formal_matrix,arguana,all_minilm_l6,23,test-science-ciidfaihwc-pro04a,0.5,0.3333333333333333,1.0,test-science-ciidfaihwc-pro04a,0.9617148041725159
formal_matrix,arguana,all_minilm_l6,23,test-health-ahiahbgbsp-con01a,0.0,0.0,1.0,training-health-adhgphwfrs-con03a,0.7825784683227539
formal_matrix,arguana,all_minilm_l6,23,test-international-iwiaghbss-con02a,0.0,0.0,1.0,test-international-iwiaghbss-con02a,0.8006992340087891
formal_matrix,arguana,all_minilm_l6,23,test-politics-oapghwliva-pro01a,0.2890648263178879,0.1,1.0,test-politics-oapghwliva-pro01a,0.9170784950256348
formal_matrix,arguana,all_minilm_l6,23,test-politics-oepghbrnsl-pro02a,0.38685280723454163,0.2,1.0,test-politics-oepghbrnsl-pro02a,0.8644998073577881
formal_matrix,arguana,all_minilm_l6,23,test-international-apwhbaucmip-con03a,0.0,0.0,1.0,test-international-apwhbaucmip-con03a,0.9648826122283936
formal_matrix,arguana,all_minilm_l6,23,test-society-mmcpsgfhbf-con04a,0.6309297535714575,0.5,1.0,test-society-mmcpsgfhbf-con04a,0.91475510597229
formal_matrix,arguana,all_minilm_l6,23,test-international-epglghbni-con02a,0.0,0.0,1.0,test-international-epglghbni-con02a,0.9740732908248901
formal_matrix,arguana,all_minilm_l6,23,test-politics-oepghbrnsl-pro04a,0.6309297535714575,0.5,1.0,test-politics-oepghbrnsl-pro04a,0.951833188533783
formal_matrix,arguana,all_minilm_l6,23,test-philosophy-npegiepp-pro01a,0.38685280723454163,0.2,1.0,test-philosophy-npegiepp-pro01a,0.9225002527236938
formal_matrix,arguana,all_minilm_l6,23,test-environment-chbwtlgcc-con01a,0.0,0.0,1.0,test-environment-chbwtlgcc-con01a,0.9514857530593872
formal_matrix,arguana,all_minilm_l6,23,test-philosophy-pphbclsbs-pro03a,0.5,0.3333333333333333,1.0,test-philosophy-pphbclsbs-pro03a,0.9167302846908569
formal_matrix,arguana,all_minilm_l6,23,test-politics-ypppgvhwmv-pro03a,0.6309297535714575,0.5,1.0,test-politics-ypppgvhwmv-pro03a,0.9304061532020569
formal_matrix,arguana,all_minilm_l6,23,test-law-tlcplghwfne-pro02a,0.3333333333333333,0.14285714285714285,1.0,test-law-tlcplghwfne-pro02a,0.9760996103286743
formal_matrix,arguana,all_minilm_l6,23,test-sport-otshwbe2uuyt-con01a,0.0,0.0,1.0,test-sport-otshwbe2uuyt-con01a,0.9390013217926025
formal_matrix,arguana,all_minilm_l6,23,test-society-asfhwapg-con01a,0.3562071871080222,0.16666666666666666,1.0,test-society-asfhwapg-con01a,0.9479081630706787
formal_matrix,arguana,all_minilm_l6,41,test-international-ssiarcmhb-con01a,0.3010299956639812,0.1111111111111111,1.0,test-international-ssiarcmhb-con01a,0.9266408085823059
formal_matrix,arguana,all_minilm_l6,41,test-international-glilpdwhsn-pro03a,0.43067655807339306,0.25,1.0,test-international-glilpdwhsn-pro03a,0.9412162899971008
formal_matrix,arguana,all_minilm_l6,41,test-health-dhgsshbesbc-pro04a,0.3562071871080222,0.16666666666666666,1.0,test-health-dhgsshbesbc-pro04a,0.9285776615142822
formal_matrix,arguana,all_minilm_l6,41,test-environment-aeghhgwpe-pro01a,0.6309297535714575,0.5,1.0,test-environment-aeghhgwpe-pro01a,0.9330920577049255
formal_matrix,arguana,all_minilm_l6,41,test-international-ssiarcmhb-pro05a,0.3562071871080222,0.16666666666666666,1.0,test-international-ssiarcmhb-pro05a,0.8784716725349426
formal_matrix,arguana,all_minilm_l6,41,test-politics-oglilpdwhsn-con02a,0.5,0.3333333333333333,1.0,test-international-glilpdwhsn-con02a,0.9632994532585144
formal_matrix,arguana,all_minilm_l6,41,test-international-apwhbaucmip-pro03a,0.3333333333333333,0.14285714285714285,1.0,test-international-apwhbaucmip-pro03a,0.9748216271400452
formal_matrix,arguana,all_minilm_l6,41,test-politics-lghwdecm-con04a,0.31546487678572877,0.125,1.0,test-politics-lghwdecm-con04a,0.9717679023742676
formal_matrix,arguana,all_minilm_l6,41,test-international-amehbuaisji-pro03a,0.0,0.0,0.0,test-international-amehbuaisji-pro03a,0.8848503828048706
formal_matrix,arguana,all_minilm_l6,41,test-international-ssiarcmhb-pro01a,0.5,0.3333333333333333,1.0,test-international-ssiarcmhb-pro01a,0.8715546131134033
formal_matrix,arguana,all_minilm_l6,41,test-politics-oeplhbuwhmi-pro03a,0.5,0.3333333333333333,1.0,test-politics-oeplhbuwhmi-pro03a,0.9663485884666443
formal_matrix,arguana,all_minilm_l6,41,test-culture-cgeeghwmeo-pro02a,0.43067655807339306,0.25,1.0,test-culture-cgeeghwmeo-pro02a,0.9384401440620422
formal_matrix,arguana,all_minilm_l6,41,test-health-hpehwadvoee-pro04a,0.31546487678572877,0.125,1.0,test-health-hpehwadvoee-pro04a,0.9439343810081482
formal_matrix,arguana,all_minilm_l6,41,test-society-mmcpsgfhbf-pro02a,0.6309297535714575,0.5,1.0,test-society-mmcpsgfhbf-pro02a,0.8679620623588562
formal_matrix,arguana,all_minilm_l6,41,test-culture-mmctyshwbcp-con01a,0.6309297535714575,0.5,1.0,test-culture-mmctyshwbcp-con01a,0.9577510356903076
formal_matrix,arguana,all_minilm_l6,41,test-law-tahglcphsld-pro01a,0.3562071871080222,0.16666666666666666,1.0,test-law-tahglcphsld-pro01a,0.9162997007369995
formal_matrix,arguana,all_minilm_l6,41,test-education-ughbuesbf-con02a,0.43067655807339306,0.25,1.0,test-education-ughbuesbf-con02a,0.9815314412117004
formal_matrix,arguana,all_minilm_l6,41,test-education-udfakusma-pro01a,0.0,0.0,0.0,test-education-udfakusma-pro01a,0.9568555355072021
formal_matrix,arguana,all_minilm_l6,41,test-international-epvhwhranet-con04a,0.5,0.3333333333333333,1.0,test-international-epvhwhranet-con04a,0.9501807689666748
formal_matrix,arguana,all_minilm_l6,41,test-environment-aeghhgwpe-pro04a,0.6309297535714575,0.5,1.0,test-environment-aeghhgwpe-pro04a,0.9711799621582031
formal_matrix,arguana,all_minilm_l6,41,test-international-aegmeppghw-con02a,0.6309297535714575,0.5,1.0,test-international-aegmeppghw-con02a,0.9530680775642395
formal_matrix,arguana,all_minilm_l6,41,test-society-epsihbdns-pro03a,0.0,0.0,1.0,test-economy-epsihbdns-pro03a,0.911388635635376
formal_matrix,arguana,all_minilm_l6,41,test-science-ciidfaihwc-pro04a,0.5,0.3333333333333333,1.0,test-science-ciidfaihwc-pro04a,0.9617148041725159
formal_matrix,arguana,all_minilm_l6,41,test-politics-ypppdghwid-con01a,0.31546487678572877,0.125,1.0,test-politics-ypppdghwid-con01a,0.9123355746269226
formal_matrix,arguana,all_minilm_l6,41,test-digital-freedoms-piidfaihbg-pro01a,0.6309297535714575,0.5,1.0,test-digital-freedoms-piidfaihbg-pro01a,0.939197301864624
formal_matrix,arguana,all_minilm_l6,41,test-economy-thsptr-con01a,0.3562071871080222,0.16666666666666666,1.0,test-economy-thsptr-con01a,0.9516896605491638
formal_matrix,arguana,all_minilm_l6,41,test-politics-ypppdghwid-pro04a,0.6309297535714575,0.5,1.0,test-politics-ypppdghwid-pro04a,0.88376784324646
formal_matrix,arguana,all_minilm_l6,41,test-culture-tlhrilsfhwr-pro03a,0.3562071871080222,0.16666666666666666,1.0,test-culture-tlhrilsfhwr-pro03a,0.9681734442710876
formal_matrix,arguana,all_minilm_l6,41,test-law-sdfclhrppph-pro01a,0.0,0.0,1.0,test-law-sdfclhrppph-pro01a,0.9488930106163025
formal_matrix,arguana,all_minilm_l6,41,test-international-apwhbaucmip-con04a,0.6309297535714575,0.5,1.0,test-international-apwhbaucmip-con04a,0.9084364175796509
formal_matrix,arguana,all_minilm_l6,41,test-health-ahiahbgbsp-con01a,0.0,0.0,1.0,training-health-adhgphwfrs-con03a,0.7825784683227539
formal_matrix,arguana,all_minilm_l6,41,test-economy-bepiehbesa-pro02a,0.6309297535714575,0.5,1.0,test-economy-bepiehbesa-pro02a,0.9623086452484131
formal_matrix,arguana,all_minilm_l6,41,test-international-ipecfiepg-con04a,0.0,0.0,1.0,test-international-ipecfiepg-con04a,0.9490817785263062
formal_matrix,arguana,all_minilm_l6,41,test-philosophy-npegiepp-pro04a,0.3562071871080222,0.16666666666666666,1.0,test-philosophy-npegiepp-pro04a,0.8962570428848267
formal_matrix,arguana,all_minilm_l6,41,test-education-egscphsrdt-con02a,0.43067655807339306,0.25,1.0,test-education-egscphsrdt-con02a,0.9757421612739563
formal_matrix,arguana,all_minilm_l6,41,test-politics-mtpghwaacb-con01a,0.38685280723454163,0.2,1.0,training-economy-epehwacbr-con01a,0.9797567129135132
formal_matrix,arguana,all_minilm_l6,41,test-society-tsmihwurpp-con03a,0.0,0.0,1.0,test-society-tsmihwurpp-con03a,0.91655033826828
formal_matrix,arguana,all_minilm_l6,41,test-economy-thsptr-pro04a,0.6309297535714575,0.5,1.0,test-economy-thsptr-pro04a,0.9499412775039673
formal_matrix,arguana,all_minilm_l6,41,test-economy-epehwmrbals-con03a,0.0,0.0,1.0,test-economy-epehwmrbals-con03a,0.966080904006958
formal_matrix,arguana,all_minilm_l6,41,test-education-pteuhwfphe-pro03a,0.38685280723454163,0.2,1.0,test-education-pteuhwfphe-pro03a,0.951075553894043
formal_matrix,arguana,all_minilm_l6,41,test-environment-chbwtlgcc-con02a,0.5,0.3333333333333333,1.0,test-environment-chbwtlgcc-con02a,0.9634711742401123
formal_matrix,arguana,all_minilm_l6,41,test-digital-freedoms-eifpgdff-pro01a,0.43067655807339306,0.25,1.0,test-digital-freedoms-eifpgdff-pro01a,0.9349541664123535
formal_matrix,arguana,all_minilm_l6,41,test-international-aghwrem-con02a,0.3562071871080222,0.16666666666666666,1.0,test-international-aghwrem-con02a,0.8999336957931519
formal_matrix,arguana,all_minilm_l6,41,test-international-epvhwhranet-con01a,0.5,0.3333333333333333,1.0,test-international-epvhwhranet-con01a,0.946272075176239
formal_matrix,arguana,all_minilm_l6,41,test-health-dhghwapgd-pro01a,0.0,0.0,1.0,test-health-dhghwapgd-pro01a,0.9290899634361267
formal_matrix,arguana,all_minilm_l6,41,test-science-ciidfaihwc-pro02a,0.0,0.0,1.0,test-science-ciidfaihwc-pro02a,0.9179898500442505
formal_matrix,arguana,all_minilm_l6,41,test-culture-mthbah-pro04a,0.5,0.3333333333333333,1.0,test-culture-mthbah-pro04a,0.9597785472869873
formal_matrix,arguana,all_minilm_l6,41,test-religion-wcprrgrhbmi-pro02a,0.2890648263178879,0.1,1.0,test-religion-wcprrgrhbmi-pro02a,0.8647943735122681
formal_matrix,arguana,all_minilm_l6,41,test-environment-ehwsnwu-con03a,0.5,0.3333333333333333,1.0,validation-education-uehwsnwu-con03a,0.9675865769386292
formal_matrix,arguana,all_minilm_l6,41,test-law-sdiflhrdffe-con02a,0.5,0.3333333333333333,1.0,test-law-sdiflhrdffe-con02a,0.8618385791778564
formal_matrix,arguana,all_minilm_l6,67,test-economy-bepighbdb-con03a,0.43067655807339306,0.25,1.0,test-economy-bepighbdb-con03a,0.9658201932907104
formal_matrix,arguana,all_minilm_l6,67,test-economy-fiahwpamu-pro04a,0.6309297535714575,0.5,1.0,test-economy-fiahwpamu-pro04a,0.9866061210632324
formal_matrix,arguana,all_minilm_l6,67,test-law-ilppppghb-pro01a,0.5,0.3333333333333333,1.0,test-law-ilppppghb-pro01a,0.9656765460968018
formal_matrix,arguana,all_minilm_l6,67,test-philosophy-eppphwlrtjs-pro04a,0.0,0.0,1.0,test-philosophy-eppphwlrtjs-pro04a,0.9131224155426025
formal_matrix,arguana,all_minilm_l6,67,test-law-lghwpcctcc-con03a,0.3562071871080222,0.16666666666666666,1.0,test-law-lghwpcctcc-con03a,0.9320565462112427
formal_matrix,arguana,all_minilm_l6,67,test-international-aghwrem-con03a,0.38685280723454163,0.2,1.0,test-international-aghwrem-con03a,0.9152224659919739
formal_matrix,arguana,all_minilm_l6,67,test-religion-frghbbgi-pro01a,0.6309297535714575,0.5,1.0,test-religion-frghbbgi-pro01a,0.911280632019043
formal_matrix,arguana,all_minilm_l6,67,test-law-rmelhrilhbiw-pro01a,0.3010299956639812,0.1111111111111111,1.0,test-law-rmelhrilhbiw-pro01a,0.9229000806808472
formal_matrix,arguana,all_minilm_l6,67,test-philosophy-pppgshbsd-pro02a,0.3562071871080222,0.16666666666666666,1.0,test-philosophy-pppgshbsd-pro02a,0.9061719179153442
formal_matrix,arguana,all_minilm_l6,67,test-science-cpisydfphwj-con02a,0.5,0.3333333333333333,1.0,test-science-cpisydfphwj-con02a,0.9217391014099121
formal_matrix,arguana,all_minilm_l6,67,test-international-appghblsba-con03a,0.5,0.3333333333333333,1.0,test-international-appghblsba-con03a,0.9791510701179504
formal_matrix,arguana,all_minilm_l6,67,test-free-speech-debate-nshbbsbfb-con03a,0.3333333333333333,0.14285714285714285,1.0,test-free-speech-debate-nshbbsbfb-con03a,0.946841835975647
formal_matrix,arguana,all_minilm_l6,67,test-society-asfhwapg-con04a,0.0,0.0,0.0,test-society-asfhwapg-con04a,0.9106258749961853
formal_matrix,arguana,all_minilm_l6,67,test-digital-freedoms-aihwbasmn-pro01a,0.38685280723454163,0.2,1.0,test-digital-freedoms-aihwbasmn-pro01a,0.8531620502471924
formal_matrix,arguana,all_minilm_l6,67,test-society-simhbrasnba-pro03a,0.3333333333333333,0.14285714285714285,1.0,test-society-simhbrasnba-pro03a,0.9050388336181641
formal_matrix,arguana,all_minilm_l6,67,test-environment-assgbatj-pro05a,0.0,0.0,1.0,test-environment-assgbatj-pro05a,0.9455553293228149
formal_matrix,arguana,all_minilm_l6,67,test-international-atiahblit-pro04a,0.5,0.3333333333333333,1.0,test-international-atiahblit-pro04a,0.9545005559921265
formal_matrix,arguana,all_minilm_l6,67,test-digital-freedoms-aihbiahr-con03a,0.43067655807339306,0.25,1.0,test-digital-freedoms-aihbiahr-con03a,0.9704658389091492
formal_matrix,arguana,all_minilm_l6,67,test-education-ughbuesbf-pro03a,0.5,0.3333333333333333,1.0,test-education-ughbuesbf-pro03a,0.9652916789054871
formal_matrix,arguana,all_minilm_l6,67,test-law-tahglcphsld-pro02a,0.5,0.3333333333333333,1.0,test-law-tahglcphsld-pro02a,0.9732579588890076
formal_matrix,arguana,all_minilm_l6,67,test-environment-ehwsnwu-con01a,0.0,0.0,1.0,validation-education-uehwsnwu-con01a,0.9962666034698486
formal_matrix,arguana,all_minilm_l6,67,test-economy-thsptr-pro02a,0.3562071871080222,0.16666666666666666,1.0,test-economy-thsptr-pro02a,0.874922513961792
formal_matrix,arguana,all_minilm_l6,67,test-sport-tshbmlbscac-pro04a,0.5,0.3333333333333333,1.0,test-sport-tshbmlbscac-pro04a,0.9697175621986389
formal_matrix,arguana,all_minilm_l6,67,test-economy-epegiahsc-con03a,0.0,0.0,1.0,test-economy-epegiahsc-con03a,0.8374183177947998
formal_matrix,arguana,all_minilm_l6,67,test-philosophy-pppthbtcb-pro02a,0.6309297535714575,0.5,1.0,test-philosophy-pppthbtcb-pro02a,0.9434273838996887
formal_matrix,arguana,all_minilm_l6,67,test-international-emephsate-con03a,0.6309297535714575,0.5,1.0,test-international-emephsate-con03a,0.9548254013061523
formal_matrix,arguana,all_minilm_l6,67,test-health-hgwhwbjfs-pro02a,0.38685280723454163,0.2,1.0,test-health-hgwhwbjfs-pro02a,0.8742183446884155
formal_matrix,arguana,all_minilm_l6,67,test-law-hrilpgwhwr-con02a,0.0,0.0,1.0,test-law-hrilpgwhwr-con02a,0.9309754371643066
formal_matrix,arguana,all_minilm_l6,67,test-politics-ypppgvhwmv-pro05a,0.38685280723454163,0.2,1.0,test-politics-ypppgvhwmv-pro05a,0.9175283312797546
formal_matrix,arguana,all_minilm_l6,67,test-culture-mmciahbans-pro01a,0.6309297535714575,0.5,1.0,test-culture-mmciahbans-pro01a,0.9272032380104065
formal_matrix,arguana,all_minilm_l6,67,test-law-cppshbcjsfm-con02a,0.43067655807339306,0.25,1.0,test-law-cppshbcjsfm-con02a,0.9695733785629272
formal_matrix,arguana,all_minilm_l6,67,test-society-epiasghbf-pro01a,0.43067655807339306,0.25,1.0,test-economy-epiasghbf-pro01a,0.9293133020401001
formal_matrix,arguana,all_minilm_l6,67,test-politics-eppghwlrba-pro04a,0.6309297535714575,0.5,1.0,test-politics-eppghwlrba-pro04a,0.8513680696487427
formal_matrix,arguana,all_minilm_l6,67,test-education-usuprmhbu-pro01a,0.0,0.0,1.0,test-education-usuprmhbu-pro01a,0.8616064190864563
formal_matrix,arguana,all_minilm_l6,67,test-education-ufsdfkhbwu-con03a,0.0,0.0,0.0,test-free-speech-debate-yfsdfkhbwu-con03a,0.8750665187835693
formal_matrix,arguana,all_minilm_l6,67,test-international-segiahbarr-con04a,0.0,0.0,1.0,test-international-segiahbarr-con04a,0.9504040479660034
formal_matrix,arguana,all_minilm_l6,67,test-politics-eppghwgpi-con03a,0.0,0.0,1.0,test-politics-eppghwgpi-con03a,0.949259877204895
formal_matrix,arguana,all_minilm_l6,67,test-culture-ascidfakhba-pro04a,0.31546487678572877,0.125,1.0,test-culture-ascidfakhba-pro04a,0.9020900726318359
formal_matrix,arguana,all_minilm_l6,67,test-law-thgglcplgphw-pro01a,0.3333333333333333,0.14285714285714285,1.0,test-law-thgglcplgphw-pro01a,0.9700939059257507
formal_matrix,arguana,all_minilm_l6,67,test-health-dhiacihwph-pro02a,0.38685280723454163,0.2,1.0,test-health-dhiacihwph-pro02a,0.892659604549408
formal_matrix,arguana,all_minilm_l6,67,test-society-epiasghbf-pro02a,0.0,0.0,1.0,test-economy-epiasghbf-pro02a,0.9362954497337341
formal_matrix,arguana,all_minilm_l6,67,test-society-tlhrilsfhwr-pro04a,0.5,0.3333333333333333,1.0,test-culture-tlhrilsfhwr-pro04a,0.9673970341682434
formal_matrix,arguana,all_minilm_l6,67,test-sport-aastshsrqsar-con04a,0.0,0.0,1.0,test-sport-aastshsrqsar-con04a,0.9539041519165039
formal_matrix,arguana,all_minilm_l6,67,test-law-cpilhbishioe-pro03a,0.6309297535714575,0.5,1.0,test-law-cpilhbishioe-pro03a,0.9711532592773438
formal_matrix,arguana,all_minilm_l6,67,test-digital-freedoms-aihwbasmn-pro03a,0.6309297535714575,0.5,1.0,test-digital-freedoms-aihwbasmn-pro03a,0.9022603034973145
formal_matrix,arguana,all_minilm_l6,67,test-international-iighbopcc-pro03a,0.6309297535714575,0.5,1.0,test-international-iighbopcc-pro03a,0.8672289848327637
formal_matrix,arguana,all_minilm_l6,67,test-education-usuprmhbu-con03a,0.5,0.3333333333333333,1.0,test-education-usuprmhbu-con03a,0.7682056427001953
formal_matrix,arguana,all_minilm_l6,67,test-law-sdiflhrdffe-con03a,0.6309297535714575,0.5,1.0,test-law-sdiflhrdffe-con03a,0.938191294670105
formal_matrix,arguana,all_minilm_l6,67,test-politics-nlpdwhbusbuc-pro03a,0.6309297535714575,0.5,1.0,test-politics-nlpdwhbusbuc-pro03a,0.9618892669677734
formal_matrix,arguana,all_minilm_l6,67,test-culture-ahrtsdlgra-pro03a,0.6309297535714575,0.5,1.0,test-culture-ahrtsdlgra-pro03a,0.9545126557350159
formal_matrix,arguana,all_minilm_l6,83,test-politics-cdfsaphgiap-pro04a,0.0,0.0,1.0,test-free-speech-debate-fsaphgiap-pro04a,0.8425676822662354
formal_matrix,arguana,all_minilm_l6,83,test-philosophy-elkosmj-con01a,0.2890648263178879,0.1,1.0,test-philosophy-elkosmj-con01a,0.8849585056304932
formal_matrix,arguana,all_minilm_l6,83,test-economy-egiahbwaka-con02a,0.3562071871080222,0.16666666666666666,1.0,test-economy-egiahbwaka-con02a,0.9827311038970947
formal_matrix,arguana,all_minilm_l6,83,test-education-egtuscpih-con02a,0.6309297535714575,0.5,1.0,test-education-egtuscpih-con02a,0.9597656726837158
formal_matrix,arguana,all_minilm_l6,83,test-international-siacphbnt-pro01a,0.6309297535714575,0.5,1.0,test-international-siacphbnt-pro01a,0.946411669254303
formal_matrix,arguana,all_minilm_l6,83,test-digital-freedoms-aihbiahr-con02a,0.0,0.0,1.0,test-digital-freedoms-aihbiahr-con02a,0.9365220665931702
formal_matrix,arguana,all_minilm_l6,83,test-digital-freedoms-eifdfaihs-con01a,0.0,0.0,0.0,test-digital-freedoms-eifdfaihs-con01a,0.9634195566177368
formal_matrix,arguana,all_minilm_l6,83,test-society-epiasghbf-con04a,0.31546487678572877,0.125,1.0,test-economy-epiasghbf-con04a,0.9538915753364563
formal_matrix,arguana,all_minilm_l6,83,test-free-speech-debate-radhbsshr-pro02a,0.3333333333333333,0.14285714285714285,1.0,test-free-speech-debate-radhbsshr-pro02a,0.9205203056335449
formal_matrix,arguana,all_minilm_l6,83,test-free-speech-debate-fchbjaj-pro02a,0.0,0.0,1.0,test-free-speech-debate-fchbjaj-pro02a,0.8633125424385071
formal_matrix,arguana,all_minilm_l6,83,test-environment-assgbatj-con04a,0.43067655807339306,0.25,1.0,test-environment-assgbatj-con04a,0.9305163025856018
formal_matrix,arguana,all_minilm_l6,83,test-international-emephsate-pro01a,0.3333333333333333,0.14285714285714285,1.0,test-international-emephsate-pro01a,0.9431729316711426
formal_matrix,arguana,all_minilm_l6,83,test-economy-bhahwbsps-con03a,0.6309297535714575,0.5,1.0,test-economy-bhahwbsps-con03a,0.9712641835212708
formal_matrix,arguana,all_minilm_l6,83,test-digital-freedoms-eifpgdff-pro03a,0.6309297535714575,0.5,1.0,test-digital-freedoms-eifpgdff-pro03a,0.9795517921447754
formal_matrix,arguana,all_minilm_l6,83,test-law-lghbacpsba-con01a,0.5,0.3333333333333333,1.0,test-law-lghbacpsba-con01a,0.8159375190734863
formal_matrix,arguana,all_minilm_l6,83,test-education-ufsdfkhbwu-pro02a,0.6309297535714575,0.5,1.0,test-free-speech-debate-yfsdfkhbwu-pro02a,0.9222618937492371
formal_matrix,arguana,all_minilm_l6,83,test-international-iiahwagit-con04a,0.0,0.0,1.0,test-environment-aiahwagit-con04a,0.9603087306022644
formal_matrix,arguana,all_minilm_l6,83,test-international-ehbfe-pro02a,0.5,0.3333333333333333,1.0,test-international-ehbfe-pro02a,0.9550953507423401
formal_matrix,arguana,all_minilm_l6,83,test-politics-nlpdwhbusbuc-pro03a,0.6309297535714575,0.5,1.0,test-politics-nlpdwhbusbuc-pro03a,0.9618892669677734
formal_matrix,arguana,all_minilm_l6,83,test-free-speech-debate-magghbcrg-pro03a,0.43067655807339306,0.25,1.0,test-free-speech-debate-magghbcrg-pro03a,0.9712944030761719
formal_matrix,arguana,all_minilm_l6,83,test-philosophy-npegiepp-pro04a,0.3562071871080222,0.16666666666666666,1.0,test-philosophy-npegiepp-pro04a,0.8962570428848267
formal_matrix,arguana,all_minilm_l6,83,test-science-dssghsdmd-pro02a,0.31546487678572877,0.125,1.0,test-science-dssghsdmd-pro02a,0.9743862152099609
formal_matrix,arguana,all_minilm_l6,83,test-health-dhgsshbesbc-pro02a,0.0,0.0,1.0,test-health-dhgsshbesbc-pro02a,0.915780782699585
formal_matrix,arguana,all_minilm_l6,83,test-law-tlcplghwfne-con02a,0.0,0.0,1.0,test-law-tlcplghwfne-con02a,0.9741281270980835
formal_matrix,arguana,all_minilm_l6,83,test-environment-aeghhgwpe-pro02a,0.6309297535714575,0.5,1.0,test-environment-aeghhgwpe-pro02a,0.95276939868927
formal_matrix,arguana,all_minilm_l6,83,test-digital-freedoms-dfiphbgs-pro03a,0.5,0.3333333333333333,1.0,test-digital-freedoms-dfiphbgs-pro03a,0.9690718054771423
formal_matrix,arguana,all_minilm_l6,83,test-culture-tlhrilsfhwr-con01a,0.5,0.3333333333333333,1.0,test-culture-tlhrilsfhwr-con01a,0.9390527009963989
formal_matrix,arguana,all_minilm_l6,83,test-culture-mmctyshwbcp-pro01a,0.6309297535714575,0.5,1.0,test-culture-mmctyshwbcp-pro01a,0.8668957948684692
formal_matrix,arguana,all_minilm_l6,83,test-philosophy-eppphwlrtjs-pro02a,0.6309297535714575,0.5,1.0,test-philosophy-eppphwlrtjs-pro02a,0.9494217038154602
formal_matrix,arguana,all_minilm_l6,83,test-international-gsciidffe-pro01a,0.0,0.0,0.0,test-international-gsciidffe-pro01a,0.8636192083358765
formal_matrix,arguana,all_minilm_l6,83,test-law-cpilhbishioe-con02a,0.5,0.3333333333333333,1.0,test-law-cpilhbishioe-con02a,0.9139283895492554
formal_matrix,arguana,all_minilm_l6,83,test-politics-oeplhbuwhmi-con02a,0.6309297535714575,0.5,1.0,test-politics-oeplhbuwhmi-con02a,0.9582677483558655
formal_matrix,arguana,all_minilm_l6,83,test-environment-opecewiahw-pro03a,0.3333333333333333,0.14285714285714285,1.0,test-environment-opecewiahw-pro03a,0.9028133153915405
formal_matrix,arguana,all_minilm_l6,83,test-politics-gvhwhnerse-pro03a,0.38685280723454163,0.2,1.0,test-politics-gvhwhnerse-pro03a,0.9078445434570312
formal_matrix,arguana,all_minilm_l6,83,test-international-epglghbni-pro05a,0.31546487678572877,0.125,1.0,test-international-epglghbni-pro05a,0.933336615562439
formal_matrix,arguana,all_minilm_l6,83,test-philosophy-npppmhwup-con03a,0.0,0.0,1.0,test-philosophy-npppmhwup-con03a,0.8932658433914185
formal_matrix,arguana,all_minilm_l6,83,test-philosophy-apessghwba-pro03a,0.43067655807339306,0.25,1.0,test-philosophy-apessghwba-pro03a,0.9561738967895508
formal_matrix,arguana,all_minilm_l6,83,test-religion-frghbbgi-pro01a,0.6309297535714575,0.5,1.0,test-religion-frghbbgi-pro01a,0.911280632019043
formal_matrix,arguana,all_minilm_l6,83,test-international-ghbunhf-con02a,0.6309297535714575,0.5,1.0,test-international-ghbunhf-con02a,0.9529823064804077
formal_matrix,arguana,all_minilm_l6,83,test-law-tahglcphsld-pro04a,0.5,0.3333333333333333,1.0,test-law-tahglcphsld-pro04a,0.9531147480010986
formal_matrix,arguana,all_minilm_l6,83,test-health-dhgsshbesbc-pro03a,0.6309297535714575,0.5,1.0,test-health-dhgsshbesbc-pro03a,0.929537296295166
formal_matrix,arguana,all_minilm_l6,83,test-education-pshhghwpba0-pro04a,0.2890648263178879,0.1,1.0,test-education-pshhghwpba0-pro04a,0.8247244954109192
formal_matrix,arguana,all_minilm_l6,83,test-law-ilppppghb-con02a,0.43067655807339306,0.25,1.0,test-law-ilppppghb-con02a,0.8946180939674377
formal_matrix,arguana,all_minilm_l6,83,test-science-eassgbatj-con03a,0.43067655807339306,0.25,1.0,test-environment-assgbatj-con03a,0.9294279217720032
formal_matrix,arguana,all_minilm_l6,83,test-politics-dhbanhrnw-con05a,0.6309297535714575,0.5,1.0,test-politics-dhbanhrnw-con05a,0.9544469118118286
formal_matrix,arguana,all_minilm_l6,83,test-politics-lghwdecm-pro03a,0.3333333333333333,0.14285714285714285,1.0,test-politics-lghwdecm-pro03a,0.9873301982879639
formal_matrix,arguana,all_minilm_l6,83,test-environment-opecewiahw-pro02a,0.38685280723454163,0.2,1.0,test-environment-opecewiahw-pro02a,0.8912022113800049
formal_matrix,arguana,all_minilm_l6,83,test-politics-oepdlhfcefp-pro04a,0.31546487678572877,0.125,1.0,test-international-epdlhfcefp-pro04a,0.9586794376373291
formal_matrix,arguana,all_minilm_l6,83,test-education-egtuscpih-con01a,0.6309297535714575,0.5,1.0,test-education-egtuscpih-con01a,0.9638604521751404
formal_matrix,arguana,all_minilm_l6,83,test-culture-mmciahbans-con04a,0.3010299956639812,0.1111111111111111,1.0,test-culture-mmciahbans-con04a,0.9390581846237183
formal_matrix,arguana,all_minilm_l6,127,test-digital-freedoms-efsappgdfp-con01a,0.0,0.0,1.0,test-digital-freedoms-efsappgdfp-con01a,0.935938835144043
formal_matrix,arguana,all_minilm_l6,127,test-science-cpisydfphwj-pro03a,0.5,0.3333333333333333,1.0,test-science-cpisydfphwj-pro03a,0.8967086672782898
formal_matrix,arguana,all_minilm_l6,127,test-politics-oglilpdwhsn-pro03a,0.3562071871080222,0.16666666666666666,1.0,test-international-glilpdwhsn-pro03a,0.941216230392456
formal_matrix,arguana,all_minilm_l6,127,test-politics-oapghwliva-con01a,0.6309297535714575,0.5,1.0,test-politics-oapghwliva-con01a,0.9579929709434509
formal_matrix,arguana,all_minilm_l6,127,test-economy-epehwmrbals-con01a,0.0,0.0,1.0,test-economy-epehwmrbals-con01a,0.961825966835022
formal_matrix,arguana,all_minilm_l6,127,test-culture-mthbah-con03a,0.6309297535714575,0.5,1.0,test-culture-mthbah-con03a,0.9711357951164246
formal_matrix,arguana,all_minilm_l6,127,test-culture-thbcsbptwhht-pro04a,0.31546487678572877,0.125,1.0,test-culture-thbcsbptwhht-pro04a,0.9575161933898926
formal_matrix,arguana,all_minilm_l6,127,test-international-aghwrem-pro02a,0.6309297535714575,0.5,1.0,test-international-aghwrem-pro02a,0.9564382433891296
formal_matrix,arguana,all_minilm_l6,127,test-free-speech-debate-nshbbsbfb-con01a,0.3333333333333333,0.14285714285714285,1.0,test-free-speech-debate-nshbbsbfb-con01a,0.9369410276412964
formal_matrix,arguana,all_minilm_l6,127,test-law-ilppppghb-con03a,0.5,0.3333333333333333,1.0,test-law-ilppppghb-con03a,0.9314429759979248
formal_matrix,arguana,all_minilm_l6,127,test-health-dhghwapgd-pro04a,0.0,0.0,1.0,test-health-dhghwapgd-pro04a,0.960425853729248
formal_matrix,arguana,all_minilm_l6,127,test-international-ehbfe-con01a,0.6309297535714575,0.5,1.0,test-international-ehbfe-con01a,0.9718202352523804
formal_matrix,arguana,all_minilm_l6,127,test-sport-aastshsrqsar-pro02a,0.6309297535714575,0.5,1.0,test-sport-aastshsrqsar-pro02a,0.9601647853851318
formal_matrix,arguana,all_minilm_l6,127,test-society-tlhrilsfhwr-pro02a,0.6309297535714575,0.5,1.0,test-culture-tlhrilsfhwr-pro02a,0.9430927038192749
formal_matrix,arguana,all_minilm_l6,127,test-international-epdlhfcefp-con01a,0.0,0.0,1.0,test-international-epdlhfcefp-con01a,0.919425368309021
formal_matrix,arguana,all_minilm_l6,127,test-international-ssiarcmhb-con02a,0.0,0.0,1.0,test-international-ssiarcmhb-con02a,0.9432492256164551
formal_matrix,arguana,all_minilm_l6,127,test-digital-freedoms-piidfiphwu-pro01a,0.6309297535714575,0.5,1.0,test-digital-freedoms-piidfiphwu-pro01a,0.9587270021438599
formal_matrix,arguana,all_minilm_l6,127,test-international-epdlhfcefp-pro03a,0.2890648263178879,0.1,1.0,test-international-epdlhfcefp-pro03a,0.9629315137863159
formal_matrix,arguana,all_minilm_l6,127,test-international-bmaggiahbl-pro03a,0.38685280723454163,0.2,1.0,test-international-bmaggiahbl-pro03a,0.9544249773025513
formal_matrix,arguana,all_minilm_l6,127,test-politics-glghssi-con01a,0.38685280723454163,0.2,1.0,test-politics-glghssi-con01a,0.9496163129806519
formal_matrix,arguana,all_minilm_l6,127,test-economy-thsptr-pro05a,0.3333333333333333,0.14285714285714285,1.0,test-economy-thsptr-pro05a,0.9610025882720947
formal_matrix,arguana,all_minilm_l6,127,test-international-siacphbnt-con04a,0.5,0.3333333333333333,1.0,test-international-siacphbnt-con04a,0.9200384020805359
formal_matrix,arguana,all_minilm_l6,127,test-economy-epsihbdns-pro01a,0.6309297535714575,0.5,1.0,test-economy-epsihbdns-pro01a,0.937219500541687
formal_matrix,arguana,all_minilm_l6,127,test-economy-egiahbwaka-pro02a,0.6309297535714575,0.5,1.0,test-economy-egiahbwaka-pro02a,0.9678813815116882
formal_matrix,arguana,all_minilm_l6,127,test-religion-cmrsgfhbr-con01a,0.6309297535714575,0.5,1.0,test-religion-cmrsgfhbr-con01a,0.9522899389266968
formal_matrix,arguana,all_minilm_l6,127,test-international-segiahbarr-con03a,0.3010299956639812,0.1111111111111111,1.0,test-international-segiahbarr-con03a,0.9513612985610962
formal_matrix,arguana,all_minilm_l6,127,test-international-gsciidffe-pro01a,0.0,0.0,0.0,test-international-gsciidffe-pro01a,0.8636192083358765
formal_matrix,arguana,all_minilm_l6,127,test-culture-mmctyshwbcp-pro05a,0.5,0.3333333333333333,1.0,test-culture-mmctyshwbcp-pro05a,0.9457553029060364
formal_matrix,arguana,all_minilm_l6,127,test-philosophy-npegiepp-con03a,0.5,0.3333333333333333,1.0,test-philosophy-npegiepp-con03a,0.894813060760498
formal_matrix,arguana,all_minilm_l6,127,test-environment-assgbatj-pro05a,0.0,0.0,1.0,test-environment-assgbatj-pro05a,0.9455553293228149
formal_matrix,arguana,all_minilm_l6,127,test-religion-wcprrgrhbmi-con03a,0.0,0.0,1.0,test-religion-wcprrgrhbmi-con03a,0.7958098649978638
formal_matrix,arguana,all_minilm_l6,127,test-international-segiahbarr-pro04a,0.0,0.0,1.0,test-international-segiahbarr-pro04a,0.9539741277694702
formal_matrix,arguana,all_minilm_l6,127,test-international-siacphbnt-con01a,0.0,0.0,1.0,test-international-siacphbnt-con01a,0.9509259462356567
formal_matrix,arguana,all_minilm_l6,127,test-international-apwhbaucmip-pro02a,0.0,0.0,1.0,test-international-apwhbaucmip-pro02a,0.9502403140068054
formal_matrix,arguana,all_minilm_l6,127,test-economy-fiahwpamu-pro03a,0.43067655807339306,0.25,1.0,test-economy-fiahwpamu-pro03a,0.9212499856948853
formal_matrix,arguana,all_minilm_l6,127,test-politics-cpegiepgh-con02a,0.6309297535714575,0.5,1.0,test-politics-cpegiepgh-con02a,0.9471112489700317
formal_matrix,arguana,all_minilm_l6,127,test-economy-thsptr-con05a,0.0,0.0,1.0,test-economy-thsptr-con05a,0.9276032447814941
formal_matrix,arguana,all_minilm_l6,127,test-international-aahwstdrtfm-pro02a,0.0,0.0,1.0,test-international-aahwstdrtfm-pro02a,0.9087828397750854
formal_matrix,arguana,all_minilm_l6,127,test-science-ciidfaihwc-con01a,0.6309297535714575,0.5,1.0,test-science-ciidfaihwc-con01a,0.9679787158966064
formal_matrix,arguana,all_minilm_l6,127,test-economy-epegiahsc-pro02a,0.3333333333333333,0.14285714285714285,1.0,test-economy-epegiahsc-pro02a,0.9421254396438599
formal_matrix,arguana,all_minilm_l6,127,test-health-ppelfhwbpba-con03a,0.3333333333333333,0.14285714285714285,1.0,test-health-ppelfhwbpba-con03a,0.8978657722473145
formal_matrix,arguana,all_minilm_l6,127,test-politics-eppghwlrba-con03a,0.43067655807339306,0.25,1.0,test-politics-eppghwlrba-con03a,0.8334156274795532
formal_matrix,arguana,all_minilm_l6,127,test-digital-freedoms-piidfaihbg-pro02a,0.5,0.3333333333333333,1.0,test-digital-freedoms-piidfaihbg-pro02a,0.9007696509361267
formal_matrix,arguana,all_minilm_l6,127,test-international-aegmeppghw-pro04a,0.38685280723454163,0.2,1.0,test-international-aegmeppghw-pro04a,0.9303711652755737
formal_matrix,arguana,all_minilm_l6,127,test-free-speech-debate-nshbbsbfb-pro01a,0.5,0.3333333333333333,1.0,test-free-speech-debate-nshbbsbfb-pro01a,0.9435392618179321
formal_matrix,arguana,all_minilm_l6,127,test-law-rmelhrilhbiw-pro01a,0.3010299956639812,0.1111111111111111,1.0,test-law-rmelhrilhbiw-pro01a,0.9229000806808472
formal_matrix,arguana,all_minilm_l6,127,test-international-apwhbaucmip-pro01a,0.0,0.0,1.0,test-international-apwhbaucmip-pro01a,0.9350773096084595
formal_matrix,arguana,all_minilm_l6,127,test-law-rmelhrilhbiw-pro02a,0.5,0.3333333333333333,1.0,test-law-rmelhrilhbiw-pro02a,0.9282671213150024
formal_matrix,arguana,all_minilm_l6,127,test-free-speech-debate-ldhwprhs-con02a,0.0,0.0,0.0,test-free-speech-debate-ldhwprhs-con02a,0.7940987348556519
formal_matrix,arguana,all_minilm_l6,127,test-society-mmcpsgfhbf-pro01a,0.5,0.3333333333333333,1.0,test-society-mmcpsgfhbf-pro01a,0.9601261615753174
formal_matrix,arguana,bge_small_en_v15,23,test-international-bldimehbn-pro01a,0.5,0.3333333333333333,1.0,test-international-bldimehbn-pro01a,0.9700827598571777
formal_matrix,arguana,bge_small_en_v15,23,test-economy-bhahwbsps-pro02a,0.0,0.0,1.0,test-economy-bhahwbsps-pro02a,0.9722824096679688
formal_matrix,arguana,bge_small_en_v15,23,test-culture-mmctghwbsa-pro02a,0.5,0.3333333333333333,1.0,test-culture-mmctghwbsa-pro02a,0.9606581926345825
formal_matrix,arguana,bge_small_en_v15,23,test-religion-cmrsgfhbr-con01a,0.6309297535714575,0.5,1.0,test-religion-cmrsgfhbr-con01a,0.9712474942207336
formal_matrix,arguana,bge_small_en_v15,23,test-international-eiahwpamu-pro05a,0.6309297535714575,0.5,1.0,test-economy-fiahwpamu-pro05a,0.9733783006668091
formal_matrix,arguana,bge_small_en_v15,23,test-law-phwmfri-pro03a,0.31546487678572877,0.125,1.0,test-law-phwmfri-pro03a,0.9603781700134277
formal_matrix,arguana,bge_small_en_v15,23,test-international-siacphbnt-pro02a,0.3333333333333333,0.14285714285714285,1.0,test-international-siacphbnt-pro02a,0.9737175703048706
formal_matrix,arguana,bge_small_en_v15,23,test-politics-ghbgussbsbt-con01a,0.6309297535714575,0.5,1.0,test-politics-ghbgussbsbt-con01a,0.9530282020568848
formal_matrix,arguana,bge_small_en_v15,23,test-international-iighbopcc-pro03a,0.6309297535714575,0.5,1.0,test-international-iighbopcc-pro03a,0.9703593254089355
formal_matrix,arguana,bge_small_en_v15,23,test-education-egtuscpih-pro01a,0.6309297535714575,0.5,1.0,test-education-egtuscpih-pro01a,0.9847571849822998
formal_matrix,arguana,bge_small_en_v15,23,test-free-speech-debate-fsaphgiap-pro01a,0.0,0.0,1.0,test-free-speech-debate-fsaphgiap-pro01a,0.9834972620010376
formal_matrix,arguana,bge_small_en_v15,23,test-international-aghwrem-con04a,0.5,0.3333333333333333,1.0,test-international-aghwrem-con04a,0.9883715510368347
formal_matrix,arguana,bge_small_en_v15,23,test-law-thgglcplgphw-pro02a,0.6309297535714575,0.5,1.0,test-law-thgglcplgphw-pro02a,0.9834114909172058
formal_matrix,arguana,bge_small_en_v15,23,test-culture-mmciahbans-pro03a,0.6309297535714575,0.5,1.0,test-culture-mmciahbans-pro03a,0.9778668284416199
formal_matrix,arguana,bge_small_en_v15,23,test-health-dhghhbampt-con02a,0.6309297535714575,0.5,1.0,test-health-dhghhbampt-con02a,0.9441602230072021
formal_matrix,arguana,bge_small_en_v15,23,test-science-ciidfaihwc-pro03a,0.5,0.3333333333333333,1.0,test-science-ciidfaihwc-pro03a,0.9673652648925781
formal_matrix,arguana,bge_small_en_v15,23,test-philosophy-apessghwba-pro03a,0.2890648263178879,0.1,1.0,test-philosophy-apessghwba-pro03a,0.9612249732017517
formal_matrix,arguana,bge_small_en_v15,23,test-culture-mthbah-pro01a,0.6309297535714575,0.5,1.0,test-culture-mthbah-pro01a,0.9301818013191223
formal_matrix,arguana,bge_small_en_v15,23,test-economy-epsihbdns-con01a,0.3562071871080222,0.16666666666666666,1.0,test-economy-epsihbdns-con01a,0.9621374607086182
formal_matrix,arguana,bge_small_en_v15,23,test-economy-egecegphw-con02a,0.5,0.3333333333333333,1.0,test-economy-egecegphw-con02a,0.9799327850341797
formal_matrix,arguana,bge_small_en_v15,23,test-politics-cdmaggpdgdf-con04a,0.5,0.3333333333333333,1.0,test-politics-cdmaggpdgdf-con04a,0.9716922044754028
formal_matrix,arguana,bge_small_en_v15,23,test-law-phwmfri-con01a,0.6309297535714575,0.5,1.0,test-law-phwmfri-con01a,0.9574663639068604
formal_matrix,arguana,bge_small_en_v15,23,test-culture-mmctyshwbcp-pro01a,0.5,0.3333333333333333,1.0,test-culture-mmctyshwbcp-pro01a,0.9870306253433228
formal_matrix,arguana,bge_small_en_v15,23,test-politics-dhbanhrnw-pro04a,0.3562071871080222,0.16666666666666666,1.0,test-politics-dhbanhrnw-pro04a,0.9690106511116028
formal_matrix,arguana,bge_small_en_v15,23,test-science-eassgbatj-con01a,0.0,0.0,1.0,test-environment-assgbatj-con01a,0.9686604142189026
formal_matrix,arguana,bge_small_en_v15,23,test-law-sdfclhrppph-con01a,0.43067655807339306,0.25,1.0,test-law-sdfclhrppph-con01a,0.9876630306243896
formal_matrix,arguana,bge_small_en_v15,23,test-international-ipecfiepg-con02a,0.0,0.0,1.0,test-international-ipecfiepg-con02a,0.9579500555992126
formal_matrix,arguana,bge_small_en_v15,23,test-digital-freedoms-phwnaccpdt-pro03a,0.43067655807339306,0.25,1.0,test-digital-freedoms-phwnaccpdt-pro03a,0.9480123519897461
formal_matrix,arguana,bge_small_en_v15,23,test-free-speech-debate-nshbbsbfb-pro04a,0.0,0.0,1.0,test-free-speech-debate-nshbbsbfb-pro04a,0.8949923515319824
formal_matrix,arguana,bge_small_en_v15,23,test-digital-freedoms-aihbiahr-con04a,0.0,0.0,1.0,test-digital-freedoms-aihbiahr-con04a,0.9549307823181152
formal_matrix,arguana,bge_small_en_v15,23,test-politics-ypppgvhwmv-con03a,0.0,0.0,1.0,test-politics-ypppgvhwmv-con03a,0.9823299646377563
formal_matrix,arguana,bge_small_en_v15,23,test-international-miasimyhw-pro05a,0.5,0.3333333333333333,1.0,test-international-miasimyhw-pro05a,0.9759914875030518
formal_matrix,arguana,bge_small_en_v15,23,test-society-ghbgqeaaems-pro03a,0.0,0.0,1.0,test-society-ghbgqeaaems-pro03a,0.96538245677948
formal_matrix,arguana,bge_small_en_v15,23,test-environment-aiahwagit-pro05a,0.38685280723454163,0.2,1.0,test-environment-aiahwagit-pro05a,0.9876086711883545
formal_matrix,arguana,bge_small_en_v15,23,test-science-ciidfaihwc-pro04a,0.6309297535714575,0.5,1.0,test-science-ciidfaihwc-pro04a,0.957058310508728
formal_matrix,arguana,bge_small_en_v15,23,test-health-ahiahbgbsp-con01a,0.43067655807339306,0.25,1.0,test-health-ahiahbgbsp-con01a,0.935928463935852
formal_matrix,arguana,bge_small_en_v15,23,test-international-iwiaghbss-con02a,0.3333333333333333,0.14285714285714285,1.0,test-international-iwiaghbss-con02a,0.9666750431060791
formal_matrix,arguana,bge_small_en_v15,23,test-politics-oapghwliva-pro01a,0.0,0.0,1.0,test-politics-oapghwliva-pro01a,0.9571206569671631
formal_matrix,arguana,bge_small_en_v15,23,test-politics-oepghbrnsl-pro02a,0.5,0.3333333333333333,1.0,test-politics-oepghbrnsl-pro02a,0.9649577140808105
formal_matrix,arguana,bge_small_en_v15,23,test-international-apwhbaucmip-con03a,0.0,0.0,1.0,test-international-apwhbaucmip-con03a,0.9435817003250122
formal_matrix,arguana,bge_small_en_v15,23,test-society-mmcpsgfhbf-con04a,0.38685280723454163,0.2,1.0,test-society-mmcpsgfhbf-con04a,0.9768953919410706
formal_matrix,arguana,bge_small_en_v15,23,test-international-epglghbni-con02a,0.31546487678572877,0.125,1.0,test-international-epglghbni-con02a,0.9643850326538086
formal_matrix,arguana,bge_small_en_v15,23,test-politics-oepghbrnsl-pro04a,0.38685280723454163,0.2,1.0,test-politics-oepghbrnsl-pro04a,0.9783986806869507
formal_matrix,arguana,bge_small_en_v15,23,test-philosophy-npegiepp-pro01a,0.43067655807339306,0.25,1.0,test-philosophy-npegiepp-pro01a,0.989769697189331
formal_matrix,arguana,bge_small_en_v15,23,test-environment-chbwtlgcc-con01a,0.3333333333333333,0.14285714285714285,1.0,test-environment-chbwtlgcc-con01a,0.9852558374404907
formal_matrix,arguana,bge_small_en_v15,23,test-philosophy-pphbclsbs-pro03a,0.6309297535714575,0.5,1.0,test-philosophy-pphbclsbs-pro03a,0.930237352848053
formal_matrix,arguana,bge_small_en_v15,23,test-politics-ypppgvhwmv-pro03a,0.2890648263178879,0.1,1.0,test-politics-ypppgvhwmv-pro03a,0.9786955714225769
formal_matrix,arguana,bge_small_en_v15,23,test-law-tlcplghwfne-pro02a,0.2890648263178879,0.1,1.0,test-law-tlcplghwfne-pro02a,0.9825448989868164
formal_matrix,arguana,bge_small_en_v15,23,test-sport-otshwbe2uuyt-con01a,0.5,0.3333333333333333,1.0,test-sport-otshwbe2uuyt-con01a,0.9612219929695129
formal_matrix,arguana,bge_small_en_v15,23,test-society-asfhwapg-con01a,0.3333333333333333,0.14285714285714285,1.0,test-society-asfhwapg-con01a,0.964489758014679
formal_matrix,arguana,bge_small_en_v15,41,test-international-ssiarcmhb-con01a,0.6309297535714575,0.5,1.0,test-international-ssiarcmhb-con01a,0.9495216608047485
formal_matrix,arguana,bge_small_en_v15,41,test-international-glilpdwhsn-pro03a,0.3333333333333333,0.14285714285714285,1.0,test-international-glilpdwhsn-pro03a,0.9479378461837769
formal_matrix,arguana,bge_small_en_v15,41,test-health-dhgsshbesbc-pro04a,0.5,0.3333333333333333,1.0,test-health-dhgsshbesbc-pro04a,0.9505330324172974
formal_matrix,arguana,bge_small_en_v15,41,test-environment-aeghhgwpe-pro01a,0.6309297535714575,0.5,1.0,test-environment-aeghhgwpe-pro01a,0.9821678400039673
formal_matrix,arguana,bge_small_en_v15,41,test-international-ssiarcmhb-pro05a,0.43067655807339306,0.25,1.0,test-international-ssiarcmhb-pro05a,0.9495116472244263
formal_matrix,arguana,bge_small_en_v15,41,test-politics-oglilpdwhsn-con02a,0.5,0.3333333333333333,1.0,test-international-glilpdwhsn-con02a,0.9748184680938721
formal_matrix,arguana,bge_small_en_v15,41,test-international-apwhbaucmip-pro03a,0.3010299956639812,0.1111111111111111,1.0,test-international-apwhbaucmip-pro03a,0.974856436252594
formal_matrix,arguana,bge_small_en_v15,41,test-politics-lghwdecm-con04a,0.6309297535714575,0.5,1.0,test-politics-lghwdecm-con04a,0.9793182611465454
formal_matrix,arguana,bge_small_en_v15,41,test-international-amehbuaisji-pro03a,0.6309297535714575,0.5,1.0,test-international-amehbuaisji-pro03a,0.9666944742202759
formal_matrix,arguana,bge_small_en_v15,41,test-international-ssiarcmhb-pro01a,0.5,0.3333333333333333,1.0,test-international-ssiarcmhb-pro01a,0.9615859985351562
formal_matrix,arguana,bge_small_en_v15,41,test-politics-oeplhbuwhmi-pro03a,0.3333333333333333,0.14285714285714285,1.0,test-politics-oeplhbuwhmi-pro03a,0.9861257076263428
formal_matrix,arguana,bge_small_en_v15,41,test-culture-cgeeghwmeo-pro02a,0.3333333333333333,0.14285714285714285,1.0,test-culture-cgeeghwmeo-pro02a,0.954837441444397
formal_matrix,arguana,bge_small_en_v15,41,test-health-hpehwadvoee-pro04a,0.6309297535714575,0.5,1.0,test-health-hpehwadvoee-pro04a,0.952881395816803
formal_matrix,arguana,bge_small_en_v15,41,test-society-mmcpsgfhbf-pro02a,0.6309297535714575,0.5,1.0,test-society-mmcpsgfhbf-pro02a,0.9609975814819336
formal_matrix,arguana,bge_small_en_v15,41,test-culture-mmctyshwbcp-con01a,0.6309297535714575,0.5,1.0,test-culture-mmctyshwbcp-con01a,0.970558762550354
formal_matrix,arguana,bge_small_en_v15,41,test-law-tahglcphsld-pro01a,0.0,0.0,1.0,test-law-tahglcphsld-pro01a,0.9741226434707642
formal_matrix,arguana,bge_small_en_v15,41,test-education-ughbuesbf-con02a,0.6309297535714575,0.5,1.0,test-education-ughbuesbf-con02a,0.9593760967254639
formal_matrix,arguana,bge_small_en_v15,41,test-education-udfakusma-pro01a,0.43067655807339306,0.25,1.0,test-education-udfakusma-pro01a,0.970192551612854
formal_matrix,arguana,bge_small_en_v15,41,test-international-epvhwhranet-con04a,0.6309297535714575,0.5,1.0,test-international-epvhwhranet-con04a,0.9621176719665527
formal_matrix,arguana,bge_small_en_v15,41,test-environment-aeghhgwpe-pro04a,0.6309297535714575,0.5,1.0,test-environment-aeghhgwpe-pro04a,0.995173454284668
formal_matrix,arguana,bge_small_en_v15,41,test-international-aegmeppghw-con02a,0.6309297535714575,0.5,1.0,test-international-aegmeppghw-con02a,0.9796027541160583
formal_matrix,arguana,bge_small_en_v15,41,test-society-epsihbdns-pro03a,0.3333333333333333,0.14285714285714285,1.0,test-economy-epsihbdns-pro03a,0.9558574557304382
formal_matrix,arguana,bge_small_en_v15,41,test-science-ciidfaihwc-pro04a,0.6309297535714575,0.5,1.0,test-science-ciidfaihwc-pro04a,0.957058310508728
formal_matrix,arguana,bge_small_en_v15,41,test-politics-ypppdghwid-con01a,0.5,0.3333333333333333,1.0,test-politics-ypppdghwid-con01a,0.975082278251648
formal_matrix,arguana,bge_small_en_v15,41,test-digital-freedoms-piidfaihbg-pro01a,0.6309297535714575,0.5,1.0,test-digital-freedoms-piidfaihbg-pro01a,0.9629981517791748
formal_matrix,arguana,bge_small_en_v15,41,test-economy-thsptr-con01a,0.6309297535714575,0.5,1.0,test-economy-thsptr-con01a,0.9538687467575073
formal_matrix,arguana,bge_small_en_v15,41,test-politics-ypppdghwid-pro04a,0.6309297535714575,0.5,1.0,test-politics-ypppdghwid-pro04a,0.9549291133880615
formal_matrix,arguana,bge_small_en_v15,41,test-culture-tlhrilsfhwr-pro03a,0.0,0.0,1.0,test-culture-tlhrilsfhwr-pro03a,0.9608581066131592
formal_matrix,arguana,bge_small_en_v15,41,test-law-sdfclhrppph-pro01a,0.0,0.0,1.0,test-law-sdfclhrppph-pro01a,0.9768553972244263
formal_matrix,arguana,bge_small_en_v15,41,test-international-apwhbaucmip-con04a,0.3010299956639812,0.1111111111111111,1.0,test-international-apwhbaucmip-con04a,0.9550671577453613
formal_matrix,arguana,bge_small_en_v15,41,test-health-ahiahbgbsp-con01a,0.43067655807339306,0.25,1.0,test-health-ahiahbgbsp-con01a,0.935928463935852
formal_matrix,arguana,bge_small_en_v15,41,test-economy-bepiehbesa-pro02a,0.6309297535714575,0.5,1.0,test-economy-bepiehbesa-pro02a,0.9664057493209839
formal_matrix,arguana,bge_small_en_v15,41,test-international-ipecfiepg-con04a,0.3010299956639812,0.1111111111111111,1.0,test-international-ipecfiepg-con04a,0.9497729539871216
formal_matrix,arguana,bge_small_en_v15,41,test-philosophy-npegiepp-pro04a,0.43067655807339306,0.25,1.0,test-philosophy-npegiepp-pro04a,0.9780389666557312
formal_matrix,arguana,bge_small_en_v15,41,test-education-egscphsrdt-con02a,0.5,0.3333333333333333,1.0,test-education-egscphsrdt-con02a,0.9845155477523804
formal_matrix,arguana,bge_small_en_v15,41,test-politics-mtpghwaacb-con01a,0.38685280723454163,0.2,1.0,test-politics-mtpghwaacb-con01a,0.9720028042793274
formal_matrix,arguana,bge_small_en_v15,41,test-society-tsmihwurpp-con03a,0.0,0.0,1.0,test-society-tsmihwurpp-con03a,0.936173677444458
formal_matrix,arguana,bge_small_en_v15,41,test-economy-thsptr-pro04a,0.6309297535714575,0.5,1.0,test-economy-thsptr-pro04a,0.9644917845726013
formal_matrix,arguana,bge_small_en_v15,41,test-economy-epehwmrbals-con03a,0.0,0.0,1.0,test-economy-epehwmrbals-con03a,0.9672149419784546
formal_matrix,arguana,bge_small_en_v15,41,test-education-pteuhwfphe-pro03a,0.31546487678572877,0.125,1.0,test-education-pteuhwfphe-pro03a,0.9608622193336487
formal_matrix,arguana,bge_small_en_v15,41,test-environment-chbwtlgcc-con02a,0.43067655807339306,0.25,1.0,test-environment-chbwtlgcc-con02a,0.9748942852020264
formal_matrix,arguana,bge_small_en_v15,41,test-digital-freedoms-eifpgdff-pro01a,0.6309297535714575,0.5,1.0,test-digital-freedoms-eifpgdff-pro01a,0.9661960601806641
formal_matrix,arguana,bge_small_en_v15,41,test-international-aghwrem-con02a,0.6309297535714575,0.5,1.0,test-international-aghwrem-con02a,0.9863789081573486
formal_matrix,arguana,bge_small_en_v15,41,test-international-epvhwhranet-con01a,0.5,0.3333333333333333,1.0,test-international-epvhwhranet-con01a,0.9705982208251953
formal_matrix,arguana,bge_small_en_v15,41,test-health-dhghwapgd-pro01a,0.6309297535714575,0.5,1.0,test-health-dhghwapgd-pro01a,0.9782625436782837
formal_matrix,arguana,bge_small_en_v15,41,test-science-ciidfaihwc-pro02a,0.6309297535714575,0.5,1.0,test-science-ciidfaihwc-pro02a,0.9458286762237549
formal_matrix,arguana,bge_small_en_v15,41,test-culture-mthbah-pro04a,0.43067655807339306,0.25,1.0,test-culture-mthbah-pro04a,0.9616199135780334
formal_matrix,arguana,bge_small_en_v15,41,test-religion-wcprrgrhbmi-pro02a,0.31546487678572877,0.125,1.0,test-religion-wcprrgrhbmi-pro02a,0.9476331472396851
formal_matrix,arguana,bge_small_en_v15,41,test-environment-ehwsnwu-con03a,0.5,0.3333333333333333,1.0,test-environment-ehwsnwu-con03a,0.9458576440811157
formal_matrix,arguana,bge_small_en_v15,41,test-law-sdiflhrdffe-con02a,0.6309297535714575,0.5,1.0,test-law-sdiflhrdffe-con02a,0.979773998260498
formal_matrix,arguana,bge_small_en_v15,67,test-economy-bepighbdb-con03a,0.5,0.3333333333333333,1.0,test-economy-bepighbdb-con03a,0.9655776619911194
formal_matrix,arguana,bge_small_en_v15,67,test-economy-fiahwpamu-pro04a,0.6309297535714575,0.5,1.0,test-economy-fiahwpamu-pro04a,0.9845840930938721
formal_matrix,arguana,bge_small_en_v15,67,test-law-ilppppghb-pro01a,0.6309297535714575,0.5,1.0,test-law-ilppppghb-pro01a,0.9565832614898682
formal_matrix,arguana,bge_small_en_v15,67,test-philosophy-eppphwlrtjs-pro04a,0.6309297535714575,0.5,1.0,test-philosophy-eppphwlrtjs-pro04a,0.9710608720779419
formal_matrix,arguana,bge_small_en_v15,67,test-law-lghwpcctcc-con03a,0.43067655807339306,0.25,1.0,test-law-lghwpcctcc-con03a,0.970622181892395
formal_matrix,arguana,bge_small_en_v15,67,test-international-aghwrem-con03a,0.43067655807339306,0.25,1.0,test-international-aghwrem-con03a,0.9679775238037109
formal_matrix,arguana,bge_small_en_v15,67,test-religion-frghbbgi-pro01a,0.6309297535714575,0.5,1.0,test-religion-frghbbgi-pro01a,0.9527144432067871
formal_matrix,arguana,bge_small_en_v15,67,test-law-rmelhrilhbiw-pro01a,0.31546487678572877,0.125,1.0,test-law-rmelhrilhbiw-pro01a,0.9220154285430908
formal_matrix,arguana,bge_small_en_v15,67,test-philosophy-pppgshbsd-pro02a,0.0,0.0,1.0,test-philosophy-pppgshbsd-pro02a,0.9036508798599243
formal_matrix,arguana,bge_small_en_v15,67,test-science-cpisydfphwj-con02a,0.6309297535714575,0.5,1.0,test-science-cpisydfphwj-con02a,0.988517165184021
formal_matrix,arguana,bge_small_en_v15,67,test-international-appghblsba-con03a,0.43067655807339306,0.25,1.0,test-international-appghblsba-con03a,0.9430839419364929
formal_matrix,arguana,bge_small_en_v15,67,test-free-speech-debate-nshbbsbfb-con03a,0.3333333333333333,0.14285714285714285,1.0,test-free-speech-debate-nshbbsbfb-con03a,0.9053382277488708
formal_matrix,arguana,bge_small_en_v15,67,test-society-asfhwapg-con04a,0.0,0.0,0.0,test-society-asfhwapg-con04a,0.9409785270690918
formal_matrix,arguana,bge_small_en_v15,67,test-digital-freedoms-aihwbasmn-pro01a,0.6309297535714575,0.5,1.0,test-digital-freedoms-aihwbasmn-pro01a,0.9591268301010132
formal_matrix,arguana,bge_small_en_v15,67,test-society-simhbrasnba-pro03a,0.3333333333333333,0.14285714285714285,1.0,test-society-simhbrasnba-pro03a,0.9680185317993164
formal_matrix,arguana,bge_small_en_v15,67,test-environment-assgbatj-pro05a,0.0,0.0,1.0,test-environment-assgbatj-pro05a,0.9337208271026611
formal_matrix,arguana,bge_small_en_v15,67,test-international-atiahblit-pro04a,0.0,0.0,1.0,test-international-atiahblit-pro04a,0.9933499693870544
formal_matrix,arguana,bge_small_en_v15,67,test-digital-freedoms-aihbiahr-con03a,0.38685280723454163,0.2,1.0,test-digital-freedoms-aihbiahr-con03a,0.9667260646820068
formal_matrix,arguana,bge_small_en_v15,67,test-education-ughbuesbf-pro03a,0.5,0.3333333333333333,1.0,test-education-ughbuesbf-pro03a,0.9625638723373413
formal_matrix,arguana,bge_small_en_v15,67,test-law-tahglcphsld-pro02a,0.6309297535714575,0.5,1.0,test-law-tahglcphsld-pro02a,0.9728122353553772
formal_matrix,arguana,bge_small_en_v15,67,test-environment-ehwsnwu-con01a,0.3333333333333333,0.14285714285714285,1.0,validation-education-uehwsnwu-con01a,0.9910826683044434
formal_matrix,arguana,bge_small_en_v15,67,test-economy-thsptr-pro02a,0.6309297535714575,0.5,1.0,test-economy-thsptr-pro02a,0.9733543992042542
formal_matrix,arguana,bge_small_en_v15,67,test-sport-tshbmlbscac-pro04a,0.6309297535714575,0.5,1.0,test-sport-tshbmlbscac-pro04a,0.9760963916778564
formal_matrix,arguana,bge_small_en_v15,67,test-economy-epegiahsc-con03a,0.38685280723454163,0.2,1.0,test-economy-epegiahsc-con03a,0.9791965484619141
formal_matrix,arguana,bge_small_en_v15,67,test-philosophy-pppthbtcb-pro02a,0.6309297535714575,0.5,1.0,test-philosophy-pppthbtcb-pro02a,0.9630892276763916
formal_matrix,arguana,bge_small_en_v15,67,test-international-emephsate-con03a,0.6309297535714575,0.5,1.0,test-international-emephsate-con03a,0.9787347316741943
formal_matrix,arguana,bge_small_en_v15,67,test-health-hgwhwbjfs-pro02a,0.5,0.3333333333333333,1.0,test-health-hgwhwbjfs-pro02a,0.9671111702919006
formal_matrix,arguana,bge_small_en_v15,67,test-law-hrilpgwhwr-con02a,0.43067655807339306,0.25,1.0,test-law-hrilpgwhwr-con02a,0.9587720632553101
formal_matrix,arguana,bge_small_en_v15,67,test-politics-ypppgvhwmv-pro05a,0.6309297535714575,0.5,1.0,test-politics-ypppgvhwmv-pro05a,0.980422854423523
formal_matrix,arguana,bge_small_en_v15,67,test-culture-mmciahbans-pro01a,0.6309297535714575,0.5,1.0,test-culture-mmciahbans-pro01a,0.9522897005081177
formal_matrix,arguana,bge_small_en_v15,67,test-law-cppshbcjsfm-con02a,0.6309297535714575,0.5,1.0,test-law-cppshbcjsfm-con02a,0.970725953578949
formal_matrix,arguana,bge_small_en_v15,67,test-society-epiasghbf-pro01a,0.38685280723454163,0.2,1.0,test-economy-epiasghbf-pro01a,0.9652272462844849
formal_matrix,arguana,bge_small_en_v15,67,test-politics-eppghwlrba-pro04a,0.6309297535714575,0.5,1.0,test-politics-eppghwlrba-pro04a,0.9603508114814758
formal_matrix,arguana,bge_small_en_v15,67,test-education-usuprmhbu-pro01a,0.5,0.3333333333333333,1.0,test-education-usuprmhbu-pro01a,0.9686439633369446
formal_matrix,arguana,bge_small_en_v15,67,test-education-ufsdfkhbwu-con03a,0.0,0.0,0.0,test-free-speech-debate-yfsdfkhbwu-con03a,0.9299267530441284
formal_matrix,arguana,bge_small_en_v15,67,test-international-segiahbarr-con04a,0.3562071871080222,0.16666666666666666,1.0,test-international-segiahbarr-con04a,0.9767334461212158
formal_matrix,arguana,bge_small_en_v15,67,test-politics-eppghwgpi-con03a,0.0,0.0,1.0,test-politics-eppghwgpi-con03a,0.9667291641235352
formal_matrix,arguana,bge_small_en_v15,67,test-culture-ascidfakhba-pro04a,0.3333333333333333,0.14285714285714285,1.0,test-culture-ascidfakhba-pro04a,0.9720723628997803
formal_matrix,arguana,bge_small_en_v15,67,test-law-thgglcplgphw-pro01a,0.5,0.3333333333333333,1.0,test-law-thgglcplgphw-pro01a,0.9865851402282715
formal_matrix,arguana,bge_small_en_v15,67,test-health-dhiacihwph-pro02a,0.6309297535714575,0.5,1.0,test-health-dhiacihwph-pro02a,0.9413431882858276
formal_matrix,arguana,bge_small_en_v15,67,test-society-epiasghbf-pro02a,0.38685280723454163,0.2,1.0,test-economy-epiasghbf-pro02a,0.9890375137329102
formal_matrix,arguana,bge_small_en_v15,67,test-society-tlhrilsfhwr-pro04a,0.38685280723454163,0.2,1.0,test-culture-tlhrilsfhwr-pro04a,0.9685938358306885
formal_matrix,arguana,bge_small_en_v15,67,test-sport-aastshsrqsar-con04a,0.43067655807339306,0.25,1.0,test-sport-aastshsrqsar-con04a,0.9742196798324585
formal_matrix,arguana,bge_small_en_v15,67,test-law-cpilhbishioe-pro03a,0.6309297535714575,0.5,1.0,test-law-cpilhbishioe-pro03a,0.9641528725624084
formal_matrix,arguana,bge_small_en_v15,67,test-digital-freedoms-aihwbasmn-pro03a,0.43067655807339306,0.25,1.0,test-digital-freedoms-aihwbasmn-pro03a,0.9634472131729126
formal_matrix,arguana,bge_small_en_v15,67,test-international-iighbopcc-pro03a,0.6309297535714575,0.5,1.0,test-international-iighbopcc-pro03a,0.9703593254089355
formal_matrix,arguana,bge_small_en_v15,67,test-education-usuprmhbu-con03a,0.6309297535714575,0.5,1.0,test-education-usuprmhbu-con03a,0.9590147733688354
formal_matrix,arguana,bge_small_en_v15,67,test-law-sdiflhrdffe-con03a,0.3562071871080222,0.16666666666666666,1.0,test-law-sdiflhrdffe-con03a,0.9770728349685669
formal_matrix,arguana,bge_small_en_v15,67,test-politics-nlpdwhbusbuc-pro03a,0.6309297535714575,0.5,1.0,test-politics-nlpdwhbusbuc-pro03a,0.9836330413818359
formal_matrix,arguana,bge_small_en_v15,67,test-culture-ahrtsdlgra-pro03a,0.5,0.3333333333333333,1.0,test-culture-ahrtsdlgra-pro03a,0.9703928232192993
formal_matrix,arguana,bge_small_en_v15,83,test-politics-cdfsaphgiap-pro04a,0.0,0.0,1.0,test-free-speech-debate-fsaphgiap-pro04a,0.9927008152008057
formal_matrix,arguana,bge_small_en_v15,83,test-philosophy-elkosmj-con01a,0.5,0.3333333333333333,1.0,test-philosophy-elkosmj-con01a,0.9485305547714233
formal_matrix,arguana,bge_small_en_v15,83,test-economy-egiahbwaka-con02a,0.0,0.0,1.0,test-economy-egiahbwaka-con02a,0.9710299372673035
formal_matrix,arguana,bge_small_en_v15,83,test-education-egtuscpih-con02a,0.6309297535714575,0.5,1.0,test-education-egtuscpih-con02a,0.9874032139778137
formal_matrix,arguana,bge_small_en_v15,83,test-international-siacphbnt-pro01a,0.6309297535714575,0.5,1.0,test-international-siacphbnt-pro01a,0.9638710021972656
formal_matrix,arguana,bge_small_en_v15,83,test-digital-freedoms-aihbiahr-con02a,0.0,0.0,1.0,test-digital-freedoms-aihbiahr-con02a,0.9541139006614685
formal_matrix,arguana,bge_small_en_v15,83,test-digital-freedoms-eifdfaihs-con01a,0.0,0.0,0.0,test-digital-freedoms-eifdfaihs-con01a,0.9617788791656494
formal_matrix,arguana,bge_small_en_v15,83,test-society-epiasghbf-con04a,0.0,0.0,1.0,test-economy-epiasghbf-con04a,0.9543588757514954
formal_matrix,arguana,bge_small_en_v15,83,test-free-speech-debate-radhbsshr-pro02a,0.6309297535714575,0.5,1.0,test-free-speech-debate-radhbsshr-pro02a,0.9775041341781616
formal_matrix,arguana,bge_small_en_v15,83,test-free-speech-debate-fchbjaj-pro02a,0.2890648263178879,0.1,1.0,test-free-speech-debate-fchbjaj-pro02a,0.9307151436805725
formal_matrix,arguana,bge_small_en_v15,83,test-environment-assgbatj-con04a,0.5,0.3333333333333333,1.0,test-environment-assgbatj-con04a,0.9487793445587158
formal_matrix,arguana,bge_small_en_v15,83,test-international-emephsate-pro01a,0.3562071871080222,0.16666666666666666,1.0,test-international-emephsate-pro01a,0.9754055142402649
formal_matrix,arguana,bge_small_en_v15,83,test-economy-bhahwbsps-con03a,0.6309297535714575,0.5,1.0,test-economy-bhahwbsps-con03a,0.9667558670043945
formal_matrix,arguana,bge_small_en_v15,83,test-digital-freedoms-eifpgdff-pro03a,0.6309297535714575,0.5,1.0,test-digital-freedoms-eifpgdff-pro03a,0.9740359783172607
formal_matrix,arguana,bge_small_en_v15,83,test-law-lghbacpsba-con01a,0.6309297535714575,0.5,1.0,test-law-lghbacpsba-con01a,0.925470232963562
formal_matrix,arguana,bge_small_en_v15,83,test-education-ufsdfkhbwu-pro02a,0.5,0.3333333333333333,1.0,test-free-speech-debate-yfsdfkhbwu-pro02a,0.9324687123298645
formal_matrix,arguana,bge_small_en_v15,83,test-international-iiahwagit-con04a,0.6309297535714575,0.5,1.0,test-environment-aiahwagit-con04a,0.9599102735519409
formal_matrix,arguana,bge_small_en_v15,83,test-international-ehbfe-pro02a,0.5,0.3333333333333333,1.0,test-international-ehbfe-pro02a,0.9775519371032715
formal_matrix,arguana,bge_small_en_v15,83,test-politics-nlpdwhbusbuc-pro03a,0.6309297535714575,0.5,1.0,test-politics-nlpdwhbusbuc-pro03a,0.9836330413818359
formal_matrix,arguana,bge_small_en_v15,83,test-free-speech-debate-magghbcrg-pro03a,0.3562071871080222,0.16666666666666666,1.0,test-free-speech-debate-magghbcrg-pro03a,0.932570219039917
formal_matrix,arguana,bge_small_en_v15,83,test-philosophy-npegiepp-pro04a,0.43067655807339306,0.25,1.0,test-philosophy-npegiepp-pro04a,0.9780389666557312
formal_matrix,arguana,bge_small_en_v15,83,test-science-dssghsdmd-pro02a,0.38685280723454163,0.2,1.0,test-science-dssghsdmd-pro02a,0.9809116125106812
formal_matrix,arguana,bge_small_en_v15,83,test-health-dhgsshbesbc-pro02a,0.0,0.0,1.0,test-health-dhgsshbesbc-pro02a,0.9463566541671753
formal_matrix,arguana,bge_small_en_v15,83,test-law-tlcplghwfne-con02a,0.5,0.3333333333333333,1.0,test-law-tlcplghwfne-con02a,0.9704165458679199
formal_matrix,arguana,bge_small_en_v15,83,test-environment-aeghhgwpe-pro02a,0.6309297535714575,0.5,1.0,test-environment-aeghhgwpe-pro02a,0.9879498481750488
formal_matrix,arguana,bge_small_en_v15,83,test-digital-freedoms-dfiphbgs-pro03a,0.6309297535714575,0.5,1.0,test-digital-freedoms-dfiphbgs-pro03a,0.9557295441627502
formal_matrix,arguana,bge_small_en_v15,83,test-culture-tlhrilsfhwr-con01a,0.6309297535714575,0.5,1.0,test-culture-tlhrilsfhwr-con01a,0.9684892892837524
formal_matrix,arguana,bge_small_en_v15,83,test-culture-mmctyshwbcp-pro01a,0.5,0.3333333333333333,1.0,test-culture-mmctyshwbcp-pro01a,0.9870306253433228
formal_matrix,arguana,bge_small_en_v15,83,test-philosophy-eppphwlrtjs-pro02a,0.6309297535714575,0.5,1.0,test-philosophy-eppphwlrtjs-pro02a,0.9510884284973145
formal_matrix,arguana,bge_small_en_v15,83,test-international-gsciidffe-pro01a,0.0,0.0,1.0,test-international-gsciidffe-pro01a,0.9792619943618774
formal_matrix,arguana,bge_small_en_v15,83,test-law-cpilhbishioe-con02a,0.43067655807339306,0.25,1.0,test-law-cpilhbishioe-con02a,0.9667160511016846
formal_matrix,arguana,bge_small_en_v15,83,test-politics-oeplhbuwhmi-con02a,0.5,0.3333333333333333,1.0,test-politics-oeplhbuwhmi-con02a,0.9556702971458435
formal_matrix,arguana,bge_small_en_v15,83,test-environment-opecewiahw-pro03a,0.38685280723454163,0.2,1.0,test-environment-opecewiahw-pro03a,0.9557207822799683
formal_matrix,arguana,bge_small_en_v15,83,test-politics-gvhwhnerse-pro03a,0.6309297535714575,0.5,1.0,test-politics-gvhwhnerse-pro03a,0.9487627744674683
formal_matrix,arguana,bge_small_en_v15,83,test-international-epglghbni-pro05a,0.38685280723454163,0.2,1.0,test-international-epglghbni-pro05a,0.9229112267494202
formal_matrix,arguana,bge_small_en_v15,83,test-philosophy-npppmhwup-con03a,0.3333333333333333,0.14285714285714285,1.0,test-philosophy-npppmhwup-con03a,0.9297491312026978
formal_matrix,arguana,bge_small_en_v15,83,test-philosophy-apessghwba-pro03a,0.2890648263178879,0.1,1.0,test-philosophy-apessghwba-pro03a,0.9612249732017517
formal_matrix,arguana,bge_small_en_v15,83,test-religion-frghbbgi-pro01a,0.6309297535714575,0.5,1.0,test-religion-frghbbgi-pro01a,0.9527144432067871
formal_matrix,arguana,bge_small_en_v15,83,test-international-ghbunhf-con02a,0.43067655807339306,0.25,1.0,test-international-ghbunhf-con02a,0.9565225839614868
formal_matrix,arguana,bge_small_en_v15,83,test-law-tahglcphsld-pro04a,0.6309297535714575,0.5,1.0,test-law-tahglcphsld-pro04a,0.9633121490478516
formal_matrix,arguana,bge_small_en_v15,83,test-health-dhgsshbesbc-pro03a,0.6309297535714575,0.5,1.0,test-health-dhgsshbesbc-pro03a,0.9623907804489136
formal_matrix,arguana,bge_small_en_v15,83,test-education-pshhghwpba0-pro04a,0.5,0.3333333333333333,1.0,test-education-pshhghwpba0-pro04a,0.9387850165367126
formal_matrix,arguana,bge_small_en_v15,83,test-law-ilppppghb-con02a,0.3010299956639812,0.1111111111111111,1.0,test-law-ilppppghb-con02a,0.9375712275505066
formal_matrix,arguana,bge_small_en_v15,83,test-science-eassgbatj-con03a,0.3562071871080222,0.16666666666666666,1.0,test-environment-assgbatj-con03a,0.9396846294403076
formal_matrix,arguana,bge_small_en_v15,83,test-politics-dhbanhrnw-con05a,0.6309297535714575,0.5,1.0,test-politics-dhbanhrnw-con05a,0.9636587500572205
formal_matrix,arguana,bge_small_en_v15,83,test-politics-lghwdecm-pro03a,0.6309297535714575,0.5,1.0,test-politics-lghwdecm-pro03a,0.9718055129051208
formal_matrix,arguana,bge_small_en_v15,83,test-environment-opecewiahw-pro02a,0.38685280723454163,0.2,1.0,test-environment-opecewiahw-pro02a,0.9579302668571472
formal_matrix,arguana,bge_small_en_v15,83,test-politics-oepdlhfcefp-pro04a,0.0,0.0,1.0,test-international-epdlhfcefp-pro04a,0.9608203172683716
formal_matrix,arguana,bge_small_en_v15,83,test-education-egtuscpih-con01a,0.6309297535714575,0.5,1.0,test-education-egtuscpih-con01a,0.9911326169967651
formal_matrix,arguana,bge_small_en_v15,83,test-culture-mmciahbans-con04a,0.3562071871080222,0.16666666666666666,1.0,test-culture-mmciahbans-con04a,0.961052656173706
formal_matrix,arguana,bge_small_en_v15,127,test-digital-freedoms-efsappgdfp-con01a,0.31546487678572877,0.125,1.0,test-digital-freedoms-efsappgdfp-con01a,0.9860212802886963
formal_matrix,arguana,bge_small_en_v15,127,test-science-cpisydfphwj-pro03a,0.5,0.3333333333333333,1.0,test-science-cpisydfphwj-pro03a,0.9758234024047852
formal_matrix,arguana,bge_small_en_v15,127,test-politics-oglilpdwhsn-pro03a,0.43067655807339306,0.25,1.0,test-international-glilpdwhsn-pro03a,0.9479378461837769
formal_matrix,arguana,bge_small_en_v15,127,test-politics-oapghwliva-con01a,0.6309297535714575,0.5,1.0,test-politics-oapghwliva-con01a,0.9578413963317871
formal_matrix,arguana,bge_small_en_v15,127,test-economy-epehwmrbals-con01a,0.3562071871080222,0.16666666666666666,1.0,test-economy-epehwmrbals-con01a,0.9687808156013489
formal_matrix,arguana,bge_small_en_v15,127,test-culture-mthbah-con03a,0.6309297535714575,0.5,1.0,test-culture-mthbah-con03a,0.9662327170372009
formal_matrix,arguana,bge_small_en_v15,127,test-culture-thbcsbptwhht-pro04a,0.38685280723454163,0.2,1.0,test-culture-thbcsbptwhht-pro04a,0.9450846910476685
formal_matrix,arguana,bge_small_en_v15,127,test-international-aghwrem-pro02a,0.6309297535714575,0.5,1.0,test-international-aghwrem-pro02a,0.9572052955627441
formal_matrix,arguana,bge_small_en_v15,127,test-free-speech-debate-nshbbsbfb-con01a,0.5,0.3333333333333333,1.0,test-free-speech-debate-nshbbsbfb-con01a,0.9222447872161865
formal_matrix,arguana,bge_small_en_v15,127,test-law-ilppppghb-con03a,0.43067655807339306,0.25,1.0,test-law-ilppppghb-con03a,0.9352341890335083
formal_matrix,arguana,bge_small_en_v15,127,test-health-dhghwapgd-pro04a,0.0,0.0,1.0,test-health-dhghwapgd-pro04a,0.9642090201377869
formal_matrix,arguana,bge_small_en_v15,127,test-international-ehbfe-con01a,0.3010299956639812,0.1111111111111111,1.0,test-international-ehbfe-con01a,0.9794285297393799
formal_matrix,arguana,bge_small_en_v15,127,test-sport-aastshsrqsar-pro02a,0.6309297535714575,0.5,1.0,test-sport-aastshsrqsar-pro02a,0.9580528736114502
formal_matrix,arguana,bge_small_en_v15,127,test-society-tlhrilsfhwr-pro02a,0.43067655807339306,0.25,1.0,test-culture-tlhrilsfhwr-pro02a,0.9352316856384277
formal_matrix,arguana,bge_small_en_v15,127,test-international-epdlhfcefp-con01a,0.0,0.0,1.0,test-international-epdlhfcefp-con01a,0.9623987674713135
formal_matrix,arguana,bge_small_en_v15,127,test-international-ssiarcmhb-con02a,0.31546487678572877,0.125,1.0,test-international-ssiarcmhb-con02a,0.9489115476608276
formal_matrix,arguana,bge_small_en_v15,127,test-digital-freedoms-piidfiphwu-pro01a,0.5,0.3333333333333333,1.0,test-digital-freedoms-piidfiphwu-pro01a,0.9616317749023438
formal_matrix,arguana,bge_small_en_v15,127,test-international-epdlhfcefp-pro03a,0.38685280723454163,0.2,1.0,test-international-epdlhfcefp-pro03a,0.971664547920227
formal_matrix,arguana,bge_small_en_v15,127,test-international-bmaggiahbl-pro03a,0.6309297535714575,0.5,1.0,test-international-bmaggiahbl-pro03a,0.9470313787460327
formal_matrix,arguana,bge_small_en_v15,127,test-politics-glghssi-con01a,0.43067655807339306,0.25,1.0,test-politics-glghssi-con01a,0.9439656734466553
formal_matrix,arguana,bge_small_en_v15,127,test-economy-thsptr-pro05a,0.6309297535714575,0.5,1.0,test-economy-thsptr-pro05a,0.9478654861450195
formal_matrix,arguana,bge_small_en_v15,127,test-international-siacphbnt-con04a,0.38685280723454163,0.2,1.0,test-international-siacphbnt-con04a,0.9563837647438049
formal_matrix,arguana,bge_small_en_v15,127,test-economy-epsihbdns-pro01a,0.6309297535714575,0.5,1.0,test-economy-epsihbdns-pro01a,0.9670453071594238
formal_matrix,arguana,bge_small_en_v15,127,test-economy-egiahbwaka-pro02a,0.6309297535714575,0.5,1.0,test-economy-egiahbwaka-pro02a,0.9679824709892273
formal_matrix,arguana,bge_small_en_v15,127,test-religion-cmrsgfhbr-con01a,0.6309297535714575,0.5,1.0,test-religion-cmrsgfhbr-con01a,0.9712474942207336
formal_matrix,arguana,bge_small_en_v15,127,test-international-segiahbarr-con03a,0.3562071871080222,0.16666666666666666,1.0,test-international-segiahbarr-con03a,0.9821563959121704
formal_matrix,arguana,bge_small_en_v15,127,test-international-gsciidffe-pro01a,0.0,0.0,1.0,test-international-gsciidffe-pro01a,0.9792619943618774
formal_matrix,arguana,bge_small_en_v15,127,test-culture-mmctyshwbcp-pro05a,0.6309297535714575,0.5,1.0,test-culture-mmctyshwbcp-pro05a,0.9864429831504822
formal_matrix,arguana,bge_small_en_v15,127,test-philosophy-npegiepp-con03a,0.6309297535714575,0.5,1.0,test-philosophy-npegiepp-con03a,0.9853850603103638
formal_matrix,arguana,bge_small_en_v15,127,test-environment-assgbatj-pro05a,0.0,0.0,1.0,test-environment-assgbatj-pro05a,0.9337208271026611
formal_matrix,arguana,bge_small_en_v15,127,test-religion-wcprrgrhbmi-con03a,0.0,0.0,1.0,test-religion-wcprrgrhbmi-con03a,0.9432532787322998
formal_matrix,arguana,bge_small_en_v15,127,test-international-segiahbarr-pro04a,0.3333333333333333,0.14285714285714285,1.0,test-international-segiahbarr-pro04a,0.9604880809783936
formal_matrix,arguana,bge_small_en_v15,127,test-international-siacphbnt-con01a,0.0,0.0,1.0,test-international-siacphbnt-con01a,0.9717531800270081
formal_matrix,arguana,bge_small_en_v15,127,test-international-apwhbaucmip-pro02a,0.0,0.0,1.0,test-international-apwhbaucmip-pro02a,0.9763787388801575
formal_matrix,arguana,bge_small_en_v15,127,test-economy-fiahwpamu-pro03a,0.0,0.0,1.0,test-economy-fiahwpamu-pro03a,0.9748494625091553
formal_matrix,arguana,bge_small_en_v15,127,test-politics-cpegiepgh-con02a,0.43067655807339306,0.25,1.0,test-politics-cpegiepgh-con02a,0.9661034345626831
formal_matrix,arguana,bge_small_en_v15,127,test-economy-thsptr-con05a,0.6309297535714575,0.5,1.0,test-economy-thsptr-con05a,0.9414886832237244
formal_matrix,arguana,bge_small_en_v15,127,test-international-aahwstdrtfm-pro02a,0.5,0.3333333333333333,1.0,test-international-aahwstdrtfm-pro02a,0.964519739151001
formal_matrix,arguana,bge_small_en_v15,127,test-science-ciidfaihwc-con01a,0.5,0.3333333333333333,1.0,test-science-ciidfaihwc-con01a,0.9612517356872559
formal_matrix,arguana,bge_small_en_v15,127,test-economy-epegiahsc-pro02a,0.31546487678572877,0.125,1.0,test-economy-epegiahsc-pro02a,0.9854357242584229
formal_matrix,arguana,bge_small_en_v15,127,test-health-ppelfhwbpba-con03a,0.5,0.3333333333333333,1.0,test-health-ppelfhwbpba-con03a,0.9737277626991272
formal_matrix,arguana,bge_small_en_v15,127,test-politics-eppghwlrba-con03a,0.43067655807339306,0.25,1.0,test-politics-eppghwlrba-con03a,0.9259039759635925
formal_matrix,arguana,bge_small_en_v15,127,test-digital-freedoms-piidfaihbg-pro02a,0.5,0.3333333333333333,1.0,test-digital-freedoms-piidfaihbg-pro02a,0.9826850891113281
formal_matrix,arguana,bge_small_en_v15,127,test-international-aegmeppghw-pro04a,0.6309297535714575,0.5,1.0,test-international-aegmeppghw-pro04a,0.9460006356239319
formal_matrix,arguana,bge_small_en_v15,127,test-free-speech-debate-nshbbsbfb-pro01a,0.6309297535714575,0.5,1.0,test-free-speech-debate-nshbbsbfb-pro01a,0.9075328707695007
formal_matrix,arguana,bge_small_en_v15,127,test-law-rmelhrilhbiw-pro01a,0.31546487678572877,0.125,1.0,test-law-rmelhrilhbiw-pro01a,0.9220154285430908
formal_matrix,arguana,bge_small_en_v15,127,test-international-apwhbaucmip-pro01a,0.5,0.3333333333333333,1.0,test-international-apwhbaucmip-pro01a,0.958604633808136
formal_matrix,arguana,bge_small_en_v15,127,test-law-rmelhrilhbiw-pro02a,0.6309297535714575,0.5,1.0,test-law-rmelhrilhbiw-pro02a,0.9625836610794067
formal_matrix,arguana,bge_small_en_v15,127,test-free-speech-debate-ldhwprhs-con02a,0.0,0.0,1.0,test-free-speech-debate-ldhwprhs-con02a,0.9329136610031128
formal_matrix,arguana,bge_small_en_v15,127,test-society-mmcpsgfhbf-pro01a,0.0,0.0,1.0,test-society-mmcpsgfhbf-pro01a,0.9875447750091553
formal_matrix,fiqa,bm25,23,4846,0.0,0.0,0.0,3533,20.131127312020872
formal_matrix,fiqa,bm25,23,1920,0.0,0.0,0.0,500357,20.32991513644172
formal_matrix,fiqa,bm25,23,10526,0.23719771276929622,0.2,0.5,546493,29.61471996358171
formal_matrix,fiqa,bm25,23,928,0.19342640361727081,0.125,1.0,465905,29.15559864319724
formal_matrix,fiqa,bm25,23,5064,0.3065735963827292,0.3333333333333333,1.0,586289,16.153400628189804
formal_matrix,fiqa,bm25,23,6715,0.20438239758848611,0.14285714285714285,1.0,356129,22.76354991970124
formal_matrix,fiqa,bm25,23,6002,0.5548010254700116,1.0,1.0,390642,34.7070393509403
formal_matrix,fiqa,bm25,23,8079,0.2960819109658652,0.5,0.6666666666666666,350607,22.181184974684104
formal_matrix,fiqa,bm25,23,5653,1.0,1.0,1.0,588247,22.977001880186755
formal_matrix,fiqa,bm25,23,2579,0.09109240322345806,0.1111111111111111,0.3333333333333333,552290,24.369016985063926
formal_matrix,fiqa,bm25,23,3503,0.27487633291429087,1.0,0.5714285714285714,360621,23.482103003407644
formal_matrix,fiqa,bm25,23,4571,0.46927872602275644,1.0,1.0,213824,46.10699349260209
formal_matrix,fiqa,bm25,23,6901,0.3065735963827292,0.3333333333333333,0.5,344065,19.956780888616404
formal_matrix,fiqa,bm25,23,10462,0.0,0.0,0.16666666666666666,458795,23.06236024319443
formal_matrix,fiqa,bm25,23,3909,0.06625422345438903,0.1111111111111111,0.5,572387,14.019690277291033
formal_matrix,fiqa,bm25,23,9735,0.0,0.0,0.0,42738,13.690488595464593
formal_matrix,fiqa,bm25,23,7071,0.0,0.0,0.5,127702,25.235178194053947
formal_matrix,fiqa,bm25,23,10645,0.3065735963827292,0.3333333333333333,0.5,28425,18.882054302601865
formal_matrix,fiqa,bm25,23,2348,0.42257499837058643,1.0,0.4666666666666667,447619,23.537169608605144
formal_matrix,fiqa,bm25,23,1948,0.0,0.0,0.0,90507,18.744731862984636
formal_matrix,fiqa,bm25,23,7594,0.0,0.0,0.0,349611,20.964064322747905
formal_matrix,fiqa,bm25,23,6683,0.0,0.0,0.0,301985,17.671668052401962
formal_matrix,fiqa,bm25,23,10596,0.843537875344446,1.0,1.0,164008,40.6115193375388
formal_matrix,fiqa,bm25,23,7803,0.0,0.0,0.5,371621,21.913207940211073
formal_matrix,fiqa,bm25,23,988,0.0,0.0,0.0,168402,15.020565729665302
formal_matrix,fiqa,bm25,23,6807,1.0,1.0,1.0,332567,23.321679483648957
formal_matrix,fiqa,bm25,23,5683,0.8503449055347546,1.0,1.0,448690,72.04631389412305
formal_matrix,fiqa,bm25,23,1321,0.0,0.0,0.0,229640,32.63975479268239
formal_matrix,fiqa,bm25,23,3724,0.0,0.0,0.2,480036,25.72477286122272
formal_matrix,fiqa,bm25,23,1085,0.0,0.0,0.0,242013,19.907879739007697
formal_matrix,fiqa,bm25,23,9188,0.6131471927654584,1.0,0.5,580802,47.6466396134601
formal_matrix,fiqa,bm25,23,5862,0.0,0.0,0.25,122908,23.11067610607566
formal_matrix,fiqa,bm25,23,3148,0.5531464700081437,1.0,0.4,584305,22.707683275409625
formal_matrix,fiqa,bm25,23,3830,0.0,0.0,1.0,13496,24.935357576325266
formal_matrix,fiqa,bm25,23,5763,0.0,0.0,0.0,67379,21.50185585199373
formal_matrix,fiqa,bm25,23,8795,1.0,1.0,1.0,57297,32.509381804432834
formal_matrix,fiqa,bm25,23,89,0.26836379988737025,0.3333333333333333,0.3333333333333333,135196,27.931825592319775
formal_matrix,fiqa,bm25,23,4785,0.0,0.0,1.0,136613,31.616994926318096
formal_matrix,fiqa,bm25,23,5125,1.0,1.0,1.0,318728,17.511017747046353
formal_matrix,fiqa,bm25,23,8934,0.2640681225725909,0.25,1.0,374330,17.892185789652395
formal_matrix,fiqa,bm25,23,7311,0.0,0.0,0.0,125355,21.16570396870079
formal_matrix,fiqa,bm25,23,3189,0.0,0.0,0.5,568322,24.58128575332982
formal_matrix,fiqa,bm25,23,7445,0.0,0.0,0.0,507846,17.111484591523187
formal_matrix,fiqa,bm25,23,9245,0.0,0.0,0.0,207253,25.292444432867025
formal_matrix,fiqa,bm25,23,691,1.0,1.0,1.0,395912,18.541122263174987
formal_matrix,fiqa,bm25,23,3039,0.3010299956639812,0.1111111111111111,1.0,252843,29.673193546953797
formal_matrix,fiqa,bm25,23,3394,0.0,0.0,0.0,224765,22.971553889632464
formal_matrix,fiqa,bm25,23,3254,0.46927872602275644,1.0,0.6666666666666666,443511,23.96301303405614
formal_matrix,fiqa,bm25,23,8121,0.0,0.0,0.0,260085,21.764063970346882
formal_matrix,fiqa,bm25,23,5228,0.0,0.0,0.0,117661,32.49821241501457
formal_matrix,fiqa,bm25,41,6005,0.42520843362602373,1.0,0.46153846153846156,149500,27.665975128367876
formal_matrix,fiqa,bm25,41,5343,0.0,0.0,0.0,70185,17.37980325642353
formal_matrix,fiqa,bm25,41,4071,0.0,0.0,0.0,30305,26.53038230891145
formal_matrix,fiqa,bm25,41,3067,0.0,0.0,0.0,11791,24.662496067637314
formal_matrix,fiqa,bm25,41,6041,0.6366824387328317,1.0,0.75,425020,28.677213640788874
formal_matrix,fiqa,bm25,41,8970,0.2640681225725909,0.25,1.0,595298,20.776324328487696
formal_matrix,fiqa,bm25,41,4813,0.0,0.0,1.0,123358,25.73480275911362
formal_matrix,fiqa,bm25,41,8537,0.0,0.0,1.0,596567,11.159621788515661
formal_matrix,fiqa,bm25,41,475,0.5,0.3333333333333333,1.0,71338,31.330678093693113
formal_matrix,fiqa,bm25,41,603,0.0,0.0,0.0,310056,23.75856087457486
formal_matrix,fiqa,bm25,41,8959,0.0,0.0,1.0,52221,20.61049203757643
formal_matrix,fiqa,bm25,41,10246,0.0,0.0,0.0,179520,17.504240103739185
formal_matrix,fiqa,bm25,41,4335,0.6366824387328317,1.0,0.5,318583,15.194395820872987
formal_matrix,fiqa,bm25,41,10547,0.0,0.0,1.0,503981,23.206466251245306
formal_matrix,fiqa,bm25,41,687,0.0,0.0,0.0,273308,25.108722005888655
formal_matrix,fiqa,bm25,41,2903,0.0,0.0,0.0,305791,19.231536798225964
formal_matrix,fiqa,bm25,41,2857,0.0,0.0,0.0,251843,17.769609689700673
formal_matrix,fiqa,bm25,41,5172,0.0,0.0,0.5,210673,26.731948425844184
formal_matrix,fiqa,bm25,41,3085,0.0,0.0,0.0,341493,47.145828219876975
formal_matrix,fiqa,bm25,41,4447,1.0,1.0,1.0,286226,28.079941018660072
formal_matrix,fiqa,bm25,41,9735,0.0,0.0,0.0,42738,13.690488595464593
formal_matrix,fiqa,bm25,41,9088,0.0,0.0,0.0,390089,13.86309239880787
formal_matrix,fiqa,bm25,41,1391,0.0,0.0,0.0,267067,25.729349528461142
formal_matrix,fiqa,bm25,41,2445,1.0,1.0,1.0,431685,36.4737305391526
formal_matrix,fiqa,bm25,41,9164,0.0,0.0,0.3333333333333333,309326,21.363805354981935
formal_matrix,fiqa,bm25,41,10812,0.5205067333228022,1.0,1.0,342756,19.38749496295306
formal_matrix,fiqa,bm25,41,6814,0.0,0.0,0.0,198583,13.751669011729692
formal_matrix,fiqa,bm25,41,4785,0.0,0.0,1.0,136613,31.616994926318096
formal_matrix,fiqa,bm25,41,3830,0.0,0.0,1.0,13496,24.935357576325266
formal_matrix,fiqa,bm25,41,18,0.0,0.0,1.0,377152,21.95752056478896
formal_matrix,fiqa,bm25,41,570,0.0,0.0,0.0,79375,22.927813522758278
formal_matrix,fiqa,bm25,41,7326,0.0,0.0,0.0,35340,23.89112260473119
formal_matrix,fiqa,bm25,41,2513,0.0,0.0,1.0,530570,22.424301371285555
formal_matrix,fiqa,bm25,41,8544,0.23719771276929622,0.2,0.5,171819,22.58197263713743
formal_matrix,fiqa,bm25,41,2486,1.0,1.0,1.0,487791,21.482289272877765
formal_matrix,fiqa,bm25,41,2264,0.38685280723454163,0.5,0.5,286321,22.181099231426494
formal_matrix,fiqa,bm25,41,2737,0.38685280723454163,0.2,1.0,228289,16.88707816006078
formal_matrix,fiqa,bm25,41,3254,0.46927872602275644,1.0,0.6666666666666666,443511,23.96301303405614
formal_matrix,fiqa,bm25,41,1297,0.43067655807339306,0.25,1.0,433993,28.643562091613468
formal_matrix,fiqa,bm25,41,4539,0.0,0.0,0.0,42475,29.96481622309038
formal_matrix,fiqa,bm25,41,5155,1.0,1.0,1.0,462892,30.453154833418374
formal_matrix,fiqa,bm25,41,4007,0.6105456988825855,1.0,0.6666666666666666,556220,27.829919316521398
formal_matrix,fiqa,bm25,41,9733,0.0,0.0,0.3333333333333333,121262,17.160514575703168
formal_matrix,fiqa,bm25,41,10674,0.0,0.0,0.0,72860,14.728273320421753
formal_matrix,fiqa,bm25,41,9548,0.0,0.0,1.0,211525,29.58186368477376
formal_matrix,fiqa,bm25,41,3394,0.0,0.0,0.0,224765,22.971553889632464
formal_matrix,fiqa,bm25,41,684,0.0,0.0,0.0,68636,24.749536623372325
formal_matrix,fiqa,bm25,41,1321,0.0,0.0,0.0,229640,32.63975479268239
formal_matrix,fiqa,bm25,41,503,0.0,0.0,0.0,166921,14.050017802343358
formal_matrix,fiqa,bm25,41,6262,0.15642624200758548,0.14285714285714285,0.3333333333333333,118707,17.16313389440554
formal_matrix,fiqa,bm25,67,1815,0.5,0.3333333333333333,1.0,308255,20.935873622988325
formal_matrix,fiqa,bm25,67,2407,0.3903800499921017,1.0,0.5,2064,22.006226956567858
formal_matrix,fiqa,bm25,67,6525,0.5307212739772434,0.5,0.6666666666666666,550661,32.588532437587446
formal_matrix,fiqa,bm25,67,7206,0.0,0.0,0.0,436530,18.161838323891136
formal_matrix,fiqa,bm25,67,6629,0.0,0.0,0.0,412404,16.359112286262203
formal_matrix,fiqa,bm25,67,4571,0.46927872602275644,1.0,1.0,213824,46.10699349260209
formal_matrix,fiqa,bm25,67,932,0.8065735963827293,1.0,1.0,387010,35.73833483423365
formal_matrix,fiqa,bm25,67,6800,0.0,0.0,0.0,386278,27.227055972642745
formal_matrix,fiqa,bm25,67,7484,0.5,0.3333333333333333,1.0,76285,37.67175176364386
formal_matrix,fiqa,bm25,67,9737,1.0,1.0,1.0,99131,18.52111370758137
formal_matrix,fiqa,bm25,67,4756,0.0,0.0,0.0,40414,18.56329303004534
formal_matrix,fiqa,bm25,67,3683,0.13032376591037062,0.25,0.5,428848,24.148705376741404
formal_matrix,fiqa,bm25,67,10932,0.6309297535714575,0.5,1.0,21311,21.86261134211004
formal_matrix,fiqa,bm25,67,3189,0.0,0.0,0.5,568322,24.58128575332982
formal_matrix,fiqa,bm25,67,4844,0.5714285040141098,0.5,1.0,394702,37.780160555273085
formal_matrix,fiqa,bm25,67,10845,1.0,1.0,1.0,191588,27.16420744823928
formal_matrix,fiqa,bm25,67,2968,0.5912352048230277,0.5,1.0,187196,23.239990832342222
formal_matrix,fiqa,bm25,67,6875,0.43067655807339306,0.25,1.0,567500,20.16536697497642
formal_matrix,fiqa,bm25,67,3369,0.0,0.0,0.3333333333333333,422979,37.69222658821199
formal_matrix,fiqa,bm25,67,2472,0.0,0.0,0.0,422484,25.196056726936543
formal_matrix,fiqa,bm25,67,2154,0.5,0.3333333333333333,1.0,364613,17.354740804400855
formal_matrix,fiqa,bm25,67,7512,0.0,0.0,0.0,238903,17.158407622920812
formal_matrix,fiqa,bm25,67,5067,0.5,0.3333333333333333,1.0,237760,24.41071876210618
formal_matrix,fiqa,bm25,67,4265,0.19092086617893467,0.5,0.5,315964,22.516009265960207
formal_matrix,fiqa,bm25,67,6278,0.6052602440527057,0.5,1.0,559523,30.032843343808437
formal_matrix,fiqa,bm25,67,9275,0.0,0.0,0.0,537916,37.70278055307541
formal_matrix,fiqa,bm25,67,10447,0.1480409554829326,0.125,0.3333333333333333,447482,42.36924786305951
formal_matrix,fiqa,bm25,67,6221,0.0,0.0,0.125,399863,37.738982855959875
formal_matrix,fiqa,bm25,67,8034,0.0,0.0,0.0,452736,17.714282971023415
formal_matrix,fiqa,bm25,67,3008,0.0,0.0,0.25,2064,20.81810268068836
formal_matrix,fiqa,bm25,67,2891,0.3562071871080222,0.16666666666666666,1.0,59303,21.422157213798204
formal_matrix,fiqa,bm25,67,5888,0.6131471927654584,1.0,0.5,336792,26.627141886362995
formal_matrix,fiqa,bm25,67,7928,0.0,0.0,0.25,67415,25.780324546920735
formal_matrix,fiqa,bm25,67,10152,0.5,0.3333333333333333,1.0,549181,40.27545965595032
formal_matrix,fiqa,bm25,67,6896,0.0,0.0,0.0,169240,22.64997817619429
formal_matrix,fiqa,bm25,67,4102,0.0,0.0,0.25,88801,23.152452792212646
formal_matrix,fiqa,bm25,67,6122,0.46927872602275644,1.0,0.3333333333333333,496166,28.27801972993149
formal_matrix,fiqa,bm25,67,10975,0.0,0.0,0.0,163865,49.96722321938336
formal_matrix,fiqa,bm25,67,5653,1.0,1.0,1.0,588247,22.977001880186755
formal_matrix,fiqa,bm25,67,3006,0.0,0.0,0.3333333333333333,34929,19.30588183742895
formal_matrix,fiqa,bm25,67,684,0.0,0.0,0.0,68636,24.749536623372325
formal_matrix,fiqa,bm25,67,864,0.3551755135728451,0.25,0.6666666666666666,203446,32.12798430813068
formal_matrix,fiqa,bm25,67,10109,0.3932591258696538,1.0,0.2857142857142857,28314,24.54473732593133
formal_matrix,fiqa,bm25,67,9296,0.0,0.0,0.5,148721,25.13368636046452
formal_matrix,fiqa,bm25,67,6890,0.0,0.0,0.0,109246,18.518262999634487
formal_matrix,fiqa,bm25,67,5534,0.0,0.0,0.0,129676,13.615468838424155
formal_matrix,fiqa,bm25,67,4116,0.6131471927654584,1.0,0.5,109149,21.24737107050851
formal_matrix,fiqa,bm25,67,10674,0.0,0.0,0.0,72860,14.728273320421753
formal_matrix,fiqa,bm25,67,2598,0.0,0.0,0.5,358524,31.193407658721476
formal_matrix,fiqa,bm25,67,945,0.0,0.0,0.0,26182,21.965339832784036
formal_matrix,fiqa,bm25,83,7590,0.3065735963827292,0.3333333333333333,1.0,427629,27.203758930197125
formal_matrix,fiqa,bm25,83,7109,0.6049306994552042,1.0,0.6666666666666666,565501,20.286505387678332
formal_matrix,fiqa,bm25,83,2051,0.0,0.0,0.0,112223,24.46343517611205
formal_matrix,fiqa,bm25,83,2551,0.0,0.0,0.0,498728,16.62777047822345
formal_matrix,fiqa,bm25,83,5993,0.21222636597291458,0.5,0.3333333333333333,416796,31.53394122360276
formal_matrix,fiqa,bm25,83,10845,1.0,1.0,1.0,191588,27.16420744823928
formal_matrix,fiqa,bm25,83,1198,0.6309297535714575,0.5,1.0,89611,26.813918489196624
formal_matrix,fiqa,bm25,83,3791,0.46927872602275644,1.0,1.0,212222,39.698569202697946
formal_matrix,fiqa,bm25,83,3480,0.7757386182436072,1.0,0.75,221015,23.91686519238863
formal_matrix,fiqa,bm25,83,3177,0.14126697285982898,0.1111111111111111,0.6666666666666666,138383,30.21367429205757
formal_matrix,fiqa,bm25,83,5080,0.0,0.0,0.0,62079,33.23413533947985
formal_matrix,fiqa,bm25,83,1915,0.23719771276929622,0.2,0.5,463595,22.889099148492114
formal_matrix,fiqa,bm25,83,1306,0.0,0.0,0.25,327729,20.912213925081417
formal_matrix,fiqa,bm25,83,6562,0.0,0.0,0.5,282744,29.454818898367346
formal_matrix,fiqa,bm25,83,2895,0.0,0.0,0.5,457199,15.743622357370509
formal_matrix,fiqa,bm25,83,5592,1.0,1.0,1.0,355241,24.243485142595432
formal_matrix,fiqa,bm25,83,503,0.0,0.0,0.0,166921,14.050017802343358
formal_matrix,fiqa,bm25,83,864,0.3551755135728451,0.25,0.6666666666666666,203446,32.12798430813068
formal_matrix,fiqa,bm25,83,3682,0.0,0.0,0.0,75686,15.81127380669053
formal_matrix,fiqa,bm25,83,7326,0.0,0.0,0.0,35340,23.89112260473119
formal_matrix,fiqa,bm25,83,9871,0.3903800499921017,1.0,0.25,76562,16.989672633424394
formal_matrix,fiqa,bm25,83,4047,0.9447176050778178,1.0,1.0,417840,23.673906913153147
formal_matrix,fiqa,bm25,83,6907,0.0,0.0,1.0,546548,15.430213242354258
formal_matrix,fiqa,bm25,83,3067,0.0,0.0,0.0,11791,24.662496067637314
formal_matrix,fiqa,bm25,83,11054,1.0,1.0,1.0,155053,39.967842019041505
formal_matrix,fiqa,bm25,83,10808,0.0,0.0,0.3333333333333333,387722,23.711243179651333
formal_matrix,fiqa,bm25,83,10596,0.843537875344446,1.0,1.0,164008,40.6115193375388
formal_matrix,fiqa,bm25,83,7205,0.43067655807339306,0.25,1.0,431946,16.544951218111237
formal_matrix,fiqa,bm25,83,5534,0.0,0.0,0.0,129676,13.615468838424155
formal_matrix,fiqa,bm25,83,6080,0.6131471927654584,1.0,0.5,22856,39.46307053908952
formal_matrix,fiqa,bm25,83,8937,0.0,0.0,0.0,453582,18.56624343268888
formal_matrix,fiqa,bm25,83,3446,0.252016380211836,0.2,0.8,253202,27.70809116245364
formal_matrix,fiqa,bm25,83,852,0.86034433104172,1.0,1.0,431735,26.44690440468974
formal_matrix,fiqa,bm25,83,5150,0.0,0.0,1.0,493638,32.206532640025216
formal_matrix,fiqa,bm25,83,7344,0.6131471927654584,1.0,0.5,14368,24.704017650085355
formal_matrix,fiqa,bm25,83,7071,0.0,0.0,0.5,127702,25.235178194053947
formal_matrix,fiqa,bm25,83,932,0.8065735963827293,1.0,1.0,387010,35.73833483423365
formal_matrix,fiqa,bm25,83,5196,0.1480409554829326,0.125,0.3333333333333333,85517,25.147916346867007
formal_matrix,fiqa,bm25,83,689,0.0,0.0,0.0,446932,33.718231561324565
formal_matrix,fiqa,bm25,83,2598,0.0,0.0,0.5,358524,31.193407658721476
formal_matrix,fiqa,bm25,83,6479,0.8175295903539445,1.0,1.0,404339,28.462210031830985
formal_matrix,fiqa,bm25,83,9882,0.0,0.0,0.0,391876,25.020813142602247
formal_matrix,fiqa,bm25,83,776,0.22009176629808017,1.0,0.4166666666666667,124027,43.39848306646923
formal_matrix,fiqa,bm25,83,8539,0.0,0.0,0.0,469599,23.73173872142423
formal_matrix,fiqa,bm25,83,885,0.0,0.0,0.0,143596,20.029771755550893
formal_matrix,fiqa,bm25,83,2549,0.0,0.0,0.0,401939,34.036830522825134
formal_matrix,fiqa,bm25,83,10414,0.8315546295836225,1.0,1.0,303325,20.61294584866574
formal_matrix,fiqa,bm25,83,5862,0.0,0.0,0.25,122908,23.11067610607566
formal_matrix,fiqa,bm25,83,6890,0.0,0.0,0.0,109246,18.518262999634487
formal_matrix,fiqa,bm25,83,6909,0.0,0.0,0.0,310837,21.078007214555782
formal_matrix,fiqa,bm25,127,11054,1.0,1.0,1.0,155053,39.967842019041505
formal_matrix,fiqa,bm25,127,98,0.0,0.0,0.0,352363,24.26315078591133
formal_matrix,fiqa,bm25,127,90,0.0,0.0,0.0,154931,20.84868068257154
formal_matrix,fiqa,bm25,127,8789,0.7653606369886217,1.0,0.6666666666666666,87349,35.967325189556725
formal_matrix,fiqa,bm25,127,2204,0.5390031312763821,1.0,0.5,424523,22.49250271127159
formal_matrix,fiqa,bm25,127,10639,0.14606834984270645,0.25,0.2,289326,16.50386718294383
formal_matrix,fiqa,bm25,127,10792,0.18457569677956817,0.1111111111111111,1.0,479874,34.05812352327422
formal_matrix,fiqa,bm25,127,4600,0.0,0.0,1.0,392885,27.027810395121364
formal_matrix,fiqa,bm25,127,3682,0.0,0.0,0.0,75686,15.81127380669053
formal_matrix,fiqa,bm25,127,6479,0.8175295903539445,1.0,1.0,404339,28.462210031830985
formal_matrix,fiqa,bm25,127,4019,0.3391602052736161,1.0,0.4,287991,22.335450290996288
formal_matrix,fiqa,bm25,127,4999,0.3903800499921017,1.0,0.5,9938,18.478400045862145
formal_matrix,fiqa,bm25,127,5083,0.0,0.0,0.5,369075,19.732753746276767
formal_matrix,fiqa,bm25,127,6005,0.42520843362602373,1.0,0.46153846153846156,149500,27.665975128367876
formal_matrix,fiqa,bm25,127,1416,0.0,0.0,0.0,430728,23.20417433371185
formal_matrix,fiqa,bm25,127,5090,0.0,0.0,0.5,287507,20.325137641131775
formal_matrix,fiqa,bm25,127,4942,0.0,0.0,0.0,53993,21.909640665545112
formal_matrix,fiqa,bm25,127,8121,0.0,0.0,0.0,260085,21.764063970346882
formal_matrix,fiqa,bm25,127,2498,0.0,0.0,1.0,439109,21.81834600759583
formal_matrix,fiqa,bm25,127,5993,0.21222636597291458,0.5,0.3333333333333333,416796,31.53394122360276
formal_matrix,fiqa,bm25,127,2383,0.6131471927654584,1.0,0.5,17215,25.07079907332092
formal_matrix,fiqa,bm25,127,2075,0.0,0.0,0.1111111111111111,464810,24.13399860795421
formal_matrix,fiqa,bm25,127,928,0.19342640361727081,0.125,1.0,465905,29.15559864319724
formal_matrix,fiqa,bm25,127,5888,0.6131471927654584,1.0,0.5,336792,26.627141886362995
formal_matrix,fiqa,bm25,127,5534,0.0,0.0,0.0,129676,13.615468838424155
formal_matrix,fiqa,bm25,127,10601,1.0,1.0,1.0,568064,17.226057830513916
formal_matrix,fiqa,bm25,127,7295,0.0,0.0,0.0,352484,22.722876871515655
formal_matrix,fiqa,bm25,127,3189,0.0,0.0,0.5,568322,24.58128575332982
formal_matrix,fiqa,bm25,127,9487,0.0,0.0,0.0,320472,30.951942068750697
formal_matrix,fiqa,bm25,127,5906,0.0,0.0,1.0,395376,45.59788668003082
formal_matrix,fiqa,bm25,127,5970,0.0,0.0,1.0,294150,17.470399076298484
formal_matrix,fiqa,bm25,127,4804,0.0,0.0,0.0,137984,19.404723516261715
formal_matrix,fiqa,bm25,127,2407,0.3903800499921017,1.0,0.5,2064,22.006226956567858
formal_matrix,fiqa,bm25,127,7705,0.23463936301137822,0.3333333333333333,0.6666666666666666,580802,31.759769545671006
formal_matrix,fiqa,bm25,127,2465,0.0,0.0,0.0,275543,22.435133311591386
formal_matrix,fiqa,bm25,127,4415,0.0,0.0,0.25,90522,11.747899131408335
formal_matrix,fiqa,bm25,127,9668,0.6508205185601091,1.0,0.6666666666666666,111768,25.69971881734693
formal_matrix,fiqa,bm25,127,2183,0.19092086617893467,0.5,0.5,209493,22.99947719746231
formal_matrix,fiqa,bm25,127,4394,0.0,0.0,0.0,322838,19.10180834007169
formal_matrix,fiqa,bm25,127,8005,0.0,0.0,0.0,494236,29.92826092924735
formal_matrix,fiqa,bm25,127,1393,0.09109240322345806,0.1111111111111111,0.5,234436,23.958393469158786
formal_matrix,fiqa,bm25,127,4499,0.1480409554829326,0.125,0.6666666666666666,68773,24.25223374761618
formal_matrix,fiqa,bm25,127,3694,0.6131471927654584,1.0,0.5,204747,22.216298540981356
formal_matrix,fiqa,bm25,127,6800,0.0,0.0,0.0,386278,27.227055972642745
formal_matrix,fiqa,bm25,127,6803,0.2685357229842324,0.2,0.75,35006,29.45042658688945
formal_matrix,fiqa,bm25,127,3569,0.0,0.0,1.0,19853,20.814557717131958
formal_matrix,fiqa,bm25,127,10827,0.0,0.0,0.0,538238,29.165263524818442
formal_matrix,fiqa,bm25,127,4409,0.0,0.0,0.1,5152,25.220927004942464
formal_matrix,fiqa,bm25,127,2994,0.15642624200758548,0.14285714285714285,0.3333333333333333,403563,17.72227986552986
formal_matrix,fiqa,bm25,127,89,0.26836379988737025,0.3333333333333333,0.3333333333333333,135196,27.931825592319775
formal_matrix,fiqa,all_minilm_l6,23,4846,0.0,0.0,0.5,526326,0.4842652678489685
formal_matrix,fiqa,all_minilm_l6,23,1920,0.38685280723454163,0.2,1.0,524992,0.6540042161941528
formal_matrix,fiqa,all_minilm_l6,23,10526,0.21840743681816419,0.16666666666666666,0.5,546493,0.6385554671287537
formal_matrix,fiqa,all_minilm_l6,23,928,0.6131471927654584,1.0,1.0,349866,0.5993475317955017
formal_matrix,fiqa,all_minilm_l6,23,5064,0.6131471927654584,1.0,0.5,2003,0.6651904582977295
formal_matrix,fiqa,all_minilm_l6,23,6715,0.23719771276929622,0.2,1.0,476829,0.6310797929763794
formal_matrix,fiqa,all_minilm_l6,23,6002,0.793584067764911,1.0,1.0,404605,0.8200929164886475
formal_matrix,fiqa,all_minilm_l6,23,8079,0.7039180890341347,1.0,1.0,108040,0.6042850017547607
formal_matrix,fiqa,all_minilm_l6,23,5653,1.0,1.0,1.0,588247,0.6705018877983093
formal_matrix,fiqa,all_minilm_l6,23,2579,0.19092086617893467,0.5,0.8333333333333334,364159,0.607539713382721
formal_matrix,fiqa,all_minilm_l6,23,3503,0.6272107417357413,0.5,0.8571428571428571,26339,0.6984999179840088
formal_matrix,fiqa,all_minilm_l6,23,4571,0.7653606369886217,1.0,1.0,213824,0.7029389142990112
formal_matrix,fiqa,all_minilm_l6,23,6901,0.18457569677956817,0.1111111111111111,1.0,221881,0.6135138273239136
formal_matrix,fiqa,all_minilm_l6,23,10462,0.0,0.0,0.0,66376,0.6013106107711792
formal_matrix,fiqa,all_minilm_l6,23,3909,0.33013764944712026,1.0,0.4,514003,0.5898275971412659
formal_matrix,fiqa,all_minilm_l6,23,9735,0.0,0.0,1.0,375992,0.7052620649337769
formal_matrix,fiqa,all_minilm_l6,23,7071,0.0,0.0,0.5,434812,0.7511930465698242
formal_matrix,fiqa,all_minilm_l6,23,10645,0.41183384043543503,0.16666666666666666,1.0,36284,0.6517983675003052
formal_matrix,fiqa,all_minilm_l6,23,2348,0.22009176629808017,1.0,0.4666666666666667,447619,0.5941165685653687
formal_matrix,fiqa,all_minilm_l6,23,1948,1.0,1.0,1.0,467509,0.5790404677391052
formal_matrix,fiqa,all_minilm_l6,23,7594,0.0,0.0,1.0,50912,0.5778191685676575
formal_matrix,fiqa,all_minilm_l6,23,6683,0.0,0.0,0.5,480748,0.5754544734954834
formal_matrix,fiqa,all_minilm_l6,23,10596,0.6843515475204855,1.0,1.0,208070,0.8555593490600586
formal_matrix,fiqa,all_minilm_l6,23,7803,0.0,0.0,0.5,386532,0.5306345820426941
formal_matrix,fiqa,all_minilm_l6,23,988,0.0,0.0,0.0,326872,0.7431211471557617
formal_matrix,fiqa,all_minilm_l6,23,6807,1.0,1.0,1.0,332567,0.8498673439025879
formal_matrix,fiqa,all_minilm_l6,23,5683,1.0,1.0,1.0,448690,0.8182587623596191
formal_matrix,fiqa,all_minilm_l6,23,1321,0.0,0.0,0.5,235082,0.5765330791473389
formal_matrix,fiqa,all_minilm_l6,23,3724,0.07336392209936005,0.14285714285714285,0.3,497561,0.7592504024505615
formal_matrix,fiqa,all_minilm_l6,23,1085,0.17723928678404774,0.1,1.0,268777,0.6030927896499634
formal_matrix,fiqa,all_minilm_l6,23,9188,0.8772153153380493,1.0,1.0,580802,0.8353438377380371
formal_matrix,fiqa,all_minilm_l6,23,5862,0.19519002499605084,0.3333333333333333,0.75,258190,0.5824444890022278
formal_matrix,fiqa,all_minilm_l6,23,3148,0.5087403079104241,1.0,0.4,172855,0.677693247795105
formal_matrix,fiqa,all_minilm_l6,23,3830,1.0,1.0,1.0,54952,0.684626579284668
formal_matrix,fiqa,all_minilm_l6,23,5763,0.34337431936037655,0.25,0.6666666666666666,329504,0.6310181021690369
formal_matrix,fiqa,all_minilm_l6,23,8795,1.0,1.0,1.0,57297,0.7430640459060669
formal_matrix,fiqa,all_minilm_l6,23,89,0.24738635904833417,0.25,0.6666666666666666,309023,0.6979415416717529
formal_matrix,fiqa,all_minilm_l6,23,4785,1.0,1.0,1.0,37517,0.5860857963562012
formal_matrix,fiqa,all_minilm_l6,23,5125,1.0,1.0,1.0,318728,0.5369675159454346
formal_matrix,fiqa,all_minilm_l6,23,8934,0.0,0.0,0.5,332567,0.6913620233535767
formal_matrix,fiqa,all_minilm_l6,23,7311,0.0,0.0,0.0,92146,0.5556805729866028
formal_matrix,fiqa,all_minilm_l6,23,3189,0.0,0.0,0.0,423658,0.7227268815040588
formal_matrix,fiqa,all_minilm_l6,23,7445,0.0,0.0,0.3333333333333333,284075,0.6187319159507751
formal_matrix,fiqa,all_minilm_l6,23,9245,0.0,0.0,0.0,400644,0.6355020999908447
formal_matrix,fiqa,all_minilm_l6,23,691,0.3010299956639812,0.1111111111111111,1.0,260087,0.6249399781227112
formal_matrix,fiqa,all_minilm_l6,23,3039,0.6309297535714575,0.5,1.0,88214,0.6265287399291992
formal_matrix,fiqa,all_minilm_l6,23,3394,0.6366824387328317,1.0,0.5,445971,0.6104365587234497
formal_matrix,fiqa,all_minilm_l6,23,3254,0.46927872602275644,1.0,0.6666666666666666,443511,0.749605655670166
formal_matrix,fiqa,all_minilm_l6,23,8121,1.0,1.0,1.0,432424,0.4849555492401123
formal_matrix,fiqa,all_minilm_l6,23,5228,0.0,0.0,1.0,32455,0.6407707929611206
formal_matrix,fiqa,all_minilm_l6,41,6005,0.28952298823485745,1.0,0.6153846153846154,149500,0.816858172416687
formal_matrix,fiqa,all_minilm_l6,41,5343,0.38685280723454163,0.2,1.0,259228,0.6002918481826782
formal_matrix,fiqa,all_minilm_l6,41,4071,0.0,0.0,0.0,53538,0.7034585475921631
formal_matrix,fiqa,all_minilm_l6,41,3067,0.0,0.0,0.0,326542,0.6541699171066284
formal_matrix,fiqa,all_minilm_l6,41,6041,0.6366824387328317,1.0,0.75,81655,0.6699317693710327
formal_matrix,fiqa,all_minilm_l6,41,8970,0.9197207891481876,1.0,1.0,96121,0.7155338525772095
formal_matrix,fiqa,all_minilm_l6,41,4813,1.0,1.0,1.0,98356,0.7481676340103149
formal_matrix,fiqa,all_minilm_l6,41,8537,0.0,0.0,1.0,92616,0.5390982627868652
formal_matrix,fiqa,all_minilm_l6,41,475,0.5,0.3333333333333333,1.0,504317,0.7550344467163086
formal_matrix,fiqa,all_minilm_l6,41,603,1.0,1.0,1.0,456440,0.5920233130455017
formal_matrix,fiqa,all_minilm_l6,41,8959,0.0,0.0,1.0,52221,0.7691149115562439
formal_matrix,fiqa,all_minilm_l6,41,10246,0.0,0.0,0.5,370635,0.6515597105026245
formal_matrix,fiqa,all_minilm_l6,41,4335,0.6366824387328317,1.0,0.75,318583,0.7279322743415833
formal_matrix,fiqa,all_minilm_l6,41,10547,0.0,0.0,1.0,4883,0.6146964430809021
formal_matrix,fiqa,all_minilm_l6,41,687,0.0,0.0,1.0,285409,0.7153334617614746
formal_matrix,fiqa,all_minilm_l6,41,2903,0.0,0.0,1.0,487728,0.6274789571762085
formal_matrix,fiqa,all_minilm_l6,41,2857,0.5855700749881525,1.0,0.5,501384,0.6797890663146973
formal_matrix,fiqa,all_minilm_l6,41,5172,0.0,0.0,1.0,322194,0.6930276155471802
formal_matrix,fiqa,all_minilm_l6,41,3085,0.5,0.3333333333333333,1.0,154839,0.6677870750427246
formal_matrix,fiqa,all_minilm_l6,41,4447,0.0,0.0,1.0,34925,0.6171437501907349
formal_matrix,fiqa,all_minilm_l6,41,9735,0.0,0.0,1.0,375992,0.7052620649337769
formal_matrix,fiqa,all_minilm_l6,41,9088,0.0,0.0,0.5,329849,0.6491996049880981
formal_matrix,fiqa,all_minilm_l6,41,1391,0.2960819109658652,0.5,0.3333333333333333,145999,0.6264370083808899
formal_matrix,fiqa,all_minilm_l6,41,2445,1.0,1.0,1.0,431685,0.7553421258926392
formal_matrix,fiqa,all_minilm_l6,41,9164,0.20210734650054757,0.25,0.3333333333333333,115648,0.711084246635437
formal_matrix,fiqa,all_minilm_l6,41,10812,0.5855700749881525,1.0,0.75,314455,0.7364983558654785
formal_matrix,fiqa,all_minilm_l6,41,6814,0.0,0.0,0.0,590188,0.609421968460083
formal_matrix,fiqa,all_minilm_l6,41,4785,1.0,1.0,1.0,37517,0.5860857963562012
formal_matrix,fiqa,all_minilm_l6,41,3830,1.0,1.0,1.0,54952,0.684626579284668
formal_matrix,fiqa,all_minilm_l6,41,18,1.0,1.0,1.0,88124,0.6555140018463135
formal_matrix,fiqa,all_minilm_l6,41,570,0.0,0.0,0.0,240562,0.702593207359314
formal_matrix,fiqa,all_minilm_l6,41,7326,0.0,0.0,0.0,227542,0.6635791659355164
formal_matrix,fiqa,all_minilm_l6,41,2513,0.43067655807339306,0.25,1.0,24706,0.5748898983001709
formal_matrix,fiqa,all_minilm_l6,41,8544,1.0,1.0,1.0,214003,0.6808813810348511
formal_matrix,fiqa,all_minilm_l6,41,2486,1.0,1.0,1.0,487791,0.5683071613311768
formal_matrix,fiqa,all_minilm_l6,41,2264,0.0,0.0,1.0,419245,0.582403302192688
formal_matrix,fiqa,all_minilm_l6,41,2737,1.0,1.0,1.0,426678,0.6115397214889526
formal_matrix,fiqa,all_minilm_l6,41,3254,0.46927872602275644,1.0,0.6666666666666666,443511,0.749605655670166
formal_matrix,fiqa,all_minilm_l6,41,1297,1.0,1.0,1.0,171761,0.6512356400489807
formal_matrix,fiqa,all_minilm_l6,41,4539,0.21840743681816419,0.16666666666666666,0.5,472837,0.6584688425064087
formal_matrix,fiqa,all_minilm_l6,41,5155,0.0,0.0,1.0,286930,0.6220194101333618
formal_matrix,fiqa,all_minilm_l6,41,4007,0.46927872602275644,1.0,0.6666666666666666,556220,0.6347023248672485
formal_matrix,fiqa,all_minilm_l6,41,9733,0.0,0.0,0.3333333333333333,31603,0.4254083037376404
formal_matrix,fiqa,all_minilm_l6,41,10674,0.715696758318853,1.0,1.0,99857,0.7026585340499878
formal_matrix,fiqa,all_minilm_l6,41,9548,0.0,0.0,1.0,211525,0.6816419959068298
formal_matrix,fiqa,all_minilm_l6,41,3394,0.6366824387328317,1.0,0.5,445971,0.6104365587234497
formal_matrix,fiqa,all_minilm_l6,41,684,0.0,0.0,1.0,423873,0.6456367373466492
formal_matrix,fiqa,all_minilm_l6,41,1321,0.0,0.0,0.5,235082,0.5765330791473389
formal_matrix,fiqa,all_minilm_l6,41,503,0.0,0.0,1.0,243357,0.5808500051498413
formal_matrix,fiqa,all_minilm_l6,41,6262,0.4776237035032179,0.5,1.0,83338,0.6646325588226318
formal_matrix,fiqa,all_minilm_l6,67,1815,1.0,1.0,1.0,446928,0.604779064655304
formal_matrix,fiqa,all_minilm_l6,67,2407,0.13012668333070054,0.14285714285714285,0.75,448368,0.6299978494644165
formal_matrix,fiqa,all_minilm_l6,67,6525,0.46927872602275644,1.0,0.6666666666666666,106541,0.5743048191070557
formal_matrix,fiqa,all_minilm_l6,67,7206,0.0,0.0,0.3333333333333333,293724,0.6704310774803162
formal_matrix,fiqa,all_minilm_l6,67,6629,0.0,0.0,0.0,218754,0.5478212237358093
formal_matrix,fiqa,all_minilm_l6,67,4571,0.7653606369886217,1.0,1.0,213824,0.7029389142990112
formal_matrix,fiqa,all_minilm_l6,67,932,0.0,0.0,1.0,187706,0.6403794884681702
formal_matrix,fiqa,all_minilm_l6,67,6800,1.0,1.0,1.0,35191,0.7615164518356323
formal_matrix,fiqa,all_minilm_l6,67,7484,1.0,1.0,1.0,444562,0.7872157096862793
formal_matrix,fiqa,all_minilm_l6,67,9737,0.4367467095119258,0.3333333333333333,0.6666666666666666,573077,0.664582371711731
formal_matrix,fiqa,all_minilm_l6,67,4756,0.3562071871080222,0.16666666666666666,1.0,3669,0.5522130727767944
formal_matrix,fiqa,all_minilm_l6,67,3683,0.5709662133861837,1.0,0.6666666666666666,276975,0.7556763887405396
formal_matrix,fiqa,all_minilm_l6,67,10932,1.0,1.0,1.0,104134,0.770825982093811
formal_matrix,fiqa,all_minilm_l6,67,3189,0.0,0.0,0.0,423658,0.7227268815040588
formal_matrix,fiqa,all_minilm_l6,67,4844,0.6131471927654584,1.0,1.0,275257,0.6867254972457886
formal_matrix,fiqa,all_minilm_l6,67,10845,1.0,1.0,1.0,191588,0.5490006804466248
formal_matrix,fiqa,all_minilm_l6,67,2968,0.6240505200038379,0.5,1.0,241819,0.6750806570053101
formal_matrix,fiqa,all_minilm_l6,67,6875,0.0,0.0,0.0,77502,0.5257030129432678
formal_matrix,fiqa,all_minilm_l6,67,3369,0.0,0.0,0.16666666666666666,443002,0.7020072937011719
formal_matrix,fiqa,all_minilm_l6,67,2472,0.0,0.0,0.3333333333333333,180601,0.6936697959899902
formal_matrix,fiqa,all_minilm_l6,67,2154,0.0,0.0,1.0,592309,0.5328848361968994
formal_matrix,fiqa,all_minilm_l6,67,7512,0.0,0.0,0.0,487329,0.7203038334846497
formal_matrix,fiqa,all_minilm_l6,67,5067,0.0,0.0,1.0,237760,0.7311744689941406
formal_matrix,fiqa,all_minilm_l6,67,4265,0.30260241349881345,1.0,0.6666666666666666,157553,0.7215979695320129
formal_matrix,fiqa,all_minilm_l6,67,6278,0.3065735963827292,0.3333333333333333,0.5,89622,0.6628942489624023
formal_matrix,fiqa,all_minilm_l6,67,9275,0.17723928678404774,0.1,0.5,423929,0.6589094400405884
formal_matrix,fiqa,all_minilm_l6,67,10447,0.23463936301137822,0.3333333333333333,0.3333333333333333,382894,0.7638090252876282
formal_matrix,fiqa,all_minilm_l6,67,6221,0.0,0.0,0.375,414288,0.6722884178161621
formal_matrix,fiqa,all_minilm_l6,67,8034,0.0,0.0,0.0,48566,0.5635392665863037
formal_matrix,fiqa,all_minilm_l6,67,3008,0.24630238874073,0.5,0.75,597265,0.6978139877319336
formal_matrix,fiqa,all_minilm_l6,67,2891,1.0,1.0,1.0,31117,0.6627792119979858
formal_matrix,fiqa,all_minilm_l6,67,5888,0.19342640361727081,0.125,0.5,125497,0.7050086259841919
formal_matrix,fiqa,all_minilm_l6,67,7928,0.19519002499605084,0.3333333333333333,0.5,427808,0.7138363122940063
formal_matrix,fiqa,all_minilm_l6,67,10152,1.0,1.0,1.0,113585,0.818030834197998
formal_matrix,fiqa,all_minilm_l6,67,6896,0.0,0.0,1.0,448659,0.6017295122146606
formal_matrix,fiqa,all_minilm_l6,67,4102,0.13905617951077562,0.16666666666666666,0.5,597437,0.6471142768859863
formal_matrix,fiqa,all_minilm_l6,67,6122,0.46927872602275644,1.0,1.0,496166,0.7194684743881226
formal_matrix,fiqa,all_minilm_l6,67,10975,0.0,0.0,0.0,163865,0.6631165742874146
formal_matrix,fiqa,all_minilm_l6,67,5653,1.0,1.0,1.0,588247,0.6705018877983093
formal_matrix,fiqa,all_minilm_l6,67,3006,0.19092086617893467,0.5,0.6666666666666666,258704,0.6915698051452637
formal_matrix,fiqa,all_minilm_l6,67,684,0.0,0.0,1.0,423873,0.6456367373466492
formal_matrix,fiqa,all_minilm_l6,67,864,0.732296200528563,1.0,0.6666666666666666,30142,0.7635129690170288
formal_matrix,fiqa,all_minilm_l6,67,10109,0.5186511804016661,1.0,0.42857142857142855,28314,0.6130402684211731
formal_matrix,fiqa,all_minilm_l6,67,9296,0.6131471927654584,1.0,1.0,206744,0.6471497416496277
formal_matrix,fiqa,all_minilm_l6,67,6890,0.6131471927654584,1.0,1.0,240196,0.687120795249939
formal_matrix,fiqa,all_minilm_l6,67,5534,0.6131471927654584,1.0,0.5,421136,0.7253094911575317
formal_matrix,fiqa,all_minilm_l6,67,4116,0.6131471927654584,1.0,1.0,109149,0.5870087742805481
formal_matrix,fiqa,all_minilm_l6,67,10674,0.715696758318853,1.0,1.0,99857,0.7026585340499878
formal_matrix,fiqa,all_minilm_l6,67,2598,0.23719771276929622,0.2,1.0,314007,0.7472003698348999
formal_matrix,fiqa,all_minilm_l6,67,945,0.6309297535714575,0.5,1.0,332626,0.6787511110305786
formal_matrix,fiqa,all_minilm_l6,83,7590,0.6509209298071326,0.5,1.0,569834,0.6596559286117554
formal_matrix,fiqa,all_minilm_l6,83,7109,0.38364913903790027,0.25,0.6666666666666666,489933,0.6614773869514465
formal_matrix,fiqa,all_minilm_l6,83,2051,0.0,0.0,1.0,341192,0.6285527944564819
formal_matrix,fiqa,all_minilm_l6,83,2551,0.5307212739772434,0.5,1.0,112904,0.6196762323379517
formal_matrix,fiqa,all_minilm_l6,83,5993,0.23297260855707355,0.2,0.6666666666666666,274043,0.6823737621307373
formal_matrix,fiqa,all_minilm_l6,83,10845,1.0,1.0,1.0,191588,0.5490006804466248
formal_matrix,fiqa,all_minilm_l6,83,1198,1.0,1.0,1.0,56718,0.5983269810676575
formal_matrix,fiqa,all_minilm_l6,83,3791,0.6257049680303419,1.0,1.0,327432,0.6228471398353577
formal_matrix,fiqa,all_minilm_l6,83,3480,1.0,1.0,1.0,221015,0.765890896320343
formal_matrix,fiqa,all_minilm_l6,83,3177,0.0,0.0,0.6666666666666666,480315,0.7543673515319824
formal_matrix,fiqa,all_minilm_l6,83,5080,0.0,0.0,0.0,551764,0.5147053003311157
formal_matrix,fiqa,all_minilm_l6,83,1915,0.6131471927654584,1.0,1.0,433801,0.659195065498352
formal_matrix,fiqa,all_minilm_l6,83,1306,0.2856436410275446,0.25,0.5,450779,0.580497682094574
formal_matrix,fiqa,all_minilm_l6,83,6562,0.0,0.0,0.5,473605,0.6803500652313232
formal_matrix,fiqa,all_minilm_l6,83,2895,0.0,0.0,0.0,123256,0.5834100246429443
formal_matrix,fiqa,all_minilm_l6,83,5592,1.0,1.0,1.0,355241,0.7981084585189819
formal_matrix,fiqa,all_minilm_l6,83,503,0.0,0.0,1.0,243357,0.5808500051498413
formal_matrix,fiqa,all_minilm_l6,83,864,0.732296200528563,1.0,0.6666666666666666,30142,0.7635129690170288
formal_matrix,fiqa,all_minilm_l6,83,3682,0.0,0.0,1.0,405206,0.680277407169342
formal_matrix,fiqa,all_minilm_l6,83,7326,0.0,0.0,0.0,227542,0.6635791659355164
formal_matrix,fiqa,all_minilm_l6,83,9871,0.0,0.0,0.25,515254,0.5876508355140686
formal_matrix,fiqa,all_minilm_l6,83,4047,0.75369761125927,1.0,1.0,417840,0.717851459980011
formal_matrix,fiqa,all_minilm_l6,83,6907,0.0,0.0,1.0,111827,0.6087548732757568
formal_matrix,fiqa,all_minilm_l6,83,3067,0.0,0.0,0.0,326542,0.6541699171066284
formal_matrix,fiqa,all_minilm_l6,83,11054,1.0,1.0,1.0,155053,0.6796723008155823
formal_matrix,fiqa,all_minilm_l6,83,10808,0.6787622294601761,0.5,1.0,41577,0.6745262145996094
formal_matrix,fiqa,all_minilm_l6,83,10596,0.6843515475204855,1.0,1.0,208070,0.8555593490600586
formal_matrix,fiqa,all_minilm_l6,83,7205,1.0,1.0,1.0,159966,0.7359209060668945
formal_matrix,fiqa,all_minilm_l6,83,5534,0.6131471927654584,1.0,0.5,421136,0.7253094911575317
formal_matrix,fiqa,all_minilm_l6,83,6080,0.6131471927654584,1.0,0.5,22856,0.6938055157661438
formal_matrix,fiqa,all_minilm_l6,83,8937,0.0,0.0,0.0,198039,0.6060894131660461
formal_matrix,fiqa,all_minilm_l6,83,3446,0.5531464700081437,1.0,1.0,323498,0.7899225950241089
formal_matrix,fiqa,all_minilm_l6,83,852,0.7039180890341347,1.0,1.0,431735,0.6450777053833008
formal_matrix,fiqa,all_minilm_l6,83,5150,0.0,0.0,1.0,296165,0.5785223841667175
formal_matrix,fiqa,all_minilm_l6,83,7344,0.38685280723454163,0.5,0.5,159166,0.7003597021102905
formal_matrix,fiqa,all_minilm_l6,83,7071,0.0,0.0,0.5,434812,0.7511930465698242
formal_matrix,fiqa,all_minilm_l6,83,932,0.0,0.0,1.0,187706,0.6403794884681702
formal_matrix,fiqa,all_minilm_l6,83,5196,0.0,0.0,0.3333333333333333,527966,0.6339440941810608
formal_matrix,fiqa,all_minilm_l6,83,689,0.0,0.0,0.0,446932,0.674751341342926
formal_matrix,fiqa,all_minilm_l6,83,2598,0.23719771276929622,0.2,1.0,314007,0.7472003698348999
formal_matrix,fiqa,all_minilm_l6,83,6479,1.0,1.0,1.0,404339,0.7884843349456787
formal_matrix,fiqa,all_minilm_l6,83,9882,0.0,0.0,0.0,89351,0.6582915782928467
formal_matrix,fiqa,all_minilm_l6,83,776,0.2934556883974402,1.0,0.5,124027,0.727062463760376
formal_matrix,fiqa,all_minilm_l6,83,8539,0.24630238874073,0.5,0.5,370777,0.5802910327911377
formal_matrix,fiqa,all_minilm_l6,83,885,0.0,0.0,0.0,516678,0.645522952079773
formal_matrix,fiqa,all_minilm_l6,83,2549,0.6131471927654584,1.0,1.0,58451,0.6264234781265259
formal_matrix,fiqa,all_minilm_l6,83,10414,1.0,1.0,1.0,303325,0.609572172164917
formal_matrix,fiqa,all_minilm_l6,83,5862,0.19519002499605084,0.3333333333333333,0.75,258190,0.5824444890022278
formal_matrix,fiqa,all_minilm_l6,83,6890,0.6131471927654584,1.0,1.0,240196,0.687120795249939
formal_matrix,fiqa,all_minilm_l6,83,6909,0.0,0.0,0.0,555226,0.6076403856277466
formal_matrix,fiqa,all_minilm_l6,127,11054,1.0,1.0,1.0,155053,0.6796723008155823
formal_matrix,fiqa,all_minilm_l6,127,98,0.6131471927654584,1.0,1.0,527522,0.6737401485443115
formal_matrix,fiqa,all_minilm_l6,127,90,0.6309297535714575,0.5,1.0,80866,0.6893934607505798
formal_matrix,fiqa,all_minilm_l6,127,8789,0.7653606369886217,1.0,0.6666666666666666,87349,0.8835103511810303
formal_matrix,fiqa,all_minilm_l6,127,2204,0.9202054614375518,1.0,1.0,374030,0.8057937622070312
formal_matrix,fiqa,all_minilm_l6,127,10639,0.0,0.0,0.2,235628,0.48957139253616333
formal_matrix,fiqa,all_minilm_l6,127,10792,1.0,1.0,1.0,195044,0.641161322593689
formal_matrix,fiqa,all_minilm_l6,127,4600,0.43067655807339306,0.25,1.0,260984,0.725540280342102
formal_matrix,fiqa,all_minilm_l6,127,3682,0.0,0.0,1.0,405206,0.680277407169342
formal_matrix,fiqa,all_minilm_l6,127,6479,1.0,1.0,1.0,404339,0.7884843349456787
formal_matrix,fiqa,all_minilm_l6,127,4019,0.0,0.0,0.2,269671,0.7375376224517822
formal_matrix,fiqa,all_minilm_l6,127,4999,0.3903800499921017,1.0,1.0,9938,0.7916568517684937
formal_matrix,fiqa,all_minilm_l6,127,5083,0.18457569677956817,0.1111111111111111,0.5,270952,0.5466093420982361
formal_matrix,fiqa,all_minilm_l6,127,6005,0.28952298823485745,1.0,0.6153846153846154,149500,0.816858172416687
formal_matrix,fiqa,all_minilm_l6,127,1416,0.0,0.0,1.0,430728,0.5798275470733643
formal_matrix,fiqa,all_minilm_l6,127,5090,0.6131471927654584,1.0,0.5,12988,0.6834712028503418
formal_matrix,fiqa,all_minilm_l6,127,4942,0.0,0.0,1.0,241928,0.6517835855484009
formal_matrix,fiqa,all_minilm_l6,127,8121,1.0,1.0,1.0,432424,0.4849555492401123
formal_matrix,fiqa,all_minilm_l6,127,2498,0.0,0.0,1.0,299567,0.5520837903022766
formal_matrix,fiqa,all_minilm_l6,127,5993,0.23297260855707355,0.2,0.6666666666666666,274043,0.6823737621307373
formal_matrix,fiqa,all_minilm_l6,127,2383,0.3065735963827292,0.3333333333333333,0.5,520047,0.6149692535400391
formal_matrix,fiqa,all_minilm_l6,127,2075,0.6195648257403976,1.0,0.6666666666666666,523393,0.6167649030685425
formal_matrix,fiqa,all_minilm_l6,127,928,0.6131471927654584,1.0,1.0,349866,0.5993475317955017
formal_matrix,fiqa,all_minilm_l6,127,5888,0.19342640361727081,0.125,0.5,125497,0.7050086259841919
formal_matrix,fiqa,all_minilm_l6,127,5534,0.6131471927654584,1.0,0.5,421136,0.7253094911575317
formal_matrix,fiqa,all_minilm_l6,127,10601,0.0,0.0,1.0,104453,0.5435339212417603
formal_matrix,fiqa,all_minilm_l6,127,7295,0.0,0.0,0.0,92516,0.5941813588142395
formal_matrix,fiqa,all_minilm_l6,127,3189,0.0,0.0,0.0,423658,0.7227268815040588
formal_matrix,fiqa,all_minilm_l6,127,9487,0.3333333333333333,0.14285714285714285,1.0,137478,0.6511868238449097
formal_matrix,fiqa,all_minilm_l6,127,5906,0.2640681225725909,0.25,0.5,474155,0.683255136013031
formal_matrix,fiqa,all_minilm_l6,127,5970,0.23463936301137822,0.3333333333333333,1.0,434257,0.6453787684440613
formal_matrix,fiqa,all_minilm_l6,127,4804,0.5012658353418871,0.25,1.0,372320,0.5726436376571655
formal_matrix,fiqa,all_minilm_l6,127,2407,0.13012668333070054,0.14285714285714285,0.75,448368,0.6299978494644165
formal_matrix,fiqa,all_minilm_l6,127,7705,0.46927872602275644,1.0,0.6666666666666666,539263,0.7226470708847046
formal_matrix,fiqa,all_minilm_l6,127,2465,0.0,0.0,0.0,37382,0.6385475397109985
formal_matrix,fiqa,all_minilm_l6,127,4415,0.19519002499605084,0.3333333333333333,0.75,59225,0.7153893709182739
formal_matrix,fiqa,all_minilm_l6,127,9668,0.0,0.0,1.0,205411,0.5628218650817871
formal_matrix,fiqa,all_minilm_l6,127,2183,0.2816249726597774,0.3333333333333333,1.0,18749,0.7144948840141296
formal_matrix,fiqa,all_minilm_l6,127,4394,0.0,0.0,0.5,472629,0.585136353969574
formal_matrix,fiqa,all_minilm_l6,127,8005,0.0,0.0,0.0,27930,0.5257227420806885
formal_matrix,fiqa,all_minilm_l6,127,1393,0.5203978935105923,1.0,0.6666666666666666,220022,0.6828993558883667
formal_matrix,fiqa,all_minilm_l6,127,4499,0.0,0.0,0.6666666666666666,334919,0.6402168869972229
formal_matrix,fiqa,all_minilm_l6,127,3694,0.0,0.0,1.0,209390,0.6136817932128906
formal_matrix,fiqa,all_minilm_l6,127,6800,1.0,1.0,1.0,35191,0.7615164518356323
formal_matrix,fiqa,all_minilm_l6,127,6803,0.5855700749881525,1.0,1.0,544053,0.6423785090446472
formal_matrix,fiqa,all_minilm_l6,127,3569,0.0,0.0,0.0,461049,0.7057632803916931
formal_matrix,fiqa,all_minilm_l6,127,10827,0.0,0.0,0.2,41330,0.6306197643280029
formal_matrix,fiqa,all_minilm_l6,127,4409,0.5271064966405455,1.0,0.9,102088,0.6422893404960632
formal_matrix,fiqa,all_minilm_l6,127,2994,0.13565197343244778,0.1,0.3333333333333333,138428,0.5536397099494934
formal_matrix,fiqa,all_minilm_l6,127,89,0.24738635904833417,0.25,0.6666666666666666,309023,0.6979415416717529
formal_matrix,fiqa,bge_small_en_v15,23,4846,0.0,0.0,0.0,248361,0.6915026307106018
formal_matrix,fiqa,bge_small_en_v15,23,1920,0.0,0.0,1.0,524992,0.7761832475662231
formal_matrix,fiqa,bge_small_en_v15,23,10526,0.38685280723454163,0.5,1.0,546493,0.6972817182540894
formal_matrix,fiqa,bge_small_en_v15,23,928,0.6131471927654584,1.0,1.0,349866,0.7423382997512817
formal_matrix,fiqa,bge_small_en_v15,23,5064,0.6131471927654584,1.0,0.5,2003,0.8151624202728271
formal_matrix,fiqa,bge_small_en_v15,23,6715,0.0,0.0,1.0,491644,0.7424700856208801
formal_matrix,fiqa,bge_small_en_v15,23,6002,0.7948833326720564,1.0,1.0,390642,0.8832135200500488
formal_matrix,fiqa,bge_small_en_v15,23,8079,0.9060254355346823,1.0,1.0,95278,0.7643396854400635
formal_matrix,fiqa,bge_small_en_v15,23,5653,1.0,1.0,1.0,588247,0.7598414421081543
formal_matrix,fiqa,bge_small_en_v15,23,2579,0.25909036127391766,0.3333333333333333,0.6666666666666666,364159,0.7514727115631104
formal_matrix,fiqa,bge_small_en_v15,23,3503,0.49549257728947244,0.5,0.8571428571428571,26339,0.7932153940200806
formal_matrix,fiqa,bge_small_en_v15,23,4571,0.7653606369886217,1.0,1.0,213824,0.8130244016647339
formal_matrix,fiqa,bge_small_en_v15,23,6901,0.0,0.0,1.0,151546,0.7419703006744385
formal_matrix,fiqa,bge_small_en_v15,23,10462,0.0,0.0,0.16666666666666666,66376,0.7527212500572205
formal_matrix,fiqa,bge_small_en_v15,23,3909,0.06625422345438903,0.1111111111111111,0.4,237483,0.7588390111923218
formal_matrix,fiqa,bge_small_en_v15,23,9735,0.0,0.0,1.0,134607,0.7584850788116455
formal_matrix,fiqa,bge_small_en_v15,23,7071,0.0,0.0,0.5,133644,0.82911616563797
formal_matrix,fiqa,bge_small_en_v15,23,10645,0.40298313359773236,0.16666666666666666,1.0,319182,0.823701024055481
formal_matrix,fiqa,bge_small_en_v15,23,2348,0.31204907722178066,0.5,0.3333333333333333,311025,0.7701095938682556
formal_matrix,fiqa,bge_small_en_v15,23,1948,1.0,1.0,1.0,467509,0.7147810459136963
formal_matrix,fiqa,bge_small_en_v15,23,7594,0.0,0.0,0.0,109454,0.7619748711585999
formal_matrix,fiqa,bge_small_en_v15,23,6683,0.0,0.0,0.5,480748,0.7109129428863525
formal_matrix,fiqa,bge_small_en_v15,23,10596,0.6855160796667416,1.0,1.0,208070,0.9120134115219116
formal_matrix,fiqa,bge_small_en_v15,23,7803,0.0,0.0,0.5,371621,0.7548385858535767
formal_matrix,fiqa,bge_small_en_v15,23,988,0.0,0.0,0.0,194080,0.784616231918335
formal_matrix,fiqa,bge_small_en_v15,23,6807,1.0,1.0,1.0,332567,0.8759987354278564
formal_matrix,fiqa,bge_small_en_v15,23,5683,1.0,1.0,1.0,448690,0.813753604888916
formal_matrix,fiqa,bge_small_en_v15,23,1321,0.0,0.0,0.5,29276,0.6878551244735718
formal_matrix,fiqa,bge_small_en_v15,23,3724,0.08514311764162098,0.2,0.4,497561,0.830990731716156
formal_matrix,fiqa,bge_small_en_v15,23,1085,0.0,0.0,0.5,372039,0.7571009397506714
formal_matrix,fiqa,bge_small_en_v15,23,9188,0.6131471927654584,1.0,1.0,580802,0.912389874458313
formal_matrix,fiqa,bge_small_en_v15,23,5862,0.3903800499921017,1.0,0.75,562511,0.7573953866958618
formal_matrix,fiqa,bge_small_en_v15,23,3148,0.5087403079104241,1.0,0.6,172855,0.8147282004356384
formal_matrix,fiqa,bge_small_en_v15,23,3830,0.0,0.0,1.0,472681,0.7676006555557251
formal_matrix,fiqa,bge_small_en_v15,23,5763,0.20210734650054757,0.25,1.0,396540,0.759477972984314
formal_matrix,fiqa,bge_small_en_v15,23,8795,1.0,1.0,1.0,57297,0.8391545414924622
formal_matrix,fiqa,bge_small_en_v15,23,89,0.15130120674940672,0.3333333333333333,0.6666666666666666,188893,0.8042677044868469
formal_matrix,fiqa,bge_small_en_v15,23,4785,1.0,1.0,1.0,37517,0.731930136680603
formal_matrix,fiqa,bge_small_en_v15,23,5125,0.0,0.0,1.0,133536,0.6463543176651001
formal_matrix,fiqa,bge_small_en_v15,23,8934,0.0,0.0,0.5,96697,0.7853059768676758
formal_matrix,fiqa,bge_small_en_v15,23,7311,0.0,0.0,0.0,290325,0.6736034750938416
formal_matrix,fiqa,bge_small_en_v15,23,3189,0.0,0.0,0.0,551122,0.8220820426940918
formal_matrix,fiqa,bge_small_en_v15,23,7445,0.0,0.0,0.3333333333333333,310683,0.8054725527763367
formal_matrix,fiqa,bge_small_en_v15,23,9245,0.0,0.0,0.0,131488,0.8280311822891235
formal_matrix,fiqa,bge_small_en_v15,23,691,0.0,0.0,1.0,341473,0.7670668363571167
formal_matrix,fiqa,bge_small_en_v15,23,3039,0.0,0.0,1.0,283374,0.7863531112670898
formal_matrix,fiqa,bge_small_en_v15,23,3394,0.6366824387328317,1.0,0.5,445971,0.8117746114730835
formal_matrix,fiqa,bge_small_en_v15,23,3254,0.46927872602275644,1.0,0.6666666666666666,443511,0.8739712238311768
formal_matrix,fiqa,bge_small_en_v15,23,8121,0.0,0.0,0.0,175107,0.7202519178390503
formal_matrix,fiqa,bge_small_en_v15,23,5228,0.0,0.0,1.0,117661,0.7748080492019653
formal_matrix,fiqa,bge_small_en_v15,41,6005,0.3714891073940902,1.0,0.5384615384615384,149500,0.8109098672866821
formal_matrix,fiqa,bge_small_en_v15,41,5343,1.0,1.0,1.0,2860,0.7285853624343872
formal_matrix,fiqa,bge_small_en_v15,41,4071,0.0,0.0,0.0,473965,0.8159711360931396
formal_matrix,fiqa,bge_small_en_v15,41,3067,0.0,0.0,1.0,257248,0.78173828125
formal_matrix,fiqa,bge_small_en_v15,41,6041,0.7541985434892589,1.0,0.75,81655,0.7825614809989929
formal_matrix,fiqa,bge_small_en_v15,41,8970,1.0,1.0,1.0,96121,0.7826989889144897
formal_matrix,fiqa,bge_small_en_v15,41,4813,0.6309297535714575,0.5,1.0,283917,0.8156993389129639
formal_matrix,fiqa,bge_small_en_v15,41,8537,0.3562071871080222,0.16666666666666666,1.0,143655,0.7243150472640991
formal_matrix,fiqa,bge_small_en_v15,41,475,1.0,1.0,1.0,366761,0.8221877217292786
formal_matrix,fiqa,bge_small_en_v15,41,603,1.0,1.0,1.0,456440,0.7355206608772278
formal_matrix,fiqa,bge_small_en_v15,41,8959,0.0,0.0,1.0,52221,0.8299940824508667
formal_matrix,fiqa,bge_small_en_v15,41,10246,0.0,0.0,0.5,176717,0.7881680130958557
formal_matrix,fiqa,bge_small_en_v15,41,4335,0.6366824387328317,1.0,0.75,318583,0.7874946594238281
formal_matrix,fiqa,bge_small_en_v15,41,10547,0.0,0.0,0.0,422476,0.7651771903038025
formal_matrix,fiqa,bge_small_en_v15,41,687,0.0,0.0,1.0,386349,0.7521040439605713
formal_matrix,fiqa,bge_small_en_v15,41,2903,0.0,0.0,1.0,59686,0.804585337638855
formal_matrix,fiqa,bge_small_en_v15,41,2857,0.6366824387328317,1.0,0.5,501384,0.7747844457626343
formal_matrix,fiqa,bge_small_en_v15,41,5172,0.0,0.0,0.5,322194,0.8165798187255859
formal_matrix,fiqa,bge_small_en_v15,41,3085,0.38685280723454163,0.5,1.0,154839,0.8418111205101013
formal_matrix,fiqa,bge_small_en_v15,41,4447,0.0,0.0,1.0,296420,0.8045615553855896
formal_matrix,fiqa,bge_small_en_v15,41,9735,0.0,0.0,1.0,134607,0.7584850788116455
formal_matrix,fiqa,bge_small_en_v15,41,9088,0.0,0.0,0.5,475896,0.7473536729812622
formal_matrix,fiqa,bge_small_en_v15,41,1391,0.46927872602275644,1.0,0.3333333333333333,440745,0.7447741031646729
formal_matrix,fiqa,bge_small_en_v15,41,2445,1.0,1.0,1.0,431685,0.8907591104507446
formal_matrix,fiqa,bge_small_en_v15,41,9164,0.23463936301137822,0.3333333333333333,0.3333333333333333,115648,0.837221086025238
formal_matrix,fiqa,bge_small_en_v15,41,10812,0.801479410942855,1.0,1.0,314455,0.8111187815666199
formal_matrix,fiqa,bge_small_en_v15,41,6814,0.0,0.0,0.0,878,0.7875369787216187
formal_matrix,fiqa,bge_small_en_v15,41,4785,1.0,1.0,1.0,37517,0.731930136680603
formal_matrix,fiqa,bge_small_en_v15,41,3830,0.0,0.0,1.0,472681,0.7676006555557251
formal_matrix,fiqa,bge_small_en_v15,41,18,0.6309297535714575,0.5,1.0,8415,0.7237391471862793
formal_matrix,fiqa,bge_small_en_v15,41,570,0.0,0.0,1.0,532839,0.806631326675415
formal_matrix,fiqa,bge_small_en_v15,41,7326,0.0,0.0,0.0,227542,0.7694147825241089
formal_matrix,fiqa,bge_small_en_v15,41,2513,0.3010299956639812,0.1111111111111111,1.0,378414,0.7466500997543335
formal_matrix,fiqa,bge_small_en_v15,41,8544,1.0,1.0,1.0,267113,0.7770875692367554
formal_matrix,fiqa,bge_small_en_v15,41,2486,0.6309297535714575,0.5,1.0,36608,0.7477879524230957
formal_matrix,fiqa,bge_small_en_v15,41,2264,0.6131471927654584,1.0,1.0,534454,0.8000000715255737
formal_matrix,fiqa,bge_small_en_v15,41,2737,1.0,1.0,1.0,426678,0.7756698131561279
formal_matrix,fiqa,bge_small_en_v15,41,3254,0.46927872602275644,1.0,0.6666666666666666,443511,0.8739712238311768
formal_matrix,fiqa,bge_small_en_v15,41,1297,1.0,1.0,1.0,171761,0.789099395275116
formal_matrix,fiqa,bge_small_en_v15,41,4539,0.0,0.0,0.5,32744,0.7813081741333008
formal_matrix,fiqa,bge_small_en_v15,41,5155,0.0,0.0,0.0,509077,0.74082350730896
formal_matrix,fiqa,bge_small_en_v15,41,4007,0.6508205185601091,1.0,0.6666666666666666,556220,0.7776780128479004
formal_matrix,fiqa,bge_small_en_v15,41,9733,0.14126697285982898,0.1111111111111111,0.3333333333333333,423260,0.7405884265899658
formal_matrix,fiqa,bge_small_en_v15,41,10674,0.75369761125927,1.0,1.0,257241,0.8010846376419067
formal_matrix,fiqa,bge_small_en_v15,41,9548,0.0,0.0,0.0,45174,0.767212986946106
formal_matrix,fiqa,bge_small_en_v15,41,3394,0.6366824387328317,1.0,0.5,445971,0.8117746114730835
formal_matrix,fiqa,bge_small_en_v15,41,684,0.0,0.0,0.0,363026,0.7776299118995667
formal_matrix,fiqa,bge_small_en_v15,41,1321,0.0,0.0,0.5,29276,0.6878551244735718
formal_matrix,fiqa,bge_small_en_v15,41,503,0.0,0.0,0.0,449333,0.7130463719367981
formal_matrix,fiqa,bge_small_en_v15,41,6262,0.7653606369886217,1.0,0.6666666666666666,34538,0.7618391513824463
formal_matrix,fiqa,bge_small_en_v15,67,1815,1.0,1.0,1.0,446928,0.7894065976142883
formal_matrix,fiqa,bge_small_en_v15,67,2407,0.15101961822780524,0.2,0.75,448368,0.8212150931358337
formal_matrix,fiqa,bge_small_en_v15,67,6525,0.46927872602275644,1.0,0.3333333333333333,106541,0.7999768257141113
formal_matrix,fiqa,bge_small_en_v15,67,7206,0.0,0.0,0.0,65667,0.7525932788848877
formal_matrix,fiqa,bge_small_en_v15,67,6629,0.0,0.0,0.0,414772,0.7479406595230103
formal_matrix,fiqa,bge_small_en_v15,67,4571,0.7653606369886217,1.0,1.0,213824,0.8130244016647339
formal_matrix,fiqa,bge_small_en_v15,67,932,0.3065735963827292,0.3333333333333333,1.0,187706,0.7971740365028381
formal_matrix,fiqa,bge_small_en_v15,67,6800,1.0,1.0,1.0,35191,0.8250644207000732
formal_matrix,fiqa,bge_small_en_v15,67,7484,1.0,1.0,1.0,444562,0.8918106555938721
formal_matrix,fiqa,bge_small_en_v15,67,9737,0.7122630665145961,0.5,1.0,573077,0.8035706281661987
formal_matrix,fiqa,bge_small_en_v15,67,4756,0.0,0.0,0.0,54574,0.7087048888206482
formal_matrix,fiqa,bge_small_en_v15,67,3683,0.5337936505754552,1.0,0.8333333333333334,276975,0.8217732906341553
formal_matrix,fiqa,bge_small_en_v15,67,10932,1.0,1.0,1.0,104134,0.8460564613342285
formal_matrix,fiqa,bge_small_en_v15,67,3189,0.0,0.0,0.0,551122,0.8220820426940918
formal_matrix,fiqa,bge_small_en_v15,67,4844,0.7903864795495061,1.0,1.0,275257,0.8086268901824951
formal_matrix,fiqa,bge_small_en_v15,67,10845,1.0,1.0,1.0,191588,0.7325267791748047
formal_matrix,fiqa,bge_small_en_v15,67,2968,0.6509209298071326,0.5,1.0,71360,0.7823770642280579
formal_matrix,fiqa,bge_small_en_v15,67,6875,0.0,0.0,0.0,536194,0.7340604662895203
formal_matrix,fiqa,bge_small_en_v15,67,3369,0.0,0.0,0.5,443002,0.8308943510055542
formal_matrix,fiqa,bge_small_en_v15,67,2472,0.0,0.0,0.6666666666666666,161422,0.7891648411750793
formal_matrix,fiqa,bge_small_en_v15,67,2154,0.0,0.0,0.0,171856,0.6913119554519653
formal_matrix,fiqa,bge_small_en_v15,67,7512,0.0,0.0,0.0,487329,0.7924764156341553
formal_matrix,fiqa,bge_small_en_v15,67,5067,0.0,0.0,1.0,237760,0.8215998411178589
formal_matrix,fiqa,bge_small_en_v15,67,4265,0.6105858728157117,1.0,1.0,157553,0.7861788272857666
formal_matrix,fiqa,bge_small_en_v15,67,6278,0.21840743681816419,0.16666666666666666,0.5,441836,0.7819810509681702
formal_matrix,fiqa,bge_small_en_v15,67,9275,0.0,0.0,0.5,38287,0.8203707933425903
formal_matrix,fiqa,bge_small_en_v15,67,10447,0.23463936301137822,0.3333333333333333,0.3333333333333333,144751,0.8700050711631775
formal_matrix,fiqa,bge_small_en_v15,67,6221,0.0,0.0,0.625,274108,0.8201353549957275
formal_matrix,fiqa,bge_small_en_v15,67,8034,0.0,0.0,0.0,294517,0.7634903192520142
formal_matrix,fiqa,bge_small_en_v15,67,3008,0.3903800499921017,1.0,0.75,231688,0.8103822469711304
formal_matrix,fiqa,bge_small_en_v15,67,2891,1.0,1.0,1.0,31117,0.8095537424087524
formal_matrix,fiqa,bge_small_en_v15,67,5888,0.0,0.0,0.5,229563,0.8010389804840088
formal_matrix,fiqa,bge_small_en_v15,67,7928,0.0,0.0,0.25,427808,0.8455715179443359
formal_matrix,fiqa,bge_small_en_v15,67,10152,1.0,1.0,1.0,113585,0.8904974460601807
formal_matrix,fiqa,bge_small_en_v15,67,6896,0.0,0.0,0.0,221715,0.7828446626663208
formal_matrix,fiqa,bge_small_en_v15,67,4102,0.19519002499605084,0.3333333333333333,0.5,597437,0.7829045057296753
formal_matrix,fiqa,bge_small_en_v15,67,6122,0.46927872602275644,1.0,0.3333333333333333,496166,0.7792761325836182
formal_matrix,fiqa,bge_small_en_v15,67,10975,0.0,0.0,0.0,441632,0.8486687541007996
formal_matrix,fiqa,bge_small_en_v15,67,5653,1.0,1.0,1.0,588247,0.7598414421081543
formal_matrix,fiqa,bge_small_en_v15,67,3006,0.19092086617893467,0.5,0.5,258704,0.7856464982032776
formal_matrix,fiqa,bge_small_en_v15,67,684,0.0,0.0,0.0,363026,0.7776299118995667
formal_matrix,fiqa,bge_small_en_v15,67,864,0.7526136409516659,1.0,0.6666666666666666,30142,0.8345322012901306
formal_matrix,fiqa,bge_small_en_v15,67,10109,0.41231449937143627,1.0,0.42857142857142855,93231,0.8047800064086914
formal_matrix,fiqa,bge_small_en_v15,67,9296,0.6131471927654584,1.0,1.0,206744,0.8326169848442078
formal_matrix,fiqa,bge_small_en_v15,67,6890,0.6131471927654584,1.0,1.0,240196,0.7989873886108398
formal_matrix,fiqa,bge_small_en_v15,67,5534,0.38685280723454163,0.5,0.5,530635,0.7366319894790649
formal_matrix,fiqa,bge_small_en_v15,67,4116,1.0,1.0,1.0,109149,0.806359589099884
formal_matrix,fiqa,bge_small_en_v15,67,10674,0.75369761125927,1.0,1.0,257241,0.8010846376419067
formal_matrix,fiqa,bge_small_en_v15,67,2598,0.38685280723454163,0.5,1.0,314007,0.8418483138084412
formal_matrix,fiqa,bge_small_en_v15,67,945,0.31546487678572877,0.125,1.0,332626,0.8011457920074463
formal_matrix,fiqa,bge_small_en_v15,83,7590,0.46845052016107697,0.25,1.0,147282,0.7869492769241333
formal_matrix,fiqa,bge_small_en_v15,83,7109,0.3235866969737877,0.16666666666666666,0.6666666666666666,140804,0.7215954065322876
formal_matrix,fiqa,bge_small_en_v15,83,2051,0.0,0.0,1.0,341192,0.7893397808074951
formal_matrix,fiqa,bge_small_en_v15,83,2551,1.0,1.0,1.0,143100,0.7273399829864502
formal_matrix,fiqa,bge_small_en_v15,83,5993,0.3340514446642156,0.5,0.6666666666666666,156195,0.8292791247367859
formal_matrix,fiqa,bge_small_en_v15,83,10845,1.0,1.0,1.0,191588,0.7325267791748047
formal_matrix,fiqa,bge_small_en_v15,83,1198,0.5,0.3333333333333333,1.0,232544,0.7158591747283936
formal_matrix,fiqa,bge_small_en_v15,83,3791,0.14126697285982898,0.1111111111111111,0.6666666666666666,570466,0.8109986782073975
formal_matrix,fiqa,bge_small_en_v15,83,3480,1.0,1.0,1.0,221015,0.8489869832992554
formal_matrix,fiqa,bge_small_en_v15,83,3177,0.0,0.0,1.0,106863,0.8280680775642395
formal_matrix,fiqa,bge_small_en_v15,83,5080,0.0,0.0,0.0,414429,0.71772301197052
formal_matrix,fiqa,bge_small_en_v15,83,1915,0.6131471927654584,1.0,0.5,433801,0.7313042879104614
formal_matrix,fiqa,bge_small_en_v15,83,1306,0.16812753627111746,0.25,0.5,450779,0.7422780394554138
formal_matrix,fiqa,bge_small_en_v15,83,6562,0.19519002499605084,0.3333333333333333,0.5,473605,0.7366434335708618
formal_matrix,fiqa,bge_small_en_v15,83,2895,0.0,0.0,0.0,36190,0.7520445585250854
formal_matrix,fiqa,bge_small_en_v15,83,5592,1.0,1.0,1.0,355241,0.815294623374939
formal_matrix,fiqa,bge_small_en_v15,83,503,0.0,0.0,0.0,449333,0.7130463719367981
formal_matrix,fiqa,bge_small_en_v15,83,864,0.7526136409516659,1.0,0.6666666666666666,30142,0.8345322012901306
formal_matrix,fiqa,bge_small_en_v15,83,3682,0.0,0.0,0.5,434788,0.7812421917915344
formal_matrix,fiqa,bge_small_en_v15,83,7326,0.0,0.0,0.0,227542,0.7694147825241089
formal_matrix,fiqa,bge_small_en_v15,83,9871,0.0,0.0,0.25,367207,0.7481467723846436
formal_matrix,fiqa,bge_small_en_v15,83,4047,0.9828920819566879,1.0,1.0,417840,0.8522953987121582
formal_matrix,fiqa,bge_small_en_v15,83,6907,0.0,0.0,0.0,4854,0.7613530158996582
formal_matrix,fiqa,bge_small_en_v15,83,3067,0.0,0.0,1.0,257248,0.78173828125
formal_matrix,fiqa,bge_small_en_v15,83,11054,1.0,1.0,1.0,321015,0.8524015545845032
formal_matrix,fiqa,bge_small_en_v15,83,10808,0.370291336443826,0.3333333333333333,1.0,376148,0.747821569442749
formal_matrix,fiqa,bge_small_en_v15,83,10596,0.6855160796667416,1.0,1.0,208070,0.9120134115219116
formal_matrix,fiqa,bge_small_en_v15,83,7205,1.0,1.0,1.0,159966,0.8293479681015015
formal_matrix,fiqa,bge_small_en_v15,83,5534,0.38685280723454163,0.5,0.5,530635,0.7366319894790649
formal_matrix,fiqa,bge_small_en_v15,83,6080,0.6131471927654584,1.0,0.5,22856,0.7823788523674011
formal_matrix,fiqa,bge_small_en_v15,83,8937,0.0,0.0,1.0,198039,0.8124813437461853
formal_matrix,fiqa,bge_small_en_v15,83,3446,0.5531464700081437,1.0,1.0,323498,0.8800716400146484
formal_matrix,fiqa,bge_small_en_v15,83,852,0.6713860725233041,1.0,1.0,431735,0.8384055495262146
formal_matrix,fiqa,bge_small_en_v15,83,5150,0.0,0.0,0.0,350237,0.7608591318130493
formal_matrix,fiqa,bge_small_en_v15,83,7344,0.6131471927654584,1.0,0.5,14368,0.8065820932388306
formal_matrix,fiqa,bge_small_en_v15,83,7071,0.0,0.0,0.5,133644,0.82911616563797
formal_matrix,fiqa,bge_small_en_v15,83,932,0.3065735963827292,0.3333333333333333,1.0,187706,0.7971740365028381
formal_matrix,fiqa,bge_small_en_v15,83,5196,0.0,0.0,0.0,572396,0.7557570338249207
formal_matrix,fiqa,bge_small_en_v15,83,689,0.0,0.0,0.0,410243,0.7443039417266846
formal_matrix,fiqa,bge_small_en_v15,83,2598,0.38685280723454163,0.5,1.0,314007,0.8418483138084412
formal_matrix,fiqa,bge_small_en_v15,83,6479,0.8503449055347546,1.0,1.0,404339,0.7987112998962402
formal_matrix,fiqa,bge_small_en_v15,83,9882,0.0,0.0,0.0,478736,0.7932745814323425
formal_matrix,fiqa,bge_small_en_v15,83,776,0.3589542101716347,1.0,0.5833333333333334,124027,0.8809456825256348
formal_matrix,fiqa,bge_small_en_v15,83,8539,0.19519002499605084,0.3333333333333333,0.25,520563,0.7775910496711731
formal_matrix,fiqa,bge_small_en_v15,83,885,0.0,0.0,0.0,516678,0.80230712890625
formal_matrix,fiqa,bge_small_en_v15,83,2549,0.0,0.0,0.5,36038,0.76621413230896
formal_matrix,fiqa,bge_small_en_v15,83,10414,0.8772153153380493,1.0,1.0,303325,0.7823585271835327
formal_matrix,fiqa,bge_small_en_v15,83,5862,0.3903800499921017,1.0,0.75,562511,0.7573953866958618
formal_matrix,fiqa,bge_small_en_v15,83,6890,0.6131471927654584,1.0,1.0,240196,0.7989873886108398
formal_matrix,fiqa,bge_small_en_v15,83,6909,0.0,0.0,0.0,88677,0.7558199167251587
formal_matrix,fiqa,bge_small_en_v15,127,11054,1.0,1.0,1.0,321015,0.8524015545845032
formal_matrix,fiqa,bge_small_en_v15,127,98,0.6131471927654584,1.0,0.5,527522,0.7903653979301453
formal_matrix,fiqa,bge_small_en_v15,127,90,0.3010299956639812,0.1111111111111111,1.0,194955,0.7893597483634949
formal_matrix,fiqa,bge_small_en_v15,127,8789,0.7653606369886217,1.0,1.0,87349,0.9076483845710754
formal_matrix,fiqa,bge_small_en_v15,127,2204,0.9098999913476323,1.0,1.0,424523,0.8208596706390381
formal_matrix,fiqa,bge_small_en_v15,127,10639,0.11305340175787204,0.14285714285714285,0.2,324337,0.6917880177497864
formal_matrix,fiqa,bge_small_en_v15,127,10792,0.6934264036172708,0.5,1.0,379299,0.8095763921737671
formal_matrix,fiqa,bge_small_en_v15,127,4600,1.0,1.0,1.0,482415,0.7737741470336914
formal_matrix,fiqa,bge_small_en_v15,127,3682,0.0,0.0,0.5,434788,0.7812421917915344
formal_matrix,fiqa,bge_small_en_v15,127,6479,0.8503449055347546,1.0,1.0,404339,0.7987112998962402
formal_matrix,fiqa,bge_small_en_v15,127,4019,0.13120507751234178,0.2,0.4,269671,0.8055415153503418
formal_matrix,fiqa,bge_small_en_v15,127,4999,0.75369761125927,1.0,0.75,9938,0.8683983087539673
formal_matrix,fiqa,bge_small_en_v15,127,5083,0.38685280723454163,0.5,0.5,270952,0.6933127641677856
formal_matrix,fiqa,bge_small_en_v15,127,6005,0.3714891073940902,1.0,0.5384615384615384,149500,0.8109098672866821
formal_matrix,fiqa,bge_small_en_v15,127,1416,0.0,0.0,1.0,430728,0.7164779901504517
formal_matrix,fiqa,bge_small_en_v15,127,5090,0.6131471927654584,1.0,0.5,12988,0.7593291997909546
formal_matrix,fiqa,bge_small_en_v15,127,4942,0.0,0.0,0.0,241928,0.7531589269638062
formal_matrix,fiqa,bge_small_en_v15,127,8121,0.0,0.0,0.0,175107,0.7202519178390503
formal_matrix,fiqa,bge_small_en_v15,127,2498,0.0,0.0,0.0,390368,0.7270443439483643
formal_matrix,fiqa,bge_small_en_v15,127,5993,0.3340514446642156,0.5,0.6666666666666666,156195,0.8292791247367859
formal_matrix,fiqa,bge_small_en_v15,127,2383,0.21840743681816419,0.16666666666666666,0.5,327232,0.7559522986412048
formal_matrix,fiqa,bge_small_en_v15,127,2075,0.46169129645612955,1.0,0.6666666666666666,523393,0.8069730997085571
formal_matrix,fiqa,bge_small_en_v15,127,928,0.6131471927654584,1.0,1.0,349866,0.7423382997512817
formal_matrix,fiqa,bge_small_en_v15,127,5888,0.0,0.0,0.5,229563,0.8010389804840088
formal_matrix,fiqa,bge_small_en_v15,127,5534,0.38685280723454163,0.5,0.5,530635,0.7366319894790649
formal_matrix,fiqa,bge_small_en_v15,127,10601,1.0,1.0,1.0,568064,0.73911052942276
formal_matrix,fiqa,bge_small_en_v15,127,7295,0.0,0.0,0.0,378527,0.7969110608100891
formal_matrix,fiqa,bge_small_en_v15,127,3189,0.0,0.0,0.0,551122,0.8220820426940918
formal_matrix,fiqa,bge_small_en_v15,127,9487,0.0,0.0,1.0,54341,0.7949245572090149
formal_matrix,fiqa,bge_small_en_v15,127,5906,0.0,0.0,1.0,474155,0.7717458009719849
formal_matrix,fiqa,bge_small_en_v15,127,5970,0.40179981797758046,0.3333333333333333,1.0,434257,0.7710069417953491
formal_matrix,fiqa,bge_small_en_v15,127,4804,0.8315546295836225,1.0,1.0,583651,0.7310019731521606
formal_matrix,fiqa,bge_small_en_v15,127,2407,0.15101961822780524,0.2,0.75,448368,0.8212150931358337
formal_matrix,fiqa,bge_small_en_v15,127,7705,0.43734888382569426,0.5,0.6666666666666666,500486,0.8035904765129089
formal_matrix,fiqa,bge_small_en_v15,127,2465,0.0,0.0,0.0,37382,0.7823149561882019
formal_matrix,fiqa,bge_small_en_v15,127,4415,0.0,0.0,0.5,117578,0.7835630178451538
formal_matrix,fiqa,bge_small_en_v15,127,9668,0.23463936301137822,0.3333333333333333,0.6666666666666666,421311,0.8298702836036682
formal_matrix,fiqa,bge_small_en_v15,127,2183,0.5846156829012061,1.0,0.8333333333333334,24344,0.7796180248260498
formal_matrix,fiqa,bge_small_en_v15,127,4394,0.0,0.0,0.0,372051,0.7701601982116699
formal_matrix,fiqa,bge_small_en_v15,127,8005,0.0,0.0,1.0,56894,0.7042285203933716
formal_matrix,fiqa,bge_small_en_v15,127,1393,0.4935232796777481,1.0,0.6666666666666666,220022,0.7712923288345337
formal_matrix,fiqa,bge_small_en_v15,127,4499,0.0,0.0,0.6666666666666666,517391,0.7710733413696289
formal_matrix,fiqa,bge_small_en_v15,127,3694,0.19342640361727081,0.125,1.0,311931,0.7261728644371033
formal_matrix,fiqa,bge_small_en_v15,127,6800,1.0,1.0,1.0,35191,0.8250644207000732
formal_matrix,fiqa,bge_small_en_v15,127,6803,0.6366824387328317,1.0,1.0,544053,0.7577042579650879
formal_matrix,fiqa,bge_small_en_v15,127,3569,0.0,0.0,1.0,77670,0.7518436908721924
formal_matrix,fiqa,bge_small_en_v15,127,10827,0.0,0.0,0.2,38532,0.8300601243972778
formal_matrix,fiqa,bge_small_en_v15,127,4409,0.35970991185182927,1.0,0.4,102088,0.7863714694976807
formal_matrix,fiqa,bge_small_en_v15,127,2994,0.15642624200758548,0.14285714285714285,0.3333333333333333,138428,0.6888788938522339
formal_matrix,fiqa,bge_small_en_v15,127,89,0.15130120674940672,0.3333333333333333,0.6666666666666666,188893,0.8042677044868469
